Price,Close,High,Low,Open,Volume
Ticker,NKE,NKE,NKE,NKE,NKE
Date,,,,,
1994-01-03,1.0368366241455078,1.0451529851262555,1.0257474660093446,1.0285195863362606,11939200
1994-01-04,1.0811938047409058,1.086738048205082,1.036837149712127,1.0423813931763029,26793600
1994-01-05,1.0756491422653198,1.086738308680426,1.061787853453688,1.086738308680426,12774400
1994-01-06,1.0756491422653198,1.0839661862839007,1.070104897472269,1.0811940638873754,10876800
1994-01-07,1.092283010482788,1.0978272541600713,1.0784210476318428,1.092283010482788,15024000
1994-01-10,1.1089166402816772,1.1144615618975877,1.0950553514854073,1.0978274738788605,14230400
1994-01-11,1.1089166402816772,1.1089166402816772,1.0922832290919542,1.1089166402816772,13478400
1994-01-12,1.1421842575073242,1.1421842575073242,1.0950554646329798,1.1089167548614798,22896000
1994-01-13,1.1449568271636963,1.1477296277551212,1.1255512839997504,1.131095531523924,24307200
1994-01-14,1.1588184833526611,1.1726797752092255,1.1421843916614611,1.1449565146669434,14966400
1994-01-17,1.1505005359649658,1.1532726567981904,1.1477284151317413,1.1532726567981904,11577600
1994-01-18,1.1449568271636963,1.1671351709190674,1.1421847034016095,1.153273875279295,17225600
1994-01-19,1.1366398334503174,1.1421840779384473,1.122777868572057,1.1421840779384473,14025600
1994-01-20,1.1643624305725098,1.1726794742838442,1.1338670548502705,1.1366398539733686,10137600
1994-01-21,1.1505005359649658,1.167133937792936,1.1477284151317413,1.167133937792936,6252800
1994-01-24,1.1449568271636963,1.1505017515172082,1.136640455877436,1.1449568271636963,4675200
1994-01-25,1.1310946941375732,1.1449559795153832,1.125550450717984,1.139411736095794,4905600
1994-01-26,1.1338671445846558,1.1394120664406977,1.1283228995576473,1.1283228995576473,3974400
1994-01-27,1.1061440706253052,1.1310945157358245,1.1033719493527432,1.1283223944632625,7888000
1994-01-28,1.1116888523101807,1.1200058969901445,1.1033724844592756,1.106144607076244,6838400
1994-01-31,1.1089166402816772,1.1394120170966744,1.103372395494771,1.1144615618975877,13142400
1994-02-01,1.1116888523101807,1.1172337743731762,1.1033724844592756,1.1144616517562078,5737600
1994-02-02,1.1116888523101807,1.136639986350072,1.1033724844592756,1.1116888523101807,12259200
1994-02-03,1.1172337532043457,1.1227779983332327,1.1033724635530824,1.1089167086819693,7142400
1994-02-04,1.1200062036514282,1.1421845443177931,1.114461956899459,1.1172340802754437,11088000
1994-02-07,1.1089166402816772,1.1144615618975877,1.0839661850825906,1.0978274738788605,13830400
1994-02-08,1.1116888523101807,1.1144616517562078,1.1033724844592756,1.1116888523101807,7520000
1994-02-09,1.1310946941375732,1.1338668158473677,1.1144612870499686,1.1172334087597633,9507200
1994-02-10,1.1172337532043457,1.1310950428556088,1.1144616306399022,1.1310950428556088,4812800
1994-02-11,1.1089166402816772,1.120005806684494,1.0978274738788605,1.1089166402816772,4608000
1994-02-14,1.1116888523101807,1.1172337743731762,1.1033724844592756,1.1089167296932123,9257600
1994-02-15,1.1172337532043457,1.1200058757687892,1.1061445861175259,1.1089167086819693,3379200
1994-02-16,1.1366398334503174,1.1421840779384473,1.1200057463279922,1.122777868572057,5305600
1994-02-17,1.1394116878509521,1.1421838094433698,1.1283225246524728,1.1338667678373082,7836800
1994-02-18,1.1366398334503174,1.153273243743675,1.1338670343772848,1.1421840779384473,9155200
1994-02-22,1.1338671445846558,1.147729110810244,1.1310950220711515,1.1366399439271935,5929600
1994-02-23,1.1449568271636963,1.1477296277551212,1.131095531523924,1.1394125796395227,11564800
1994-02-24,1.1172337532043457,1.139412087377985,1.1172337532043457,1.139412087377985,14278400
1994-02-25,1.1200062036514282,1.128323250608626,1.1172340802754437,1.122778327027413,6220800
1994-02-28,1.147729516029358,1.1532737630138268,1.120006250619197,1.120006250619197,18332800
1994-03-01,1.1449568271636963,1.1449568271636963,1.1255512839997504,1.1421847034016095,12080000
1994-03-02,1.1421842575073242,1.1505013023760537,1.125550844598939,1.125550844598939,11446400
1994-03-03,1.1255507469177246,1.1366399135039633,1.1200058252100977,1.1366399135039633,11216000
1994-03-04,1.1505005359649658,1.1505005359649658,1.1227772971468517,1.1283222156419237,12502400
1994-03-07,1.1843394041061401,1.1898863218976485,1.1455082709443067,1.1455082709443067,20921600
1994-03-08,1.2148491144180298,1.234263997946406,1.1982070117878643,1.2009804698411874,35043200
1994-03-09,1.200980544090271,1.2065281376950034,1.1787915239816509,1.2037546794702145,12057600
1994-03-10,1.1704716682434082,1.195434157644097,1.159377153270274,1.192660698189677,9961600
1994-03-11,1.1760177612304688,1.181565353398668,1.1621497965424392,1.1760177612304688,5971200
1994-03-14,1.18711256980896,1.1898860280197259,1.1649235498125308,1.1732446015999796,6124800
1994-03-15,1.209301233291626,1.209301233291626,1.167696663774965,1.1815653050504864,9353600
1994-03-16,1.2758684158325195,1.2952839740578581,1.2536793999049975,1.2536793999049975,45244800
1994-03-17,1.2647743225097656,1.2758688341107285,1.2536798109088028,1.2758688341107285,13977600
1994-03-18,1.2675471305847168,1.27032126492764,1.2592267590206516,1.2675471305847168,9459200
1994-03-21,1.2758684158325195,1.2814160083919137,1.2647739078687585,1.2703215004281525,5139200
1994-03-22,1.2897363901138306,1.2952839827102822,1.270321508913829,1.270321508913829,10470400
1994-03-23,1.2592277526855469,1.2869637007621864,1.2592277526855469,1.2869637007621864,5417600
1994-03-24,1.2425848245620728,1.2620003817346026,1.234263774751704,1.2620003817346026,6787200
1994-03-25,1.2370377779006958,1.2481322840829672,1.231490186232101,1.2425846924143724,3433600
1994-03-28,1.2342641353607178,1.245358645964309,1.231490676998617,1.2370382708780068,8620800
1994-03-29,1.2203956842422485,1.239811239416651,1.2120746352882303,1.237037782150285,12377600
1994-03-30,1.1787912845611572,1.2203958581034378,1.1760178268996764,1.2203958581034378,11590400
1994-03-31,1.1760177612304688,1.1954333180866978,1.1593763390358292,1.1954333180866978,13334400
1994-04-04,1.1676971912384033,1.1815658387785664,1.1593768153006145,1.1649237325924737,12649600
1994-04-05,1.1760177612304688,1.1871122684118882,1.1732443037238587,1.1760177612304688,8208000
1994-04-06,1.212074875831604,1.2231693842537583,1.1649233843262117,1.1815654855369706,15110400
1994-04-07,1.2703219652175903,1.2758688826514812,1.2120752692300885,1.2148494051023087,10294400
1994-04-08,1.2897363901138306,1.303605033027444,1.2592270008759572,1.262000458596667,21110400
1994-04-11,1.2897363901138306,1.2952839827102822,1.275868424355249,1.2925105249895723,6873600
1994-04-12,1.2786418199539185,1.2952839197796955,1.2758683623679552,1.286962869866807,8025600
1994-04-13,1.2592277526855469,1.2980582154239295,1.2564536161535342,1.2758691861004434,12665600
1994-04-14,1.2481327056884766,1.2481327056884766,1.2259436858287271,1.2481327056884766,7452800
1994-04-15,1.2453587055206299,1.2509062996653202,1.2370383300364256,1.2481328411705854,4054400
1994-04-18,1.2037546634674072,1.2481327030946823,1.1982070699364251,1.2453585677516184,6128000
1994-04-19,1.1954331398010254,1.2148486937616385,1.1871120913672086,1.198206596894005,13328000
1994-04-20,1.18711256980896,1.2009805380179404,1.1787915180215112,1.18711256980896,6972800
1994-04-21,1.1982073783874512,1.2148494861093815,1.1898863245264861,1.1982073783874512,7840000
1994-04-22,1.2037546634674072,1.2120750380311622,1.1982070699364251,1.1982070699364251,4688000
1994-04-25,1.209301233291626,1.209301233291626,1.1982067265641798,1.209301233291626,2195200
1994-04-26,1.1982073783874512,1.2065284322484164,1.192660460583688,1.2065284322484164,2518400
1994-04-28,1.1954331398010254,1.2093011024208014,1.1871120913672086,1.198206596894005,10697600
1994-04-29,1.1898858547210693,1.2009803631034455,1.1871123969142385,1.1898858547210693,3027200
1994-05-02,1.1954331398010254,1.2037541882348424,1.184338634274229,1.1954331398010254,6681600
1994-05-03,1.1954331398010254,1.198206596894005,1.189885548460188,1.1954331398010254,3820800
1994-05-04,1.192659616470337,1.1954330734092846,1.1871120254376006,1.1954330734092846,7216000
1994-05-05,1.1843394041061401,1.1926604579487214,1.181565945210386,1.1898863218976485,2246400
1994-05-06,1.1843394041061401,1.1871128630018943,1.1760183502635588,1.178791809159313,5414400
1994-05-09,1.1982073783874512,1.2148494861093815,1.192660460583688,1.192660460583688,7315200
1994-05-10,1.22871732711792,1.2370383800940623,1.2176228155348128,1.2314907857248847,11964800
1994-05-11,1.2203956842422485,1.2231691415086143,1.2120746352882303,1.2176222269758827,7382400
1994-05-12,1.2453587055206299,1.2592273523047453,1.2231696832523105,1.2287172773970005,6598400
1994-05-13,1.2786418199539185,1.286962869866807,1.2398113822854366,1.2509058897842884,9632000
1994-05-16,1.2647743225097656,1.2814164284888345,1.2647743225097656,1.278642292722157,11750400
1994-05-17,1.2564531564712524,1.2647742087121028,1.2481327813855903,1.2509062397474777,3964800
1994-05-18,1.2786418199539185,1.2786418199539185,1.259226939697177,1.2647738548691034,9913600
1994-05-19,1.339661955833435,1.3479830057839537,1.2786418257363006,1.2786418257363006,20368000
1994-05-20,1.3119256496429443,1.3202467015042394,1.2869631712142164,1.31747324326886,17686400
1994-05-23,1.3507564067840576,1.3590774563859136,1.3063783784474559,1.3119252934120444,15513600
1994-05-24,1.345208764076233,1.3729453693210258,1.3313408000313105,1.3507563559871707,7500800
1994-05-25,1.3368892669677734,1.3479837808963218,1.3230206166905445,1.3368892669677734,14758400
1994-05-26,1.3313415050506592,1.3396625587460524,1.3202469925085702,1.3368890998993568,4739200
1994-05-27,1.3174728155136108,1.331340779343033,1.3174728155136108,1.3230197301834048,8601600
1994-05-31,1.3091520071029663,1.3202465156377372,1.3036050914131119,1.3202465156377372,6595200
1994-06-01,1.2897363901138306,1.303605033027444,1.2897363901138306,1.303605033027444,9398400
1994-06-02,1.2814154624938965,1.2952834222519276,1.2786413288184995,1.2952834222519276,6508800
1994-06-03,1.2841895818710327,1.2897364977754855,1.2675474798474984,1.2758685308592657,10854400
1994-06-06,1.2597712278366089,1.2930691367999418,1.2597712278366089,1.2847444901971856,7168000
1994-06-07,1.2569960355758667,1.2625460264186816,1.248672065483297,1.2542213788783434,15884800
1994-06-08,1.3152673244476318,1.318041979950159,1.2653201381647583,1.2708701266172895,11932800
1994-06-09,1.3124926090240479,1.3208172568958445,1.3097179522160476,1.3124926090240479,5462400
1994-06-10,1.3235913515090942,1.3374659845514436,1.312492051543719,1.3180420402501605,6128000
1994-06-13,1.304168701171875,1.318042663325322,1.3013933667829234,1.318042663325322,3651200
1994-06-14,1.3291417360305786,1.348565686116265,1.3097177859448923,1.3097177859448923,8675200
1994-06-15,1.3124926090240479,1.3374665526394378,1.3041686386000466,1.3291419047676412,6332800
1994-06-16,1.3152673244476318,1.318041979950159,1.3041680249900462,1.3097173359951007,6838400
1994-06-17,1.3097174167633057,1.3152674055580957,1.304168105416034,1.3124920724369415,7376000
1994-06-20,1.304168701171875,1.3097180150541226,1.2902940615706002,1.304168701171875,3904000
1994-06-21,1.304168701171875,1.3069433581129988,1.2930693959595518,1.3013933667829234,4832000
1994-06-22,1.3124926090240479,1.3263672479596407,1.301393304344251,1.3041686386000466,5468800
1994-06-23,1.2986185550689697,1.3180425062374936,1.295843898458537,1.3180425062374936,9347200
1994-06-24,1.2764196395874023,1.301392897956564,1.2764196395874023,1.301392897956564,4227200
1994-06-27,1.2680950164794922,1.2708703499171394,1.2486717471015352,1.2708703499171394,10995200
1994-06-28,1.2625457048416138,1.2764196622432282,1.2625457048416138,1.2653203608324175,6224000
1994-06-29,1.2958436012268066,1.304168246596402,1.2569957078004226,1.2569957078004226,8604800
1994-06-30,1.3263664245605469,1.3291410796460605,1.3097171391527147,1.3097171391527147,5920000
1994-07-01,1.3485652208328247,1.3568891873281383,1.3291412774488085,1.3291412774488085,8124800
1994-07-05,1.3457902669906616,1.359664903286232,1.3430156107106141,1.3541149132784704,8640000
1994-07-06,1.3152673244476318,1.3430152343678576,1.3152673244476318,1.3430152343678576,7564800
1994-07-07,1.331916093826294,1.331916093826294,1.2930688798134724,1.3097174922625223,10684800
1994-07-08,1.379088282585144,1.3874129295242192,1.3652143226518318,1.3707643130937883,21603200
1994-07-11,1.3929630517959595,1.4040623562825896,1.3763137563421226,1.3818637473093296,14835200
1994-07-12,1.376313328742981,1.3874126297812308,1.362439371807062,1.3874126297812308,8233600
1994-07-13,1.379088282585144,1.398512232960413,1.379088282585144,1.3846382730271007,9398400
1994-07-14,1.387412667274475,1.390187323247126,1.3818633553291728,1.384638011301824,8057600
1994-07-15,1.356890082359314,1.387413345318297,1.354115425030658,1.387413345318297,12867200
1994-07-18,1.379088282585144,1.3846382730271007,1.3568896757127566,1.3596650096575946,10585600
1994-07-19,1.3957369327545166,1.4068362310717544,1.3846376344372786,1.3846376344372786,10761600
1994-07-20,1.4040621519088745,1.4179361111357383,1.3985121617495182,1.401286818105354,14140800
1994-07-21,1.387412667274475,1.401286624585322,1.387412667274475,1.401286624585322,5814400
1994-07-22,1.356890082359314,1.381864030660985,1.356890082359314,1.381864030660985,5369600
1994-07-25,1.3652145862579346,1.3679892432908052,1.351340623645731,1.351340623645731,8636800
1994-07-26,1.3679890632629395,1.3679890632629395,1.3541151024765543,1.3624397499274898,4512000
1994-07-27,1.3985121250152588,1.4040621150288355,1.3652142172768003,1.3652142172768003,7961600
1994-07-28,1.381862998008728,1.3929622964768809,1.3735383547957594,1.3929622964768809,3708800
1994-07-29,1.3652145862579346,1.3818638833508587,1.3652145862579346,1.3818638833508587,4774400
1994-08-01,1.376313328742981,1.37908798464065,1.365214027704731,1.3707640169476427,3283200
1994-08-02,1.379088282585144,1.390187586021338,1.373538969590907,1.3846382730271007,4758400
1994-08-03,1.4068371057510376,1.4096117626935953,1.376313847039416,1.376313847039416,4105600
1994-08-04,1.420710802078247,1.4318101052194834,1.4123861553603945,1.4123861553603945,9676800
1994-08-05,1.4318100214004517,1.437360011370021,1.409611416417499,1.4179360626480217,4528000
1994-08-08,1.423485517501831,1.434584821103108,1.4179362044250574,1.4262608514879476,6044800
1994-08-09,1.4262614250183105,1.4318107403265832,1.4096121241974888,1.4179367746078997,10457600
1994-08-10,1.420710802078247,1.4290354487960997,1.4096114989370108,1.4290354487960997,11939200
1994-08-11,1.4123860597610474,1.4262606958342445,1.4040620910543158,1.4151613934442802,5945600
1994-08-12,1.420710802078247,1.4373600955139523,1.4151614892314797,1.4179361456548634,10672000
1994-08-15,1.420710802078247,1.426260792372716,1.4179361456548634,1.426260792372716,6150400
1994-08-16,1.4651085138320923,1.4651085138320923,1.431810593063181,1.4373605852486324,17939200
1994-08-17,1.4512338638305664,1.4567831759460286,1.4429092182097607,1.4540085198882975,10972800
1994-08-18,1.376313328742981,1.4484591242153915,1.376313328742981,1.4456837908701492,6358400
1994-08-19,1.4318100214004517,1.4345846776614053,1.3763135089430698,1.3763135089430698,22268800
1994-08-22,1.4262614250183105,1.4318107403265832,1.4179367746078997,1.4234860899161723,3017600
1994-08-23,1.448459506034851,1.4595588099989198,1.4207109074008033,1.4207109074008033,7110400
1994-08-24,1.467882752418518,1.4734327430205745,1.448459478930668,1.4512341355078267,10467200
1994-08-25,1.456783413887024,1.4789820208698652,1.451234100865175,1.4678827173784446,6128000
1994-08-26,1.448459506034851,1.4706581139629886,1.4262608981067135,1.4651081232570784,5225600
1994-08-29,1.4373595714569092,1.448458870551374,1.4345842385977021,1.4456835376921668,7859200
1994-08-30,1.423485517501831,1.4401348116276111,1.4151615478866706,1.4373601550892243,10921600
1994-08-31,1.4290350675582886,1.43180972324145,1.4207104230612837,1.4290350675582886,6953600
1994-09-01,1.4373595714569092,1.4373595714569092,1.4234849395032374,1.4345842385977021,3161600
1994-09-02,1.4184836149215698,1.4351386589885913,1.410155754033426,1.4295872035360062,1996800
1994-09-06,1.424034595489502,1.4323624536004858,1.4129310105778703,1.4129310105778703,3862400
1994-09-07,1.4184836149215698,1.4212593426478624,1.4073800263071334,1.4212593426478624,5974400
1994-09-08,1.4573463201522827,1.4573463201522827,1.4157083573035538,1.4157083573035538,7964800
1994-09-09,1.4379150867462158,1.4490186755330234,1.4323629534981739,1.446242270054364,7558400
1994-09-12,1.4212592840194702,1.4379150051086924,1.4157078287958882,1.4379150051086924,3196800
1994-09-13,1.42958664894104,1.43513810223999,1.4157073379846619,1.4240345179330869,3465600
1994-09-14,1.4212592840194702,1.4323628721758723,1.4184835564076792,1.4323628721758723,4947200
1994-09-15,1.4101557731628418,1.42403508969185,1.382397140104825,1.4157079064000102,9792000
1994-09-16,1.4545700550079346,1.460122187965639,1.4046042469348017,1.4073799745590334,16374400
1994-09-19,1.3962759971618652,1.4740010929403322,1.393500270311326,1.465673234679662,14540800
1994-09-20,1.321326494216919,1.410155166097048,1.3157750410789026,1.410155166097048,21836800
1994-09-21,1.3435343503952026,1.3435343503952026,1.3213271710498273,1.3268793047408365,18291200
1994-09-22,1.335206151008606,1.3518618701596832,1.3324304237198128,1.3463097378729376,5363200
1994-09-23,1.3296550512313843,1.3379829130290997,1.3268793232019258,1.3324307792608427,9145600
1994-09-26,1.315774917602539,1.3379820834885827,1.315774917602539,1.3241020965281156,8873600
1994-09-27,1.3129992485046387,1.3268792432340968,1.3129992485046387,1.3213271098004538,5564800
1994-09-28,1.3185515403747559,1.3296551308669446,1.315775812179054,1.315775812179054,6553600
1994-09-29,1.2963438034057617,1.3129988431462294,1.2963438034057617,1.3129988431462294,4166400
1994-09-30,1.315774917602539,1.3296542268540863,1.2907913476990502,1.2907913476990502,9318400
1994-10-03,1.3102229833602905,1.3157751145171752,1.2991193987555423,1.3157751145171752,4931200
1994-10-04,1.301895260810852,1.3241024323287733,1.2907916750518915,1.3157752512913716,8188800
1994-10-05,1.335206151008606,1.3407582832953515,1.2963439358380242,1.2963439358380242,12924800
1994-10-06,1.3379827737808228,1.3435342292619814,1.3296549128498154,1.340758501521402,3686400
1994-10-07,1.3463099002838135,1.3490863056166948,1.3213269962525667,1.3324305844563697,3318400
1994-10-10,1.3546379804611206,1.3546379804611206,1.3435343904573411,1.3435343904573411,3161600
1994-10-11,1.376844882965088,1.3796206104792461,1.362965567685082,1.362965567685082,4000000
1994-10-12,1.376844882965088,1.3796206104792461,1.3657412951992403,1.3740691554509294,5376000
1994-10-13,1.3907239437103271,1.396276075431689,1.3823967626919196,1.3879482167041912,6182400
1994-10-14,1.3712939023971558,1.3851732224793323,1.3657417677386159,1.3851732224793323,2275200
1994-10-17,1.360189437866211,1.3712930223479392,1.3490858533844827,1.3712930223479392,3081600
1994-10-18,1.3546379804611206,1.3657415704649003,1.3490865243139063,1.360190114317686,2876800
1994-10-19,1.3490859270095825,1.3629652389419398,1.3463095224558705,1.3490859270095825,2153600
1994-10-20,1.368517279624939,1.374069413404771,1.3463100999242934,1.3490865056688803,2304000
1994-10-21,1.3518620729446411,1.3712935222993101,1.3518620729446411,1.3574135283549689,2774400
1994-10-24,1.335206151008606,1.3518618701596832,1.335206151008606,1.3407582832953515,2883200
1994-10-25,1.3518620729446411,1.354637800649805,1.3296548958848082,1.3296548958848082,2489600
1994-10-26,1.3546379804611206,1.3685172985385077,1.3490865243139063,1.3518622523875135,1929600
1994-10-27,1.360189437866211,1.3629651645593897,1.3490858533844827,1.3490858533844827,1600000
1994-10-28,1.3657416105270386,1.3823973348759562,1.3629658823720092,1.3629658823720092,3558400
1994-10-31,1.3518620729446411,1.3657413891797214,1.3518620729446411,1.3629656614745576,6425600
1994-11-01,1.3379827737808228,1.3546378179335679,1.3324306405903947,1.3490863624524094,10233600
1994-11-02,1.3241022825241089,1.3379822714342913,1.3213265558256786,1.3324301403284153,6179200
1994-11-03,1.3379827737808228,1.3379827737808228,1.3185513241782287,1.326879185109236,2156800
1994-11-04,1.3241022825241089,1.354637309333889,1.3241022825241089,1.3324301403284153,3043200
1994-11-07,1.3657416105270386,1.3740694727014975,1.3463101580230918,1.3574137483525799,10070400
1994-11-08,1.360189437866211,1.3685166179457469,1.3463094489822904,1.3657408912525681,6518400
1994-11-09,1.3851728439331055,1.3962764325062982,1.3657413945027024,1.3712935276439304,7756800
1994-11-10,1.3546379804611206,1.390724478546067,1.3546379804611206,1.3851730223988525,5347200
1994-11-11,1.3546379804611206,1.3657415704649003,1.3518622523875135,1.3518622523875135,2595200
1994-11-14,1.3740692138671875,1.3768449414993513,1.357413492655719,1.357413492655719,2713600
1994-11-15,1.3879482746124268,1.390724001734372,1.3740689612935821,1.3740689612935821,3980800
1994-11-16,1.424034595489502,1.4323624536004858,1.3823966603526632,1.3879481139539591,7200000
1994-11-17,1.432362675666809,1.4351384028977918,1.4073797751696744,1.421259089033733,5804800
1994-11-18,1.4379150867462158,1.4490186755330234,1.4268114979594082,1.4295872257287912,9363200
1994-11-21,1.4157077074050903,1.450406417418583,1.4157077074050903,1.44069060918751,3459200
1994-11-22,1.4101557731628418,1.4379150839301338,1.4101557731628418,1.4157079064000102,6825600
1994-11-23,1.4212592840194702,1.4268114169522903,1.407379968251277,1.4129314234748591,6083200
1994-11-25,1.4101557731628418,1.4268114951650719,1.4101557731628418,1.4184836341639568,1062400
1994-11-28,1.4212592840194702,1.4295871445640813,1.4129314234748591,1.4129314234748591,3670400
1994-11-29,1.4212592840194702,1.4240350116312612,1.4129314234748591,1.4157078287958882,4000000
1994-11-30,1.4184836149215698,1.4268114758097137,1.410155754033426,1.4240350703741549,11564800
1994-12-01,1.4129313230514526,1.42681131554237,1.4129313230514526,1.4212591830041652,6483200
1994-12-02,1.42958664894104,1.42958664894104,1.4129309336261837,1.4157073379846619,4380800
1994-12-05,1.4302761554718018,1.435830286302266,1.4247213466054673,1.4247213466054673,3366400
1994-12-06,1.4691566228866577,1.483043301473843,1.4274986212320444,1.4274986212320444,7337600
1994-12-07,1.4747121334075928,1.477489199235509,1.452494250712322,1.4636031920599575,6390400
1994-12-08,1.4636032581329346,1.4802663318886409,1.4636032581329346,1.4663803240862188,8131200
1994-12-09,1.4552713632583618,1.4608261731284893,1.449717231424227,1.4524942973412944,5315200
1994-12-12,1.4497166872024536,1.4524937520770145,1.4330529418836122,1.4330529418836122,4403200
1994-12-13,1.4663804769515991,1.4719352874732397,1.446939657179965,1.446939657179965,7648000
1994-12-14,1.5108160972595215,1.5163709072233307,1.466380329693065,1.466380329693065,13977600
1994-12-15,1.5108160972595215,1.519147973187233,1.508039031295619,1.5108160972595215,8396800
1994-12-16,1.4858206510543823,1.5108155924499407,1.4858206510543823,1.5108155924499407,10723200
1994-12-19,1.4663804769515991,1.485821296723233,1.4636034107088147,1.485821296723233,15187200
1994-12-20,1.5913550853729248,1.596909892994211,1.5330333345458702,1.5469193365455083,43113600
1994-12-21,1.6469006538391113,1.666341473876693,1.5802469948840434,1.5830247392008991,24771200
1994-12-22,1.6746727228164673,1.6774497880559474,1.6219050930872074,1.6302369668414751,17996800
1994-12-23,1.6663413047790527,1.6774502468109131,1.6580094287461542,1.6635642387800909,8636800
1994-12-27,1.6941133737564087,1.6996675037048832,1.6663406899067483,1.6663406899067483,7526400
1994-12-28,1.6413464546203613,1.6885592916204728,1.6385693884523675,1.6885592916204728,4976000
1994-12-29,1.6524553298950195,1.6580094620043544,1.6413463876403238,1.6413463876403238,6352000
1994-12-30,1.6580089330673218,1.6691178717780506,1.6552318678985922,1.6552318678985922,3795200
1995-01-03,1.5996880531311035,1.6441238323847451,1.5996880531311035,1.6441238323847451,21308800
1995-01-04,1.5969104766845703,1.6107964837597142,1.5885786012250975,1.599687542492406,12208000
1995-01-05,1.5969104766845703,1.6107964837597142,1.5941334108767347,1.5941334108767347,7913600
1995-01-06,1.585801362991333,1.605242177604293,1.5719153574260298,1.5913554940030974,8915200
1995-01-09,1.5969104766845703,1.599687542492406,1.5802467257656247,1.5802467257656247,3152000
1995-01-10,1.5996880531311035,1.6163518093693103,1.5996880531311035,1.6024651198254105,12022400
1995-01-11,1.594132900238037,1.6080189028651641,1.5774691546568858,1.6024640949928641,6268800
1995-01-12,1.594132900238037,1.6024640949928641,1.588578092365737,1.5913551572840128,5088000
1995-01-13,1.6024643182754517,1.6080191269217423,1.5885783137134903,1.5885783137134903,8243200
1995-01-16,1.6219044923782349,1.6302363630466061,1.599686622619629,1.599686622619629,8688000
1995-01-17,1.6163506507873535,1.62190478019483,1.6107958433441805,1.6163506507873535,11456000
1995-01-18,1.6107966899871826,1.6163515003499924,1.5969106811342375,1.6163515003499924,6342400
1995-01-19,1.5913550853729248,1.6052417654082811,1.585800955787357,1.6052417654082811,6080000
1995-01-20,1.5969104766845703,1.5969104766845703,1.5802467257656247,1.591355667032933,6521600
1995-01-23,1.6330139636993408,1.6330139636993408,1.591355274708265,1.591355274708265,7571200
1995-01-24,1.6080191135406494,1.627459926587125,1.5830241699299454,1.627459926587125,6934400
1995-01-25,1.6219044923782349,1.6357904914684696,1.5969095584086972,1.5969095584086972,9116800
1995-01-26,1.6135735511779785,1.621905426645767,1.608019419556764,1.6191283608351599,4147200
1995-01-27,1.6246824264526367,1.6357913672797246,1.6219053607548495,1.6219053607548495,3292800
1995-01-30,1.6163506507873535,1.6330137170454797,1.6163506507873535,1.619127715491092,3984000
1995-01-31,1.5774693489074707,1.6052420356174197,1.5496973402333538,1.6052420356174197,12064000
1995-02-01,1.552474856376648,1.5663608647465999,1.5274799057035287,1.5663608647465999,16278400
1995-02-02,1.552474856376648,1.5719156749161982,1.5496977903098634,1.5552519224434325,5372800
1995-02-03,1.5774693489074707,1.5941330965406066,1.5552514707538443,1.5552514707538443,8195200
1995-02-06,1.5385890007019043,1.5830247743245427,1.533034189981026,1.5830247743245427,17148800
1995-02-07,1.552474856376648,1.558028988510217,1.544142980140265,1.544142980140265,11196800
1995-02-08,1.5441433191299438,1.552475197195445,1.5385891857770617,1.552475197195445,5497600
1995-02-09,1.5441433191299438,1.5552522638718858,1.5441433191299438,1.5441433191299438,3776000
1995-02-10,1.560806393623352,1.5635834590869893,1.5469197102334031,1.5469197102334031,9104000
1995-02-13,1.5691362619400024,1.574691066201723,1.5635821357135897,1.5635821357135897,3561600
1995-02-14,1.5691362619400024,1.5691362619400024,1.5635821357135897,1.5663591988267962,3011200
1995-02-15,1.552474856376648,1.5746927409829827,1.5496977903098634,1.5746927409829827,8390400
1995-02-16,1.5552513599395752,1.5580284250019498,1.5441424216542925,1.5580284250019498,3865600
1995-02-17,1.558028221130371,1.5608059638650558,1.5469192842987185,1.5552511564313818,4051200
1995-02-21,1.5885783433914185,1.5913554087485235,1.5524744596414868,1.5552515249985917,18086400
1995-02-22,1.5885783433914185,1.5941331521414843,1.5691375298199721,1.5858012780343136,8960000
1995-02-23,1.6107966899871826,1.6107966899871826,1.594133614970859,1.594133614970859,9280000
1995-02-24,1.635791301727295,1.635791301727295,1.6080192897904755,1.610796355376975,4032000
1995-02-27,1.6135735511779785,1.6441233092025584,1.5996875440889757,1.6441233092025584,9699200
1995-02-28,1.5969104766845703,1.6246824908348583,1.5969104766845703,1.6163512934113515,5424000
1995-03-01,1.6191281080245972,1.6191281080245972,1.5913554201470506,1.5969102289369042,5024000
1995-03-02,1.6469006538391113,1.6469006538391113,1.6135738243615774,1.6219057012399811,6790400
1995-03-03,1.6524553298950195,1.6580094620043544,1.6357915774949627,1.6413463876403238,5792000
1995-03-06,1.6420310735702515,1.6531446499085969,1.62258214539843,1.64758752257999,3830400
1995-03-07,1.628138780593872,1.6448088009031534,1.6225816549450027,1.6420305772380503,4364800
1995-03-08,1.6642580032348633,1.6781498022165644,1.6225819279709828,1.633695502820099,14953600
1995-03-09,1.667037010192871,1.6892641703287758,1.6531452046877044,1.6614805593184427,18537600
1995-03-10,1.7003757953643799,1.7170464854584826,1.6642568712515782,1.6725922162986295,14540800
1995-03-13,1.7198253870010376,1.725381833681556,1.697598243641795,1.7003764669820542,8636800
1995-03-14,1.686484694480896,1.7198254099649404,1.686484694480896,1.7198254099649404,4982400
1995-03-15,1.6975990533828735,1.7031555027137737,1.6864854764021655,1.6892637010676157,11113600
1995-03-16,1.7337172031402588,1.7337172031402588,1.6837064691320474,1.694820040947049,21235200
1995-03-17,1.6948206424713135,1.708712442590883,1.6781499396727637,1.700377091191608,26892800
1995-03-20,1.6837053298950195,1.7003753371788832,1.6781482085883097,1.6948188941903064,14745600
1995-03-21,1.6392525434494019,1.6892632884887098,1.6336954171568445,1.6892632884887098,11769600
1995-03-22,1.647587776184082,1.653144904368067,1.636474198135085,1.64203132631907,9296000
1995-03-23,1.6420310735702515,1.6448092980751208,1.6364739462416447,1.6420310735702515,4742400
1995-03-24,1.6559224128723145,1.6670359861130681,1.6475870633620793,1.6475870633620793,9068800
1995-03-27,1.6753712892532349,1.678149512906859,1.6587005906941676,1.6642577163200767,8268800
1995-03-28,1.6642580032348633,1.680928026349149,1.6642580032348633,1.6753715780839795,14179200
1995-03-29,1.6420310735702515,1.669814675256681,1.6364739462416447,1.6670364507518116,12550400
1995-03-30,1.6587008237838745,1.6725933006415643,1.6475872492889765,1.6531443756958033,8108800
1995-03-31,1.667037010192871,1.669815235630085,1.6392533991825378,1.6448098500569661,9408000
1995-04-03,1.692042350769043,1.694821254451453,1.661480515134235,1.661480515134235,5408000
1995-04-04,1.689262866973877,1.705933563373037,1.6559221524941294,1.694819991879788,10179200
1995-04-05,1.6837053298950195,1.6892617728835964,1.6642564227987344,1.6892617728835964,8041600
1995-04-06,1.6753712892532349,1.7059337843990845,1.6698141636273256,1.6864848621863928,7840000
1995-04-07,1.667037010192871,1.6837077194543477,1.6614805593184427,1.6809288156980375,5068800
1995-04-10,1.6642580032348633,1.6698144515000328,1.653144428385747,1.667036227367448,3043200
1995-04-11,1.6642580032348633,1.667036227367448,1.6559226525183317,1.667036227367448,3046400
1995-04-12,1.667037010192871,1.6670370101928709,1.6559234301249186,1.6587016555621326,4384000
1995-04-13,1.6642580032348633,1.6725933539513949,1.6614797791022786,1.667036227367448,5398400
1995-04-17,1.6336952447891235,1.664257740376751,1.6253598953891033,1.664257740376751,7491200
1995-04-18,1.6531444787979126,1.6531444787979126,1.6364737768564812,1.6392526793925852,8403200
1995-04-19,1.630916714668274,1.6531438566797034,1.628138491496481,1.6531438566797034,52777600
1995-04-20,1.6142464876174927,1.6281389641465405,1.5753493169648825,1.6281389641465405,16284800
1995-04-21,1.6253600120544434,1.647587159837474,1.6253600120544434,1.6281389142663614,19561600
1995-04-24,1.6448086500167847,1.6587004453866006,1.6253597295078819,1.6253597295078819,19683200
1995-04-25,1.6642580032348633,1.6725933539513949,1.6448090776692155,1.6448090776692155,8102400
1995-04-26,1.6781494617462158,1.6864848107716353,1.6642576655829435,1.6698141127207966,10918400
1995-04-27,1.6809282302856445,1.6837071330741535,1.6670364296185383,1.6781500058159953,5449600
1995-04-28,1.7031553983688354,1.708712525678182,1.6892635975737675,1.6948207248831142,7740800
1995-05-01,1.708712100982666,1.708712100982666,1.6920414015169467,1.6975985274450855,5548800
1995-05-02,1.7198253870010376,1.7309389586806587,1.7003764669820542,1.7114900386616756,5705600
1995-05-03,1.7531664371490479,1.755944661020351,1.7198257157372692,1.7253821634798754,6979200
1995-05-04,1.7170462608337402,1.769835189816458,1.7170462608337402,1.7559434021009126,9110400
1995-05-05,1.7059334516525269,1.7281605931833837,1.6975981039988235,1.7253816917531304,12192000
1995-05-08,1.7420518398284912,1.7559436293418065,1.7003757929702303,1.7003757929702303,7264000
1995-05-09,1.7420518398284912,1.7448300620674912,1.7253811497578608,1.7448300620674912,4736000
1995-05-10,1.739274263381958,1.7448307099230667,1.7170471205803903,1.736495361792837,3561600
1995-05-11,1.7420518398284912,1.7587218515808065,1.7253811497578608,1.7392736175894912,6185600
1995-05-12,1.7476087808609009,1.7531659052361819,1.739274111775741,1.7420523348041277,4819200
1995-05-15,1.7753922939300537,1.7781705157814072,1.747608040461859,1.747608040461859,10096000
1995-05-16,1.758723258972168,1.772615737921042,1.758723258972168,1.772615737921042,3100800
1995-05-17,1.769836664199829,1.775393790906414,1.7392748414293868,1.7615019916181407,8112000
1995-05-18,1.7476087808609009,1.7698359217250093,1.7476087808609009,1.7698359217250093,5756800
1995-05-19,1.7420518398284912,1.7587218515808065,1.7114893602445456,1.7503871848638064,13603200
1995-05-22,1.764280080795288,1.7670583047765727,1.7420529323075327,1.744831156288817,4227200
1995-05-23,1.7892855405807495,1.7920637646976099,1.7698366151251783,1.7698366151251783,5715200
1995-05-24,1.739274263381958,1.7920632187967562,1.7198253438509445,1.7865067722556478,6307200
1995-05-25,1.758723258972168,1.7642803862154892,1.7059342809143356,1.7364961066365994,11692800
1995-05-26,1.7420518398284912,1.772614319412437,1.7392736175894912,1.7698354188551217,5235200
1995-05-30,1.7337172031402588,1.7531661233961597,1.7253818546993596,1.7364954265143613,4867200
1995-05-31,1.7531664371490479,1.7531664371490479,1.7253821634798754,1.7392746394738186,16784000
1995-06-01,1.7503886222839355,1.7615021986847261,1.7364961430437935,1.7503886222839358,9843200
1995-06-02,1.7837284803390503,1.7892849266663213,1.7364952949645431,1.7448306427739904,12908800
1995-06-05,1.755944848060608,1.786507348856549,1.7476094972401173,1.786507348856549,13763200
1995-06-06,1.7566344738006592,1.759413789081262,1.74551653409306,1.748295849373663,10537600
1995-06-07,1.781649112701416,1.781649112701416,1.7566339258092372,1.7621932332213746,10960000
1995-06-08,1.7705315351486206,1.7816494736402684,1.7621935902187196,1.7788701586636346,2521600
1995-06-09,1.7733114957809448,1.7733114957809446,1.7538549341355807,1.7649728724207743,8016000
1995-06-12,1.831680178642273,1.8400188005297746,1.7788698114680694,1.7788698114680694,11974400
1995-06-13,1.8261209726333618,1.8400189027462472,1.8205623434562221,1.8316802803955197,5001600
1995-06-14,1.8122241497039795,1.826121404518605,1.8066655192122008,1.8205627740268262,5920000
1995-06-15,1.8539154529571533,1.884489937620466,1.8150023490975258,1.8150023490975258,10716800
1995-06-16,1.876151442527771,1.8789307562488013,1.8372383360941205,1.859474203031976,10473600
1995-06-19,1.9011669158935547,1.903946230042493,1.87337241723435,1.87337241723435,7564800
1995-06-20,1.867813229560852,1.9011670372315814,1.8566952936706087,1.8956084085789369,6582400
1995-06-21,1.867813229560852,1.8844904726886937,1.8566952936706087,1.8733725367984506,3625600
1995-06-22,1.8928285837173462,1.898387891448513,1.8594747730853884,1.862254766243479,8025600
1995-06-23,1.8733735084533691,1.8872707658779677,1.862255566796629,1.8844914501101093,3212800
1995-06-26,1.862256646156311,1.8900511771151547,1.862256646156311,1.8678152809138,3769600
1995-06-27,1.840019702911377,1.8789321598281796,1.8372397085288592,1.8622555864596395,4185600
1995-06-28,1.8511364459991455,1.8650336945714459,1.8372385188419713,1.8400185114243306,3004800
1995-06-29,1.8566956520080566,1.8622549603185876,1.8400190842466349,1.8400190842466349,5484800
1995-06-30,1.867813229560852,1.8761518511247728,1.859474607996931,1.859474607996931,2707200
1995-07-03,1.867813229560852,1.867813229560852,1.859474607996931,1.8622546009082075,1123200
1995-07-05,1.876151442527771,1.8789307562488013,1.8566948893109456,1.8733721288067406,5056000
1995-07-06,1.9067262411117554,1.9095055552874198,1.870592442488445,1.870592442488445,9011200
1995-07-07,1.9011669158935547,1.9067262227763422,1.8956082875956781,1.9067262227763422,4377600
1995-07-10,1.9345210790634155,1.945639016299412,1.9011672673554254,1.9039465820181656,14214400
1995-07-11,1.9373012781143188,1.984553041876759,1.9345219621828065,1.9623171572539682,22092800
1995-07-12,1.903946876525879,1.9484186323488784,1.9011675614332266,1.940080687070922,11299200
1995-07-13,1.9178440570831299,1.9234026850886363,1.9039461298996134,1.9039461298996134,6150400
1995-07-14,1.928962230682373,1.928962230682373,1.9067263587355157,1.909505673082633,5408000
1995-07-17,1.9400792121887207,1.951197142692425,1.9345199076445558,1.9345199076445558,5180800
1995-07-18,1.9178440570831299,1.9345206196845244,1.9122847504927483,1.9345206196845244,10428800
1995-07-19,1.865034818649292,1.9234038407005307,1.8511375617009558,1.9122858994248053,9286400
1995-07-20,1.9067262411117554,1.9150641836387492,1.8566951930252042,1.8678131283127803,9491200
1995-07-21,1.909505844116211,1.9234030956815276,1.8983879071469534,1.9095058441162107,8659200
1995-07-24,1.9234036207199097,1.9261829360746485,1.9067270500062703,1.9150649960704873,6604800
1995-07-25,1.953977346420288,1.9567566606670472,1.9234028539511316,1.926182168197891,8083200
1995-07-26,1.976212739944458,1.9901099864044416,1.9567561877496187,1.9567561877496187,10374400
1995-07-27,2.0206854343414307,2.0234647492408175,1.9817723114096373,1.9817723114096373,5993600
1995-07-28,2.0373618602752686,2.062377728380894,2.0373618602752686,2.062377728380894,10940800
1995-07-31,2.0095677375793457,2.0373622470825126,2.004008428527607,2.034582931849231,4294400
1995-08-01,2.029024362564087,2.0401423024176295,1.9984498583205463,2.0151264288082618,4822400
1995-08-02,2.0568180084228516,2.0568180084228516,2.0373614522104617,2.0457000732421875,9136000
1995-08-03,2.0540380477905273,2.0568173610647107,2.0401408028349133,2.0568173610647107,7715200
1995-08-04,2.081833839416504,2.0901724630376686,2.0679365857713106,2.0679365857713106,3635200
1995-08-07,2.137423276901245,2.151321207469073,2.0790542757055057,2.0790542757055057,15561600
1995-08-08,2.0929510593414307,2.1346434845451756,2.0790538104684786,2.1346434845451756,21862400
1995-08-09,2.0929510593414307,2.1012896800991574,2.076274496410866,2.0818331245260913,7238400
1995-08-10,2.0595974922180176,2.0957312934701506,2.051259549084418,2.0929513005073175,8604800
1995-08-11,2.0345823764801025,2.0679361859305962,2.0234644399966046,2.0568182494470983,5526400
1995-08-14,2.042921304702759,2.067936495893912,2.0290240516615725,2.04014198981154,5126400
1995-08-15,2.0179057121276855,2.04292089834304,1.9845519043122277,2.04292089834304,7836800
1995-08-16,2.0540380477905273,2.0568173610647107,2.00400701593174,2.00400701593174,6832000
1995-08-17,2.0790534019470215,2.1040685807199813,2.0595968501970505,2.067935469316289,4969600
1995-08-18,2.0623779296875,2.092951751603577,2.0595979361254915,2.081833813110882,5024000
1995-08-21,2.073495388031006,2.098510574200647,2.0595974591945776,2.0790540166976124,5052800
1995-08-22,2.0595974922180176,2.0790540500330175,2.0540388634622846,2.0790540500330175,4976000
1995-08-23,2.065157175064087,2.065157175064087,2.0457006137113205,2.0595978667125436,3283200
1995-08-24,2.101289749145508,2.101289749145508,2.0651566294545773,2.0651566294545773,8454400
1995-08-25,2.0957319736480713,2.1040699194877837,2.090172664503076,2.0985112889279756,7718400
1995-08-28,2.101289749145508,2.104069063294446,2.0679359436035156,2.101289749145508,8889600
1995-08-29,2.076275587081909,2.1040700994283177,2.0734962715643177,2.1012907839107258,9500800
1995-08-30,2.101289749145508,2.101289749145508,2.073495250486303,2.0790538787841797,11424000
1995-08-31,2.0595974922180176,2.106849229566584,2.0595974922180176,2.106849229566584,6352000
1995-09-01,2.0568180084228516,2.062377315305639,2.042920759093249,2.05959732257179,9731200
1995-09-05,2.0595974922180176,2.0762747356551507,2.0429209273658513,2.051259549084418,7110400
1995-09-06,2.0491652488708496,2.0630678300191048,2.0436047594612368,2.0602869065021867,4982400
1995-09-07,2.0297036170959473,2.046385770383105,2.0158010307422227,2.046385770383105,12272000
1995-09-08,2.0380442142486572,2.0519467996467893,2.0241423076628435,2.0297034775845604,5395200
1995-09-11,2.032484292984009,2.060288113950954,2.032484292984009,2.046386203467481,6332800
1995-09-12,2.032484292984009,2.046386203467481,2.0241428751689217,2.038044785652394,2147200
1995-09-13,2.074190139770508,2.107555123154385,2.0380442319953977,2.0436054019655394,25862400
1995-09-14,2.0797500610351562,2.0992131323788943,2.074189571401025,2.090871719115558,12131200
1995-09-15,2.0575060844421387,2.082529637387779,2.054725840517494,2.0686277389526366,9852800
1995-09-18,2.215989112854004,2.2187700351153756,2.1409184668448678,2.1464789537440017,33942400
1995-09-19,2.3133060932159424,2.332769174761027,2.2159913643030134,2.2159913643030134,30892800
1995-09-20,2.3216469287872314,2.3299883443313334,2.2910621910004068,2.302183852121768,11923200
1995-09-21,2.2910618782043457,2.3216466118154715,2.2855013878089947,2.3216466118154715,15382400
1995-09-22,2.343888521194458,2.3494490082452284,2.2715974378516792,2.282719090765043,13292800
1995-09-25,2.446765184402466,2.446765184402466,2.3411097544821216,2.3411097544821216,16684800
1995-09-26,2.3911571502685547,2.4328635493367856,2.3855966590926982,2.4078399814207776,22851200
1995-09-27,2.3911571502685547,2.4022788114325944,2.3661335823525467,2.382815734692443,9894400
1995-09-28,2.471787929534912,2.5079338214224394,2.38837584714437,2.38837584714437,16595200
1995-09-29,2.471787929534912,2.524615966375737,2.4634471964642763,2.4856905089433576,10390400
1995-10-02,2.5941274166107178,2.5969083411394007,2.474570062685159,2.474570062685159,13481600
1995-10-03,2.5579817295074463,2.5802250488944676,2.5301779196797884,2.5524212390668097,14476800
1995-10-04,2.485691547393799,2.5524215127089036,2.485691547393799,2.5524215127089036,9548800
1995-10-05,2.47456955909729,2.4995931230765054,2.455106485419136,2.4829102945488817,14320000
1995-10-06,2.469007968902588,2.5273965011668524,2.4634474795498504,2.480129626420167,9344000
1995-10-09,2.469007968902588,2.4884710392613774,2.4523258220322712,2.469007968902588,9299200
1995-10-10,2.4439847469329834,2.488471383151048,2.402278355775498,2.446764991993563,10332800
1995-10-11,2.410618782043457,2.4467639894574624,2.3939359608911963,2.438422578881332,5561600
1995-10-12,2.4245219230651855,2.463448073162733,2.4134002628676385,2.4134002628676385,6825600
1995-10-13,2.446765184402466,2.4634480137022448,2.438423769752576,2.446765184402466,7590400
1995-10-16,2.4439847469329834,2.457886651048079,2.432863087878467,2.4412045018724036,4412800
1995-10-17,2.438422679901123,2.466227156702811,2.438422679901123,2.4523252577079413,5376000
1995-10-18,2.4940314292907715,2.4940314292907715,2.441204067295167,2.441204067295167,7971200
1995-10-19,2.4995925426483154,2.524616100816832,2.4995925426483154,2.507933954975175,7104000
1995-10-20,2.466228485107422,2.4995934679539293,2.449545654278011,2.491252052539224,4736000
1995-10-23,2.47456955909729,2.480130049398351,2.455106485419136,2.4717886351345393,5168000
1995-10-24,2.527397871017456,2.527397871017456,2.4801309706520924,2.4801309706520924,3929600
1995-10-25,2.5051541328430176,2.5663236117120327,2.5051541328430176,2.535738872277525,6976000
1995-10-26,2.4829089641571045,2.538517231432806,2.4690070670411433,2.5134936808617043,5510400
1995-10-27,2.488471508026123,2.488471508026123,2.4467651147757508,2.457886774388368,8396800
1995-10-30,2.535738945007324,2.535738945007324,2.4829108806165765,2.4829108806165765,7107200
1995-10-31,2.519056797027588,2.5857867694149097,2.51349562658912,2.5579822748473346,5920000
1995-11-01,2.5579817295074463,2.5579817295074463,2.4912517713463824,2.5134950907334037,4006400
1995-11-02,2.6469554901123047,2.6525166603800656,2.546860534603856,2.5579821963270173,9723200
1995-11-03,2.635833740234375,2.658077062936775,2.6024687561807753,2.646955401585575,5929600
1995-11-06,2.6691980361938477,2.685880863326141,2.6358330607414246,2.6358330607414246,11211200
1995-11-07,2.6691980361938477,2.685880863326141,2.6413942293895767,2.6691980361938477,6768000
1995-11-08,2.6803207397460938,2.6803207397460938,2.663638584921523,2.6803207397460938,5712000
1995-11-09,2.6914424896240234,2.7025641528042876,2.6636386710795867,2.680320826443759,5422400
1995-11-10,2.658076524734497,2.697002670988174,2.6302727163923287,2.697002670988174,5680000
1995-11-13,2.6803207397460938,2.6858819105625695,2.624712425643478,2.6580774141050476,5705600
1995-11-14,2.7136852741241455,2.7303681049695907,2.68032029124557,2.68588146113149,3025600
1995-11-15,2.7804152965545654,2.7859764665538385,2.7359286518096924,2.7359286518096924,5398400
1995-11-16,2.735929012298584,2.7637335083338437,2.7192468577273625,2.758172337601825,8771200
1995-11-17,2.6747589111328125,2.7248060294098053,2.6691977430953195,2.713684372146908,12539200
1995-11-20,2.7136852741241455,2.747050257002721,2.669198630286045,2.6747598001719646,7051200
1995-11-21,2.663637638092041,2.713684763588189,2.663637638092041,2.713684763588189,5681600
1995-11-22,2.641394853591919,2.663638175816641,2.5969082091424744,2.663638175816641,5867200
1995-11-24,2.6691980361938477,2.7025630116462707,2.658076377709707,2.663637546357859,1388800
1995-11-27,2.5969078540802,2.7248065999792326,2.585786194488448,2.7025632807957285,4568000
1995-11-28,2.5524206161499023,2.608028901046283,2.5412989591706263,2.569102762212781,8944000
1995-11-29,2.5969078540802,2.6247116636534646,2.5412995561214404,2.557981706102953,9164800
1995-11-30,2.58022403717041,2.602467347835672,2.552420238244818,2.602467347835672,6592000
1995-12-01,2.602468252182007,2.6302727395815078,2.574664443594713,2.5802249337872887,6913600
1995-12-04,2.608029365539551,2.65251600137978,2.602468196653426,2.635833173533598,8017600
1995-12-05,2.702561378479004,2.713683030242292,2.608027677896932,2.613588164372699,9006400
1995-12-06,2.737640857696533,2.776591372119731,2.6931263722055325,2.6931263722055325,7476800
1995-12-07,2.732076406478882,2.748768995985789,2.709819167644989,2.7432050258958283,6852800
1995-12-08,2.737640857696533,2.7543341293742305,2.72094826525598,2.7432055080014806,4558400
1995-12-11,2.6597397327423096,2.737640059642712,2.6541757632964686,2.737640059642712,4996800
1995-12-12,2.681997060775757,2.6931256792852,2.659739823756871,2.659739823756871,7758400
1995-12-13,2.804410696029663,2.804410696029663,2.687560589980104,2.687560589980104,8942400
1995-12-14,2.804410696029663,2.843361184203974,2.7710248544102623,2.7932820821565296,6712000
1995-12-15,2.8433637619018555,2.848927734264189,2.7710273665304026,2.8044132384163114,8892800
1995-12-18,2.759897470474243,2.8433624513369185,2.7153829951440134,2.8433624513369185,5284800
1995-12-19,2.848926305770874,2.915698016062379,2.8155404506251216,2.915698016062379,18380800
1995-12-20,2.8600568771362305,2.8962245719560107,2.837799625174081,2.8711855031173052,6960000
1995-12-21,3.0102908611297607,3.0102908611297607,2.871182826432281,2.871182826432281,8600000
1995-12-22,2.9435200691223145,3.071498848177893,2.9379554199962454,3.0269843721173437,8355200
1995-12-26,2.971341848373413,2.971341848373413,2.9045701214436734,2.9379559849085433,4452800
1995-12-27,2.9935998916625977,2.999164543347541,2.937956770999724,2.982471267530023,3648000
1995-12-28,3.1160128116607666,3.1215774598714625,2.9935980226312364,2.9991626708419323,10052800
1995-12-29,3.0993218421936035,3.1327077111620953,3.0881932192041064,3.1160144370592278,7123200
1996-01-02,3.16609263420105,3.177221253865663,3.0603704077687017,3.0603704077687017,10395200
1996-01-03,3.0714991092681885,3.171656688918238,3.065935138906159,3.1605280689571216,13633600
1996-01-04,3.0381126403808594,3.082627111302191,2.988034200212823,3.0770631420554855,12779200
1996-01-05,2.9435200691223145,3.010291783213138,2.9268268009811083,2.9935985150719318,5228800
1996-01-08,2.9935998916625977,2.9935998916625977,2.937956770999724,2.937956770999724,1556800
1996-01-09,2.932392120361328,3.0381136855513127,2.8823129837281685,3.0102924712729004,5937600
1996-01-10,2.92126202583313,2.92126202583313,2.876747562043191,2.910133409885645,7612800
1996-01-11,3.0269854068756104,3.0548073035427157,2.832234847154803,2.9101352068905726,11558400
1996-01-12,3.004727602005005,3.038113464249505,2.9268272567678384,3.021420872745808,8971200
1996-01-15,2.9435200691223145,3.0158557531022065,2.9268268009811083,2.9991631641980008,3432000
1996-01-16,2.9769067764282227,2.9769067764282227,2.9045703925507,2.954649532040861,7496000
1996-01-17,3.004727602005005,3.0102922519976416,2.954649148256808,2.9880350105013083,6654400
1996-01-18,3.060370922088623,3.0770641940095014,2.9824705713445487,2.9991638432654275,8256000
1996-01-19,3.0659356117248535,3.1160140696542875,3.0659356117248535,3.1048854479769505,9075200
1996-01-22,3.0826282501220703,3.104885493805262,3.0492423845972825,3.0548070351366667,10084800
1996-01-23,3.0770649909973145,3.0826289635872905,3.0603717147527254,3.0770649909973145,3976000
1996-01-24,3.0770649909973145,3.1327081130837273,3.065936366580032,3.071500339170008,5444800
1996-01-25,3.0714991092681885,3.1215782387117423,3.065935138906159,3.0881923788283925,5620800
1996-01-26,3.0714991092681885,3.082627729229305,3.049241869345955,3.065935138906159,5288000
1996-01-29,3.060370922088623,3.0714995436234904,3.0436783294048984,3.054806950939766,4731200
1996-01-30,3.0714991092681885,3.116013589112655,3.0714991092681885,3.077063758867276,9494400
1996-01-31,3.104884624481201,3.1215778921883013,3.071498768303984,3.077063417285345,9726400
1996-02-01,3.0102908611297607,3.0214194767360874,2.915697288857588,2.9713403668892213,41134400
1996-02-02,3.0214216709136963,3.065936165665741,2.96577855247364,2.9991644235376738,10264000
1996-02-05,3.0102908611297607,3.0214194767360874,2.9769050143107805,3.004726213708201,8408000
1996-02-06,3.004727602005005,3.021420872745808,2.960213119012338,3.004727602005005,9115200
1996-02-07,3.0325498580932617,3.0436784801794072,2.965778125576388,3.0158565853454493,5588800
1996-02-08,3.0436785221099854,3.0659357665888987,3.0047280046532885,3.0603711158505718,5080000
1996-02-09,3.0269854068756104,3.0714998981531925,3.0214214350845285,3.0214214350845285,7420800
1996-02-12,3.054806709289551,3.0659353299440903,3.0436780886350117,3.0436780886350117,3478400
1996-02-13,3.0381126403808594,3.060369875841525,3.015855404920194,3.043677288864487,5488000
1996-02-14,2.9824702739715576,3.0659352667796034,2.9101345808258654,3.0436780259290694,6457600
1996-02-15,3.0102908611297607,3.0659339391613942,2.9602117512828943,2.965776398704454,7164800
1996-02-16,2.9935998916625977,3.0269857640603215,2.971342643397448,3.004728515795172,4833600
1996-02-20,2.9546501636505127,3.0047286346086537,2.9490855117455306,2.9991646619410113,3678400
1996-02-21,2.98803448677063,3.0158556941461043,2.9156981249678204,2.9435200115802815,10569600
1996-02-22,2.9602131843566895,3.01029231844745,2.9546492134783393,2.9991636974536275,6884800
1996-02-23,2.893441677093506,2.976906680474405,2.8878777057946046,2.96577805863943,9232000
1996-02-26,2.8322339057922363,2.8823123522160974,2.82666925661347,2.854491144033287,15825600
1996-02-27,2.893441677093506,2.92126357129953,2.8322345966197298,2.848927189753606,11452800
1996-02-28,2.8767480850219727,2.9379551442418768,2.871183436418198,2.9045692903300373,9171200
1996-02-29,2.893441677093506,2.9379561644334062,2.848927189753606,2.8544918402896795,12088000
1996-03-01,2.9935998916625977,3.004728515795172,2.9101355502869435,2.9101355502869435,9683200
1996-03-04,3.015855312347412,3.0603697819023554,2.9546482563278156,2.988034108494023,7580800
1996-03-05,3.0937576293945312,3.110450905862452,3.01585725743136,3.01585725743136,10072000
1996-03-06,3.2346339225769043,3.2680380559618185,3.217931516080031,3.2513356494649446,22336000
1996-03-07,3.2958743572235107,3.312576763027357,3.234633788363287,3.2569032096958788,15696000
1996-03-08,3.2012293338775635,3.2958740252023158,3.139988091577882,3.2067963488454962,12123200
1996-03-11,3.2736029624938965,3.2958723704020185,3.1845253308614097,3.190093022642638,9852800
1996-03-12,3.3626813888549805,3.379383788537677,3.284738442755693,3.284738442755693,11529600
1996-03-13,3.4851644039154053,3.4851644039154053,3.423923835663783,3.423923835663783,10899200
1996-03-14,3.507434606552124,3.529704032625471,3.401655172508202,3.4851651804787775,20806400
1996-03-15,3.5464038848876953,3.551970897587521,3.4072197324820737,3.4962973725469646,19321600
1996-03-18,3.5464038848876953,3.574240307603744,3.479595654839027,3.5631056025956327,8780800
1996-03-19,3.5408377647399902,3.5798095893764152,3.4962989249319403,3.574241894596028,9083200
1996-03-20,3.535269260406494,3.557538670929973,3.501865144621276,3.557538670929973,7891200
1996-03-21,3.5742404460906982,3.596509856969768,3.5129999059774994,3.5185669188930238,7942400
1996-03-22,3.6800215244293213,3.6911562330060987,3.590943855815101,3.590943855815101,10187200
1996-03-25,3.780231237411499,3.8025006388701583,3.707855342866757,3.741259445054746,13441600
1996-03-26,3.8080697059631348,3.8080697059631348,3.7523961722502235,3.7802332789109623,10056000
1996-03-27,3.746826410293579,3.824769300318622,3.702287615993555,3.819201611227085,9131200
1996-03-28,3.6800215244293213,3.763531498950814,3.668886815852544,3.7468297758899864,5843200
1996-03-29,3.6187803745269775,3.691156321821864,3.6132133599089755,3.685588627595168,8342400
1996-04-01,3.6800215244293213,3.696723247490149,3.6187802874527057,3.6187802874527057,11281600
1996-04-02,3.596510171890259,3.6967225296209474,3.5909431584872715,3.6967225296209474,8900800
1996-04-03,3.551971435546875,3.602077955476426,3.5018655952258873,3.602077955476426,12940800
1996-04-04,3.6466176509857178,3.702291197721311,3.6243482322914806,3.6299152471606773,16432000
1996-04-08,3.607645034790039,3.613212728043077,3.546404486658076,3.585375620995039,11348800
1996-04-09,3.607645034790039,3.635482141838077,3.4628938451225375,3.613212728043077,16465600
1996-04-10,3.6688873767852783,3.6855891023996166,3.5965114201663932,3.5965114201663932,13667200
1996-04-11,3.7189934253692627,3.7913693857272643,3.6911569880376733,3.7858016904956564,11907200
1996-04-12,3.7746644020080566,3.7802320934376135,3.7078561825034893,3.7078561825034893,4848000
1996-04-15,3.82477068901062,3.82477068901062,3.785798890044243,3.8080682952797975,6891200
1996-04-16,3.936119794845581,3.963956226293304,3.8080703072817697,3.824772709837342,13417600
1996-04-17,4.130975723266602,4.214486353972461,3.9082816141956256,3.9082816141956256,19065600
1996-04-18,4.053033828735352,4.175515620263068,4.047466814379332,4.119842078659561,12838400
1996-04-19,4.053033828735352,4.053033828735352,4.008494995452546,4.053033828735352,12342400
1996-04-22,4.019632339477539,4.047469468336646,3.9973629082338964,4.036334752714825,8900800
1996-04-23,3.9917941093444824,4.014063530652935,3.975091703558741,4.014063530652935,5646400
1996-04-24,3.9973604679107666,4.025197579775773,3.958389326830189,4.00849517673503,7129600
1996-04-25,3.9194185733795166,3.9750921326604756,3.897149149667133,3.963957420804284,10630400
1996-04-26,3.9416871070861816,3.958389510903621,3.9138506735354155,3.9305523977441306,4556800
1996-04-29,3.9639551639556885,3.963955163955688,3.93611873996811,3.941685752922229,3494400
1996-04-30,3.897148609161377,3.958389855681162,3.8804468834979344,3.958389855681162,6937600
1996-05-01,3.9416871070861816,3.9917936389297752,3.8971482697179765,3.9027159641933644,10347200
1996-05-02,3.897148609161377,3.997361001968384,3.897148609161377,3.9361204350573824,8828800
1996-05-03,3.9806597232818604,3.991794434844035,3.91941846988547,3.924986165470987,7916800
1996-05-06,3.9695260524749756,4.014064910401151,3.9472566235118873,3.9806607669565195,5483200
1996-05-07,4.130975723266602,4.175514545080796,4.019628668731113,4.05303278509176,12051200
1996-05-08,4.169948577880859,4.175515592199463,4.036332078930476,4.119842050970137,10968000
1996-05-09,4.092004299163818,4.169947231723048,4.075301902382621,4.169947231723048,6827200
1996-05-10,4.147679328918457,4.231189304331177,4.114275202831632,4.114275202831632,6172800
1996-05-13,4.292430400848389,4.320266831867949,4.15881390089371,4.164380915254157,7827200
1996-05-14,4.297996997833252,4.353670534074616,4.292429984013414,4.297996997833252,8332800
1996-05-15,4.181081295013428,4.297995336113914,4.16437890079431,4.286860633170614,10342400
1996-05-16,4.181081295013428,4.192215997956728,4.136542483240227,4.175513603737611,11876800
1996-05-17,4.225622653961182,4.236757363616404,4.181083815340293,4.181083815340293,8881600
1996-05-20,4.281294822692871,4.286861835922274,4.225621292356218,4.253457717720282,6801600
1996-05-21,4.45944881439209,4.481718220008009,4.292428272272692,4.292428272272692,14939200
1996-05-22,4.40934419631958,4.615336626103465,4.392642474774193,4.481720135305902,18670400
1996-05-23,4.509556293487549,4.5874992417700495,4.426046331560586,4.426046331560586,10153600
1996-05-24,4.5151262283325195,4.570799790459869,4.453884970187978,4.453884970187978,7545600
1996-05-28,4.381505966186523,4.637604134945848,4.381505966186523,4.531824116741089,12008000
1996-05-29,4.426045894622803,4.492854129412517,4.40934349612112,4.426045894622803,9708800
1996-05-30,4.442750453948975,4.476154592700471,4.387076889363148,4.426048724377698,6931200
1996-05-31,4.470587730407715,4.4928571570109685,4.442750607349164,4.453885320650791,5004800
1996-06-03,4.487288951873779,4.5262607838160855,4.442750103716223,4.465019527795001,3027200
1996-06-04,4.431615352630615,4.509558336219596,4.392644200640566,4.498423624278313,5696000
1996-06-05,4.622669696807861,4.628239518304458,4.416599218932531,4.422168360560773,8473600
1996-06-06,4.6449480056762695,4.700642825888215,4.611531113549102,4.6616567916740586,12459200
1996-06-07,4.656087398529053,4.711782223870309,4.444447062232277,4.455586027300528,10000000
1996-06-10,4.67279577255249,4.67279577255249,4.617100952139877,4.644948022411977,3795200
1996-06-11,4.706214427947998,4.784187205737574,4.689505635630184,4.745200476908452,5283200
1996-06-12,4.795320987701416,4.806459943909935,4.661653513199187,4.683931425616226,6416000
1996-06-13,4.706214427947998,4.784187205737574,4.700644603885838,4.784187205737574,4980800
1996-06-14,4.683935165405273,4.717352060711844,4.672796200303083,4.717352060711844,3532800
1996-06-17,4.628237724304199,4.68950165780947,4.617098765497051,4.656084781388024,4105600
1996-06-18,4.550264835357666,4.644945641595239,4.539125876984536,4.6393765023427065,5196800
1996-06-19,4.472293853759766,4.6003915845827485,4.466724032488335,4.55583573388461,7136000
1996-06-20,4.372042655944824,4.46115434646224,4.333055951409333,4.45558452587078,8872000
1996-06-21,4.628237724304199,4.628237724304199,4.422166646437908,4.422166646437908,10321600
1996-06-24,4.589253902435303,4.656087697130963,4.550267862130426,4.656087697130963,6251200
1996-06-25,4.511279106140137,4.617099573255307,4.444445341604728,4.6003907921873495,11723200
1996-06-26,4.477861404418945,4.511278280571325,4.450014347559338,4.477861404418945,5504000
1996-06-27,4.461154460906982,4.511279448174793,4.461154460906982,4.477862563373499,4624000
1996-06-28,4.578112602233887,4.6338074027476805,4.477861961309057,4.489000921411816,9721600
1996-07-01,4.6449480056762695,4.656086969718658,4.555836293337157,4.5836840433773345,4928000
1996-07-02,4.711781024932861,4.734058949400629,4.639378110346767,4.711781024932861,7788800
1996-07-03,4.856587886810303,4.8788658128965885,4.7507680778346195,4.76747618246516,12296000
1996-07-05,4.7340593338012695,4.784185007858049,4.678364518109491,4.767476223216337,5672000
1996-07-08,4.6449480056762695,4.845449358439274,4.622670077591491,4.745198682057771,12600000
1996-07-09,4.845447540283203,4.923420259322243,4.812030660695043,4.845447540283203,30236800
1996-07-10,4.778615951538086,4.867727670914087,4.672796124713316,4.856588705992087,16140800
1996-07-11,4.633809566497803,4.784185938037144,4.42216922572026,4.784185938037144,16228800
1996-07-12,4.728488922119141,4.7730447627051005,4.644946381086378,4.678363261525848,16288000
1996-07-15,4.544695854187012,4.750766962019292,4.544695854187012,4.750766962019292,9044800
1996-07-16,4.566974639892578,4.628239273776516,4.411029164384051,4.550266536022252,24523200
1996-07-17,4.589253902435303,4.6505185541739165,4.5781149366526925,4.6226707997831324,10819200
1996-07-18,4.661659240722656,4.689506325524164,4.544699716897528,4.600394566369311,7963200
1996-07-19,4.500140190124512,4.650516501758325,4.500140190124512,4.650516501758325,9822400
1996-07-22,4.455585479736328,4.505711156317556,4.394321519324148,4.455585479736328,7740800
1996-07-23,4.511279106140137,4.561404769475799,4.42773724040498,4.46672326311653,9492800
1996-07-24,4.405459403991699,4.555835037167012,4.338625638165288,4.4221675055141905,16254400
1996-07-25,4.344194412231445,4.472292792526199,4.333055452200083,4.450014872463473,12075200
1996-07-26,4.3664727210998535,4.427737346661644,4.266222071890929,4.333055838030212,9022400
1996-07-29,4.466724395751953,4.550266962539361,4.3497656180916415,4.355334759947665,8289600
1996-07-30,4.617098331451416,4.617098331451416,4.472291880571498,4.5112778927974615,9043200
1996-07-31,4.583683967590332,4.667225856592757,4.544697254152374,4.589253109585241,7326400
1996-08-01,4.711781024932861,4.717350845983954,4.594822261411231,4.594822261411231,8406400
1996-08-02,4.839879035949707,4.867726099329828,4.750767345344126,4.756336486072853,12462400
1996-08-05,4.817601680755615,4.834309784778059,4.789753934227109,4.828740643393353,7068800
1996-08-06,4.834312915802002,4.890007765062394,4.812034976097845,4.812034976097845,6878400
1996-08-07,4.817601680755615,4.878865635329008,4.817601680755615,4.8565877100535335,5364800
1996-08-08,4.795320987701416,4.828737856326973,4.784182031492898,4.823168038288748,6804800
1996-08-09,4.728488922119141,4.806461643144571,4.728488922119141,4.806461643144571,6892800
1996-08-12,4.784185886383057,4.784185886383057,4.700643307570199,4.717352095280162,3636800
1996-08-13,4.750767707824707,4.784184594351487,4.722919962451575,4.767475811153949,2196800
1996-08-14,4.67836332321167,4.745197084971837,4.67836332321167,4.728488984465885,6382400
1996-08-15,4.628237724304199,4.678362699002321,4.594820847882754,4.678362699002321,9700800
1996-08-16,4.656087398529053,4.6895042937338065,4.63380946839255,4.63380946839255,5857600
1996-08-19,4.739626884460449,4.74519602342717,4.678362276618337,4.683932095453088,3353600
1996-08-20,4.834312915802002,4.834312915802002,4.739632011993719,4.745201156985376,5921600
1996-08-21,4.77304744720459,4.851020212084151,4.767477624064629,4.834311422532824,2646400
1996-08-22,4.845447540283203,4.851017360148641,4.750766721384161,4.767474821244163,3611200
1996-08-23,4.784185886383057,4.884436573037397,4.756338133489277,4.884436573037397,5232000
1996-08-26,4.761905670166016,4.784183589839615,4.734057930639938,4.767474810150338,3889600
1996-08-27,4.828739166259766,4.834308305940846,4.739627492417538,4.761905410878095,3118400
1996-08-28,4.890004634857178,4.9568384111878,4.823170858526556,4.823170858526556,14088000
1996-08-29,4.828739166259766,4.873295003180879,4.745196632098619,4.873295003180879,4768000
1996-08-30,4.812030792236328,4.823169752403541,4.739627891083526,4.817600612254022,3902400
1996-09-03,4.795320987701416,4.812029082080229,4.717348294241783,4.739626206658821,5414400
1996-09-04,4.880588054656982,4.914016739962852,4.791444893841329,4.791444893841329,13192000
1996-09-05,4.780303478240967,4.880589565197071,4.780303478240967,4.869446666646393,5587200
1996-09-06,4.897305488586426,4.919591291310121,4.824876289680053,4.836019191041901,7460800
1996-09-09,5.047730445861816,5.047730445861816,4.891729946431209,4.908444625710018,9476800
1996-09-10,5.109020233154297,5.142448934744918,5.04773394018382,5.053305730503261,8603200
1996-09-11,5.237163543701172,5.242735334333934,5.075591816981769,5.092305828662629,18451200
1996-09-12,5.348588466644287,5.370874251921972,5.21487375497818,5.270588218172391,12840000
1996-09-13,5.359734058380127,5.4154485496314795,5.3040195671287735,5.3764487458098005,15142400
1996-09-16,5.421019554138184,5.482305145589539,5.2761618978522815,5.370876179215768,22630400
1996-09-17,5.543590068817139,5.560304069653746,5.4488751303821275,5.4600180243092895,17790400
1996-09-18,5.493446350097656,5.5491608161229875,5.493446350097656,5.5491608161229875,9265600
1996-09-19,5.543590068817139,5.560304069653746,5.465589811327006,5.476732705254168,8331200
1996-09-20,5.57144832611084,5.593734119415283,5.538019636154175,5.554734321186727,10635200
1996-09-23,5.538018226623535,5.571446908071968,5.521304225953452,5.565875801218028,7284800
1996-09-24,5.515733242034912,5.5547337161236845,5.4823045557195496,5.538019032911821,9664000
1996-09-25,5.471161842346191,5.521305213542051,5.465590734495755,5.521305213542051,6062400
1996-09-26,5.348588466644287,5.482303178310395,5.343017360378963,5.47673207204507,8227200
1996-09-27,5.421019554138184,5.426590662402654,5.298447691127036,5.354162174313921,6518400
1996-09-30,5.426590919494629,5.476734296792654,5.404305125164055,5.45444850246208,4865600
1996-10-01,5.376447677612305,5.4433050538306444,5.35973299350352,5.437733265758249,5584000
1996-10-02,5.443305969238281,5.465591765058892,5.382019690677346,5.415448384408261,5392000
1996-10-03,5.532446384429932,5.588160846105418,5.471160136532808,5.471160136532808,11920000
1996-10-04,5.538018226623535,5.6327331641148914,5.532447119769596,5.604875589520399,10520000
1996-10-07,5.543590068817139,5.5937327514352315,5.538018281799422,5.554732962744301,4107200
1996-10-08,5.398732662200928,5.549161396138484,5.3931608749619,5.549161396138484,8292800
1996-10-09,5.404303073883057,5.460017538562264,5.376446181597559,5.404303073883057,7217600
1996-10-10,5.359734058380127,5.409877440560612,5.337448261879586,5.382019854880667,7144000
1996-10-11,5.3263044357299805,5.426590502511507,5.3263044357299805,5.426590502511507,9512000
1996-10-14,5.437736511230469,5.437736511230469,5.320736373071922,5.326307484360992,9470400
1996-10-15,5.343021392822266,5.471164414825954,5.326306701195124,5.448878612728903,8992000
1996-10-16,5.398732662200928,5.426589558071168,5.326303508743364,5.354161084721904,8377600
1996-10-17,5.415448188781738,5.454448670113218,5.404305291273957,5.421019977589874,5475200
1996-10-18,5.376447677612305,5.4265903697218585,5.35973299350352,5.4265903697218585,6798400
1996-10-21,5.482303142547607,5.538017605378376,5.359731324319918,5.365303110657089,7796800
1996-10-22,5.432161808013916,5.510162075246158,5.4043042296625075,5.48230449689475,4686400
1996-10-23,5.398732662200928,5.437732452440924,5.33744640311312,5.432161345310195,7558400
1996-10-24,5.538018226623535,5.604875589520399,5.38201771319752,5.393160607013664,11611200
1996-10-25,5.616020679473877,5.682878068515233,5.526877494085403,5.593734883126759,10563200
1996-10-28,5.549162864685059,5.7051634271460845,5.526877070047769,5.67173473519015,9272000
1996-10-29,5.426590919494629,5.5825914798086425,5.382019330833482,5.571448582643356,9288800
1996-10-30,5.3263044357299805,5.437733398820566,5.203732576330337,5.426590502511507,12857600
1996-10-31,5.270590305328369,5.304018996482672,5.125732643659725,5.304018996482672,12772000
1996-11-01,4.880588054656982,5.337446753837202,4.769159103637416,5.292875173429375,65710400
1996-11-04,4.880588054656982,4.969731215472635,4.836016474249155,4.958588320370678,26155200
1996-11-05,4.8137311935424805,4.9140172600746155,4.602016164196862,4.902874363793267,52776000
1996-11-06,4.980873107910156,5.025444679345594,4.836015500744984,4.858301286462703,30355200
1996-11-07,5.02544641494751,5.103446691897914,4.992017724825907,4.992017724825907,18374400
1996-11-08,5.1591596603393555,5.192588340643931,4.969730471946766,5.014302045686199,10179200
1996-11-11,5.114592552185059,5.237164486986879,5.081163842693653,5.1703070680040675,13295200
1996-11-12,5.014303207397461,5.159160855611166,4.969731623331706,5.136875063578288,12193600
1996-11-13,4.936305999755859,5.036592126161734,4.925163096821873,5.036592126161734,9078400
1996-11-14,4.847160816192627,4.936304003616859,4.824875019336568,4.936304003616859,13043200
1996-11-15,4.958590030670166,4.992018727506144,4.880589738052882,4.891732636998208,13841600
1996-11-18,4.958590030670166,5.070019020123428,4.925161333834187,5.014304525396796,7896000
1996-11-19,4.880588054656982,4.947445425268722,4.847159369351113,4.947445425268722,9620800
1996-11-20,4.7580156326293945,4.89173035766816,4.7134440576164724,4.89173035766816,19510400
1996-11-21,4.746875762939453,4.847161870607188,4.6911612586796005,4.836018969755218,13453600
1996-11-22,4.992016315460205,4.992016315460205,4.769158444234303,4.769158444234303,12428000
1996-11-25,4.969730377197266,5.070016416199004,4.902873017862773,5.070016416199004,9857600
1996-11-26,4.958590030670166,5.047733222232775,4.947447131724839,5.025447424342123,11151200
1996-11-27,4.980873107910156,4.9920160007690155,4.891729965039281,4.958587322192438,7745600
1996-11-29,5.070019245147705,5.092305044027475,5.014304747948279,5.047733446267935,4118400
1996-12-02,5.125731945037842,5.125731945037842,5.014302989710933,5.081160362907078,6196000
1996-12-03,4.969730377197266,5.214874028090405,4.925158804307604,5.148016668755912,14370400
1996-12-04,5.125731945037842,5.125731945037842,4.891731138851331,4.969731407580168,14949600
1996-12-05,5.070019245147705,5.170305340106671,5.03659054682805,5.12573374234713,7948000
1996-12-06,5.00316047668457,5.0254462694537665,4.847159927300196,4.847159927300196,8372800
1996-12-09,5.081161975860596,5.103447774000335,5.014304581441378,5.0254474805112475,7147200
1996-12-10,4.992016315460205,5.103445251073156,4.9808734218989095,5.103445251073156,8819200
1996-12-11,4.869442939758301,4.947443169914612,4.836014269691311,4.880585829780631,15811200
1996-12-12,4.802587509155273,4.936302242588831,4.802587509155273,4.880587770324849,14439200
1996-12-13,4.650905609130859,4.795897870326786,4.595139354824734,4.795897870326786,16056800
1996-12-16,4.728979587554932,4.907431647462665,4.6509068113452985,4.662060065089531,15107200
1996-12-17,4.695517539978027,4.79589677479941,4.662057795037566,4.673211043351054,14852800
1996-12-18,5.264335632324219,5.269912599423659,4.762439226700088,4.784745733616716,10237600
1996-12-19,5.431631088256836,5.498550567783615,5.2977921292032795,5.308945375791076,37416800
1996-12-20,5.487398147583008,5.532011140652789,5.453938402780673,5.509704644117899,16568000
1996-12-23,5.442785263061523,5.576624244940085,5.420478766081763,5.476245008531164,8096000
1996-12-24,5.509706020355225,5.554319024568627,5.4204800119284196,5.44278651403512,4056000
1996-12-26,5.565468788146973,5.565468788146973,5.476242835631591,5.543162300018127,4151200
1996-12-27,5.532011985778809,5.598931485606777,5.498552235864824,5.587778235635449,3163200
1996-12-30,5.465090274810791,5.532009747563576,5.4204772929756,5.532009747563576,5312000
1996-12-31,5.3535590171813965,5.47624474465847,5.29779277741909,5.47624474465847,8338400
1997-01-02,5.3201003074646,5.342406807705541,5.163954805778007,5.331253557585071,11778400
1997-01-03,5.398172378540039,5.498551616983965,5.375865881108055,5.398172378540039,5774400
1997-01-06,5.4204792976379395,5.576624791808579,5.398172798470704,5.520858543890493,10281600
1997-01-07,5.342406749725342,5.409326249721902,5.320100249726488,5.3870197497230485,8089600
1997-01-08,5.3089470863342285,5.453939338692096,5.297793836152854,5.353560087059726,12529600
1997-01-09,5.409323692321777,5.431630181774651,5.342404223963157,5.342404223963157,10835200
1997-01-10,5.442785263061523,5.476245008531164,5.308946281182961,5.308946281182961,9521600
1997-01-13,5.364712715148926,5.520858199581535,5.342406217372838,5.476245204029361,10945600
1997-01-14,5.487398147583008,5.532011140652789,5.409325409710892,5.409325409710892,11922400
1997-01-15,5.498550891876221,5.509704139121406,5.4427846556502955,5.465091150140665,9804000
1997-01-16,5.520860195159912,5.598932965596517,5.509706942240397,5.520860195159912,13860800
1997-01-17,5.755077838897705,5.777384342149246,5.520859554756519,5.520859554756519,20928000
1997-01-20,5.955834865570068,6.0004478608177845,5.743923138143418,5.766229635767276,15778400
1997-01-21,5.900068759918213,5.95583500528606,5.855455763623936,5.888915510844644,11376000
1997-01-22,6.03390645980835,6.056212953190267,5.888914252825894,5.922373992898769,10971200
1997-01-23,5.9223737716674805,6.190051682251322,5.911220525393154,6.089672465782382,17328000
1997-01-24,5.900068759918213,6.022754499727476,5.844302514550366,5.900068759918213,9737600
1997-01-27,5.799690246582031,5.888916250375601,5.788536996107835,5.877762999901405,6282400
1997-01-28,5.799690246582031,5.9446825027465815,5.7662304951594425,5.888916250375601,6722400
1997-01-29,5.911219120025635,5.911219120025635,5.821993171044116,5.821993171044116,4300000
1997-01-30,5.9223737716674805,5.9781400030391145,5.855454294021521,5.966986756764787,8577600
1997-01-31,6.100826263427734,6.100826263427734,5.944680801475288,6.011600285169194,7751200
1997-02-03,6.0450592041015625,6.134285170213762,6.033905958337537,6.078518941393638,8217600
1997-02-04,5.9223737716674805,5.9781400030391145,5.8889140328445,5.9781400030391145,6952800
1997-02-05,5.821996212005615,5.9669884548333405,5.632390971384742,5.922375457040195,9160800
1997-02-06,5.699310302734375,5.844302541355797,5.654697306235476,5.799689544856898,8655200
1997-02-07,5.833150863647461,5.833150863647461,5.7327715944833555,5.833150863647461,8605600
1997-02-10,6.0450592041015625,6.089672187157663,5.844300780349112,5.866607271877162,11100000
1997-02-11,6.111979007720947,6.123132254085402,6.022753036805313,6.06736602226313,6984800
1997-02-12,6.357353210449219,6.357353210449219,6.111981683028372,6.111981683028372,13146400
1997-02-13,6.7588677406311035,6.781174234824605,6.312737856761063,6.335044350954566,20280000
1997-02-14,6.680793762207031,6.703100252231095,6.5581080670746825,6.625027537146873,17065600
1997-02-18,6.736559867858887,6.770019602301895,6.457728747500489,6.569261195643849,11239200
1997-02-19,6.625034332275391,6.814639691953306,6.56926805001718,6.725413640340169,11107200
1997-02-20,6.5915703773498535,6.669643122936062,6.49119113302473,6.5581106292414795,12408800
1997-02-21,6.558111190795898,6.591570941769347,6.513498189497968,6.5692644411203815,8203200
1997-02-24,6.480036735534668,6.558109467288098,6.413117251174585,6.468883488141321,8005600
1997-02-25,6.647334098815918,6.669640589080402,6.435422441303331,6.5246484023612625,8991200
1997-02-26,6.691948890686035,6.714255386988322,6.4688839276631676,6.625029401779175,11241600
1997-02-27,6.613875865936279,6.758868085594241,6.613875865936279,6.691948599598258,6457600
1997-02-28,6.413120269775391,6.535806048849355,6.379660511846128,6.491193038277004,9372000
1997-03-03,6.323892593383789,6.357352342555132,6.2123600961459795,6.3127393436600086,11350400
1997-03-04,6.390812873840332,6.524651886905051,6.379659622751605,6.401966124929059,7558400
1997-03-05,6.390812873840332,6.468885631461418,6.357353120574152,6.424272627106512,4572000
1997-03-06,6.368505001068115,6.4577309905751985,6.35735175237973,6.413117995821657,6551200
1997-03-07,6.111979007720947,6.401963413196759,6.0896725149920385,6.357350427738941,9776000
1997-03-10,5.978139877319336,6.111978829796634,5.944680139200011,6.111978829796634,21879200
1997-03-11,5.9223737716674805,6.000446495587767,5.62123612226066,5.62123612226066,65299200
1997-03-12,5.877761363983154,6.000447085053011,5.6546964165834135,5.933527600833089,19391200
1997-03-13,5.755077838897705,5.955836368161578,5.743924587271934,5.933529864910037,13781600
1997-03-14,5.85545539855957,5.888915143694196,5.810842405046735,5.821995653424944,10773600
1997-03-17,5.85545539855957,5.866608646937779,5.710463169642857,5.866608646937779,8556800
1997-03-18,5.848756313323975,5.904565056771722,5.781785821186677,5.826432815944875,10819200
1997-03-19,6.094315528869629,6.1947712793455025,5.792948277442011,5.859918777759259,20067200
1997-03-20,6.027347087860107,6.228258657455445,5.982700072394477,6.116641118791368,15308000
1997-03-21,5.8264360427856445,6.194773953536461,5.792950778171934,6.161288688922751,31067200
1997-03-24,5.748302459716797,5.882243487904373,5.647846688576116,5.882243487904373,20025600
1997-03-25,5.8264360427856445,5.871083062270592,5.748303758686986,5.77062726842946,17813600
1997-03-26,5.8264360427856445,5.871083062270592,5.77062726842946,5.8152742879144075,11981600
1997-03-27,5.681330680847168,5.826433429080986,5.670168930983028,5.8152716792168455,9844800
1997-03-31,5.525068759918213,5.625524555553089,5.4804217396360455,5.625524555553089,14300000
1997-04-01,5.5697126388549805,5.5808743876302405,5.379962909675553,5.513903894978678,16017600
1997-04-02,5.458097457885742,5.647847267260093,5.402288690422697,5.603200253289657,14578400
1997-04-03,5.25718355178833,5.435771528069887,5.179051312165149,5.413448031034693,21554400
1997-04-04,5.279508113861084,5.324155116938133,5.112081852322149,5.112081852322149,20128000
1997-04-07,4.900009632110596,5.37996501748817,4.57631879080944,5.37996501748817,108052800
1997-04-08,4.888847827911377,5.067435876419555,4.7102597794031995,5.067435876419555,60657600
1997-04-09,5.0339508056640625,5.045112559113429,4.821877490126108,4.978142038417232,33796800
1997-04-10,4.9781413078308105,5.0674353223210495,4.966979556019531,5.03395006688721,14685600
1997-04-11,4.911169528961182,5.033948767185211,4.900007780031724,4.978140022537925,12316800
1997-04-14,5.045112133026123,5.056273885532818,4.933494607959173,5.011626875506038,11925600
1997-04-15,5.2125396728515625,5.234863183227801,5.045113345029778,5.201377917663444,19558400
1997-04-16,5.179052352905273,5.279508109750418,5.134405349862987,5.201375854426416,15995200
1997-04-17,4.833041667938232,5.2348649936790554,4.710262318406314,5.19021795748563,57412800
1997-04-18,4.654449939727783,4.900008449737403,4.587479436997887,4.866523198372454,48961600
1997-04-21,4.687936782836914,4.777230816795713,4.676775028592065,4.710260291326614,15800000
1997-04-22,4.743744373321533,4.766067876254811,4.665612113055061,4.721420870388256,13605600
1997-04-23,4.855363368988037,4.855363368988037,4.754907575146905,4.7660693300181425,15935200
1997-04-24,4.888847827911377,4.922333087006661,4.844200815784332,4.877686074879616,15203200
1997-04-25,5.011627674102783,5.045112936958703,4.922333639820328,4.933495394105635,17400000
1997-04-28,4.766068458557129,4.933494751012297,4.665612683084028,4.888847739690919,25024000
1997-04-29,4.888847827911377,4.888847827911377,4.766068544562005,4.8218773097208105,14053600
1997-04-30,5.022787570953369,5.100919822057088,4.877684818903605,4.900008319218953,17342400
1997-05-01,5.134405136108398,5.1455668864042865,5.033949383445408,5.056272884037184,16620800
1997-05-02,4.989301681518555,5.1344044149855375,4.933492937877408,5.1344044149855375,18538400
1997-05-05,5.246022701263428,5.312993203832748,5.011625942270806,5.033949443127246,18021600
1997-05-06,5.223701477050781,5.324157274686374,5.179054455879408,5.257186742929313,19728000
1997-05-07,5.1567277908325195,5.234860030087558,5.1344042939025085,5.2013747846925416,10238400
1997-05-08,5.022787570953369,5.156728572845458,5.000464070638021,5.112081572214762,13827200
1997-05-09,5.00046443939209,5.067434945276805,4.933493933507374,5.045111443315233,17100800
1997-05-12,5.022787570953369,5.022787570953369,4.955817070007324,5.000464070638021,20164800
1997-05-13,5.0674357414245605,5.078597494158975,4.989303472283653,5.000465225018068,15238400
1997-05-14,5.112081527709961,5.257184278496488,5.033949277286446,5.089758027588957,26992000
1997-05-15,5.123244762420654,5.145568269010722,5.067435995945484,5.089759502535552,15570400
1997-05-16,4.866525650024414,5.089760771585167,4.799555113556188,5.089760771585167,55036000
1997-05-19,4.955819606781006,4.966981362652135,4.888849071554236,4.955819606781006,19595200
1997-05-20,5.045112133026123,5.056273885532818,4.966979865479258,4.989303370492649,18668800
1997-05-21,5.078596591949463,5.089758342701001,4.978140835185628,5.067434841197926,19121600
1997-05-22,5.00046443939209,5.145567202142306,4.911170431545802,5.100920198219162,26205600
1997-05-23,5.011627674102783,5.067436445529317,4.900010131249714,5.011627674102783,23476800
1997-05-27,5.36880350112915,5.379965254769752,5.022789138270515,5.022789138270515,31323200
1997-05-28,5.714816570281982,5.938051592558622,5.4246110413223505,5.4357727924361825,50995200
1997-05-29,4.9446563720703125,5.022788639800543,4.821877094208522,4.844200599274301,157445600
1997-05-30,5.134405136108398,5.1455668864042865,4.9000083798947545,4.955817131374193,58500800
1997-06-02,5.0339508056640625,5.156730093607089,4.989303791866599,5.156730093607089,21775200
1997-06-03,4.9446563720703125,5.033950392333433,4.933494619537422,5.033950392333433,20666400
1997-06-04,4.955819606781006,5.033951897878905,4.9111725832964925,4.955819606781006,22621600
1997-06-05,4.922333240509033,5.0227890209275845,4.9000097337493544,4.978142007408228,19127200
1997-06-06,4.9781413078308105,4.9781413078308105,4.900009045151852,4.922332548774412,15915200
1997-06-09,5.089759826660156,5.123245088677658,4.955818778590152,5.0562745646426555,16161600
1997-06-10,5.190215110778809,5.257185628337244,5.112082840293966,5.134406346146778,15350400
1997-06-11,5.25718355178833,5.268345300305928,5.179051312165149,5.190213060682747,18057600
1997-06-12,5.223701477050781,5.290672008807843,5.15673094529372,5.268348498222156,16356000
1997-06-13,5.290671348571777,5.346480118071479,5.257186086871956,5.268347840771897,16402400
1997-06-16,5.429192066192627,5.4515344203744895,5.239282055646794,5.272795586919588,18450400
1997-06-17,5.350996494293213,5.55207778217897,5.295140580991613,5.328654128972573,30969600
1997-06-18,5.395678997039795,5.429192531182899,5.295138394610482,5.339823106801288,10886400
1997-06-19,5.451534748077393,5.4738771036023,5.373336503740217,5.451534748077393,13938400
1997-06-20,5.36216926574707,5.451538753509522,5.339826893806458,5.440367567539215,12279200
1997-06-23,5.261624813079834,5.362165414603653,5.239282457185652,5.350994236656562,9364800
1997-06-24,5.350996494293213,5.390095974521772,5.250455850350334,5.289555330578893,14157600
1997-06-25,5.350996494293213,5.445951887823371,5.295140580991613,5.339825311632893,13535200
1997-06-26,5.2057695388793945,5.418021944971043,5.161084821807468,5.362166048631136,14824000
1997-06-27,5.2169413566589355,5.2504548985646675,5.127571911576983,5.228112537294179,13441600
1997-06-30,5.2169413566589355,5.339824343646619,5.138743092212228,5.328653163011375,11793600
1997-07-01,5.183426856994629,5.295138642705719,5.17225567842352,5.194598035565738,9890400
1997-07-02,5.127572536468506,5.228113174438477,4.971175988515219,5.004689534505209,40356800
1997-07-03,5.244868278503418,5.250453526444049,5.17225528243318,5.222525923071742,13809600
1997-07-07,5.110815525054932,5.295139666188414,5.094058413042018,5.289554416740617,18119200
1997-07-08,5.138741493225098,5.138741493225098,5.071714430269988,5.1108138912444065,16339200
1997-07-09,5.239283084869385,5.25045426415482,5.105228933444155,5.1722560091567695,23820000
1997-07-10,5.256039619445801,5.272796045622641,5.183426621120562,5.2336972633202805,14081600
1997-07-11,5.250455379486084,5.289554856208176,5.21694183451064,5.267212492891214,10883200
1997-07-14,5.36216926574707,5.373340451717376,5.261628592014312,5.267214525917006,18007200
1997-07-15,5.518564701080322,5.540907068291174,5.3398257633935104,5.390096430535395,24760800
1997-07-16,5.429192066192627,5.596759722556597,5.384507357828902,5.535318589473744,17957600
1997-07-17,5.5353169441223145,5.557659291663001,5.4347763801892235,5.451532799927571,16556800
1997-07-18,5.524149417877197,5.596761754412259,5.45153639950735,5.563248210972664,13606400
1997-07-21,5.429192066192627,5.54090383710194,5.429192066192627,5.512976235291881,8488800
1997-07-22,5.473876476287842,5.473876476287842,5.412435346552882,5.445948875999543,10418400
1997-07-23,5.524149417877197,5.585590573265727,5.45153639950735,5.496221124093475,11338400
1997-07-24,5.462708473205566,5.580006235326816,5.440366107261986,5.563249119951681,8918400
1997-07-25,5.485048770904541,5.563247022220899,5.462706413385582,5.496219949664021,6384800
1997-07-28,5.406851291656494,5.535320206652478,5.395680111301831,5.535320206652478,6317600
1997-07-29,5.490635871887207,5.524149415311234,5.390095241615125,5.451536396975115,6932800
1997-07-30,5.6079325675964355,5.647032039961192,5.479464333758111,5.501806694585189,14849600
1997-07-31,5.596762180328369,5.73081636428833,5.546492202260803,5.630275726318359,11653600
1997-08-01,5.529733180999756,5.563246715430058,5.457120863984738,5.546490289132208,11481600
1997-08-04,5.574418544769287,5.630274442011464,5.512977398720234,5.5185626475271095,5746400
1997-08-05,5.512975692749023,5.5800027486983454,5.451533883878241,5.568831572706792,4946400
1997-08-06,5.451534748077393,5.524147744450632,5.4180212147900315,5.501805388925725,8842400
1997-08-07,5.339822769165039,5.462705719919883,5.32865159182369,5.451534542578534,10968000
1997-08-08,5.278383731842041,5.328653708933434,5.261626618255026,5.306311345373965,9186400
1997-08-11,5.384506702423096,5.4068490538854315,5.22811024218674,5.256038522431889,9060800
1997-08-12,5.49622106552124,5.507392246548722,5.406851617301383,5.406851617301383,14703200
1997-08-13,5.518564701080322,5.5855918027128775,5.406852865026065,5.5855918027128775,13512000
1997-08-14,5.5576629638671875,5.5576629638671875,5.479464695805582,5.529734670070649,13395200
1997-08-15,5.317480087280273,5.5241471962956075,5.283966557318423,5.5073900903974256,17945600
1997-08-18,5.317480087280273,5.317480087280273,5.183425967432871,5.317480087280273,16619200
1997-08-19,5.155500411987305,5.317482196813172,5.088473325472854,5.317482196813172,34731200
1997-08-20,5.094057559967041,5.161084633124502,5.043787596016268,5.116399917686195,29460800
1997-08-21,4.9991021156311035,5.088471532832692,4.948831477537939,5.082885603340321,23751200
1997-08-22,4.993516445159912,5.038201156078569,4.915318201052262,4.9209041308343835,16240800
1997-08-25,4.960005283355713,5.015861198708818,4.920906483525992,5.004690015638197,10116800
1997-08-26,4.909732818603516,4.993516308363476,4.887390463756252,4.9432463508744116,16036800
1997-08-27,4.814777851104736,4.898562029338251,4.775679067941146,4.89297609926653,16625600
1997-08-28,4.758923053741455,4.853878432116123,4.708653080710867,4.814778958128092,17444000
1997-08-29,4.77009391784668,4.814778638388569,4.714238017169318,4.736580377440263,12975200
1997-09-02,4.965590000152588,4.993517610074562,4.853878196795215,4.865049377130952,14430400
1997-09-03,5.03261661529541,5.049373043327168,4.8427065672056715,4.976760718798428,21334400
1997-09-04,4.948832035064697,5.021445035638712,4.892976143021078,5.021445035638712,13213600
1997-09-05,4.859464168548584,5.021446648417623,4.825950622558594,4.971175988515219,11224000
1997-09-08,4.848291397094727,4.904147288766325,4.781264327088809,4.8650485055135135,20735200
1997-09-09,4.881805419921875,4.948832496625608,4.814778343218142,4.825949522668765,14639200
1997-09-10,4.7477521896362305,4.876221119214383,4.725409826390883,4.870635187485639,23548000
1997-09-11,4.82595157623291,4.82595157623291,4.697483298801604,4.703068549986239,16307200
1997-09-12,4.848291397094727,4.870633753763366,4.714237257082891,4.825949040426088,11885600
1997-09-15,4.7365803718566895,4.848292173079725,4.7365803718566895,4.848292173079725,9650400
1997-09-16,4.7477521896362305,4.798022847855669,4.697482213251607,4.742166939742301,17984800
1997-09-17,4.703067302703857,4.742166777966773,4.680724940220704,4.703067302703857,18564000
1997-09-18,4.908811092376709,4.942356498474956,4.696356853754483,4.701948096012374,25782400
1997-09-19,4.858491897583008,4.975900443203701,4.785809864474571,4.808173461972116,34753600
1997-09-22,4.95353889465332,4.987084304775126,4.813766693720687,4.864084467661838,19523200
1997-09-23,4.931173801422119,4.998264601441467,4.892037842652288,4.9535374014285685,18414400
1997-09-24,4.875266075134277,4.942356892681997,4.852902469285038,4.925584529536612,9191200
1997-09-25,4.819357872009277,4.847312725269494,4.796994262394385,4.84172148162417,9016800
1997-09-26,4.785810947418213,4.847311195694287,4.7802203880202,4.808174549976242,8713600
1997-09-29,4.785810947418213,4.813765791857243,4.757856785462171,4.763447344860184,7840000
1997-09-30,4.741084575653076,4.808175395119865,4.713130408783469,4.791403031494722,9102400
1997-10-01,4.729902744293213,4.7690393966577584,4.70194857758977,4.7690393966577584,9087200
1997-10-02,4.7354936599731445,4.74667546237865,4.707538812717852,4.724311857567639,6230400
1997-10-03,4.7578558921813965,4.80817364724838,4.724310494642454,4.7578558921813965,10140800
1997-10-06,4.673993110656738,4.757856964649263,4.668402551048177,4.757856964649263,9005600
1997-10-07,4.707540988922119,4.735495849100397,4.65722319607794,4.685177373772845,8344000
1997-10-08,4.65162992477417,4.76344795181201,4.65162992477417,4.741084346404442,18615200
1997-10-09,4.634856700897217,4.696356263101115,4.595720057463233,4.65162906059539,13612800
1997-10-10,4.640446186065674,4.696355176259236,4.601310234171575,4.657219224365138,9501600
1997-10-13,4.65722131729126,4.707539089836563,4.640448271454094,4.696357286772818,6336000
1997-10-14,4.673993110656738,4.690766154448449,4.6348571459477705,4.668402551048177,9076000
1997-10-15,4.662812232971191,4.713130691834757,4.618085017307199,4.634858064422771,9233600
1997-10-16,4.584540367126465,4.696358424861256,4.567767999707877,4.696358424861256,12010400
1997-10-17,4.472720623016357,4.523039071266794,4.427993416786194,4.517447829246521,24133600
1997-10-20,4.467129707336426,4.489493308668566,4.433584305338216,4.472720266427985,13648000
1997-10-21,4.3720855712890625,4.427994593939818,4.293812939578006,4.427994593939818,28930400
1997-10-22,4.388861179351807,4.427997176793798,4.377679368299297,4.377679368299297,29968000
1997-10-23,4.383266925811768,4.427994139340459,4.288221938304857,4.293812498754384,19533600
1997-10-24,4.344130039215088,4.400039044337014,4.254675631020008,4.3888572433126285,13958400
1997-10-27,4.092540264129639,4.36090356013814,4.025449440127514,4.265858567376706,14493600
1997-10-28,4.215540409088135,4.316176652275915,4.025449727511216,4.025449727511216,27999200
1997-10-29,4.277040481567383,4.349721868200614,4.170812999585679,4.226722021027847,17536000
1997-10-30,4.23231315612793,4.338539952908599,4.181994696875814,4.204358304880498,11026400
1997-10-31,4.215540409088135,4.271449433081346,4.19317679949085,4.237904018685419,10211200
1997-11-03,4.344130039215088,4.349720598485795,4.221130227946852,4.288221034093163,11335200
1997-11-04,4.388861179351807,4.400042990404316,4.29940669093173,4.327360877321212,16032000
1997-11-05,4.360905170440674,4.372086978570009,4.271450705405994,4.372086978570009,15204800
1997-11-06,4.344130039215088,4.360902399510179,4.321766437166318,4.349720598485795,9236000
1997-11-07,4.29380989074707,4.327355280518532,4.260264500975609,4.282628094156583,7520000
1997-11-10,4.2658586502075195,4.3273582321620365,4.243495041772573,4.316176427944564,10116800
1997-11-11,4.249087810516357,4.293815050627056,4.204360570405659,4.271451430571707,7676800
1997-11-12,4.181995868682861,4.243496149169871,4.181995868682861,4.2155412900894085,8453600
1997-11-13,4.187586784362793,4.249086377532806,4.137268314966153,4.176404978106127,6112000
1997-11-14,4.355310916900635,4.383265072293748,4.204356293832778,4.204356293832778,5664800
1997-11-17,4.478312015533447,4.500675619400074,4.349720952058831,4.455948411666821,11433600
1997-11-18,4.534221172332764,4.590130183813543,4.478312160851984,4.478312160851984,13595200
1997-11-19,4.528631687164307,4.556586544993398,4.517449880529333,4.517449880529333,7342400
1997-11-20,4.472720623016357,4.550993233919144,4.472720623016357,4.511857269709253,6825600
1997-11-21,4.550995826721191,4.550995826721191,4.48390497915282,4.489496224358548,7743200
1997-11-24,4.360905170440674,4.461541443604689,4.338541554182004,4.461541443604689,15057600
1997-11-25,4.467129707336426,4.495083867760125,4.360902259767286,4.377675302007866,11511200
1997-11-26,4.461540222167969,4.483903832304149,4.422404245671263,4.461540222167969,10286400
1997-11-28,4.355310916900635,4.4671289034387405,4.355310916900635,4.4615376628704215,5298400
1997-12-01,4.455947399139404,4.478310997924337,4.3776748033921375,4.3776748033921375,8693600
1997-12-02,4.316176414489746,4.472721673046369,4.310585853640021,4.467131112196644,14576000
1997-12-03,4.2882232666015625,4.31617744247437,4.215541180862274,4.277041459755774,24898400
1997-12-04,4.316176414489746,4.3385400228549775,4.2546768327269415,4.293812806124514,17211200
1997-12-05,4.226718902587891,4.304991474858037,4.226718902587891,4.282627882780853,23044800
1997-12-08,4.215540409088135,4.249085823484061,4.204358604289492,4.249085823484061,16957600
1997-12-09,4.154040336608887,4.221131157530028,4.13726729013704,4.1987675505563145,17191200
1997-12-10,4.159629821777344,4.226720625354397,4.154039262720729,4.154039262720729,11036000
1997-12-11,4.0366315841674805,4.120495462476278,3.986313803168772,4.1149042187635265,18121600
1997-12-12,3.9751319885253906,4.047813379231309,3.935995330081273,4.031041013100409,14348000
1997-12-15,3.9751319885253906,4.058995184146313,3.9695407448262836,3.991904354656291,13890400
1997-12-16,4.003084182739258,4.148447574849901,3.980720583953005,3.980720583953005,15252000
1997-12-17,3.8856778144836426,3.9919046271867598,3.874496008805248,3.9807228215083654,13436000
1997-12-18,3.583125591278076,3.9134453234375086,3.583125591278076,3.863057278096676,20759200
1997-12-19,3.5943222045898438,3.5943222045898438,3.3815741613275168,3.4711522848063914,64632000
1997-12-22,3.571927309036255,3.6167163662028536,3.5383355161613057,3.5495327804529553,16414400
1997-12-23,3.4935483932495117,3.549534745705434,3.454358288243944,3.5439364521734187,17004800
1997-12-24,3.4711544513702393,3.499147974143313,3.454358884448213,3.4711544513702393,8492800
1997-12-26,3.504746437072754,3.504746437072754,3.476753596381672,3.4823518911489666,8316800
1997-12-29,3.465554714202881,3.4991465174903382,3.4431601786779087,3.4935475418956017,16860800
1997-12-30,3.5607333183288574,3.5775295719214695,3.4599578470553993,3.465556826062071,20009600
1997-12-31,3.499148368835449,3.6055221271462767,3.49354939027838,3.538338485025539,21385600
1998-01-02,3.588726043701172,3.5999233157822563,3.515943433460498,3.515943433460498,11108800
1998-01-05,3.8350653648376465,3.863058198475351,3.689500853011039,3.723092663432564,26392800
1998-01-06,3.8294665813446045,3.8798546412337753,3.784677498521861,3.829466581344605,19414400
1998-01-07,3.7958743572235107,3.835065142153229,3.7510852792621714,3.779078794701555,20752800
1998-01-08,3.7790799140930176,3.8126717325141675,3.751086390361745,3.8014744597071175,9124800
1998-01-09,3.5383379459381104,3.7678823632584773,3.5383379459381104,3.762283385554446,13812800
1998-01-12,3.577528476715088,3.5831267705805225,3.4823513301579454,3.4935486013160095,13344800
1998-01-13,3.6671056747436523,3.667105674743652,3.566330261011526,3.583125821586707,7830400
1998-01-14,3.6895017623901367,3.695100057126678,3.566331760485914,3.655909943688985,15986400
1998-01-15,3.7062978744506836,3.734291402527305,3.6671077552562954,3.672706050815179,8615200
1998-01-16,3.6895017623901367,3.734290853991672,3.667107216589369,3.7174946029274456,9079200
1998-01-20,3.7342886924743652,3.7454859588934384,3.678302360378999,3.7342886924743652,9015200
1998-01-21,3.7286882400512695,3.7790762606841986,3.7230899507735185,3.739885502033405,9165600
1998-01-22,3.6055219173431396,3.717494647695411,3.594324644307912,3.6839028285897295,11049600
1998-01-23,3.5943222045898438,3.6503085317641406,3.5719276737201255,3.6503085317641406,8397600
1998-01-26,3.5943222045898438,3.6055194700247033,3.5719276737201255,3.588723913585837,5478400
1998-01-27,3.6279149055480957,3.6615067102290966,3.5831258326400945,3.5831258326400945,7167200
1998-01-28,3.6559085845947266,3.6950986834633905,3.5943232648234797,3.6335140471191907,7209600
1998-01-29,3.678302764892578,3.7790781737467993,3.650309254052915,3.661506521703384,14968000
1998-01-30,3.588726043701172,3.739888875082186,3.57192979386592,3.7286916030011015,18786400
1998-02-02,3.6895017623901367,3.7398891487282135,3.594324601023223,3.6111208520874496,17048000
1998-02-03,3.7398881912231445,3.751085461256747,3.6447117376510887,3.6727045710215314,11381600
1998-02-04,3.7790799140930176,3.7790799140930176,3.689501731636618,3.717494571940595,9424000
1998-02-05,3.6279149055480957,3.7678811000991073,3.6279149055480957,3.762282124272099,15995200
1998-02-06,3.678302764892578,3.6950983246547913,3.5887246236888255,3.6447109619411706,11097600
1998-02-09,3.5943222045898438,3.7006965679344304,3.588723913585837,3.6783020370647117,12923200
1998-02-10,3.611121654510498,3.633516205287532,3.560733573548444,3.611121654510498,16761600
1998-02-11,3.6055219173431396,3.6223181686096346,3.583127371272685,3.6223181686096346,10865600
1998-02-12,3.6335129737854004,3.6503085302171487,3.5775266466348303,3.6055194684966927,11658400
1998-02-13,3.6615078449249268,3.66710682248705,3.577528648910905,3.6223177356989775,15371200
1998-02-17,3.9750311374664307,4.075806574754312,3.683902096412551,3.6950993672223156,51872000
1998-02-18,3.9974260330200195,4.187779653640021,3.975031489417667,4.0142222824354015,41999200
1998-02-19,4.042215824127197,4.120596740384511,3.975032181620928,4.059012076467441,15639200
1998-02-20,4.036614418029785,4.114995273880589,4.008620913512513,4.075804504241773,19660000
1998-02-23,4.182180404663086,4.254962313041038,4.109397812858056,4.1205950821029,19777600
1998-02-24,3.8630592823028564,4.1877802074819375,3.8070729158926704,4.182181912554581,16074400
1998-02-25,4.0310187339782715,4.0870051052835255,3.885454168584612,3.8966514428456622,47615200
1998-02-26,3.9526355266571045,3.997424597780698,3.9078464555335115,3.997424597780698,25164800
1998-02-27,3.9302403926849365,3.997423989141089,3.9134448352843405,3.9470366335124165,13828800
1998-03-02,3.9526355266571045,3.9694317700419464,3.9190437233144095,3.930240991095308,15536000
1998-03-03,3.9694318771362305,3.980629145219228,3.9078465609662385,3.9302410971322344,16426400
1998-03-04,4.053412437438965,4.059011415115899,3.9134468800697486,3.9470386958496295,9147200
1998-03-05,4.09260368347168,4.142991070999912,3.9974265198566714,4.0086237930215365,14185600
1998-03-06,4.165383338928223,4.204574115282148,4.114995978961111,4.114995978961111,8654400
1998-03-09,4.159784317016602,4.210171668139971,4.15418534276577,4.187777137990291,8670400
1998-03-10,4.243767261505127,4.243767261505127,4.182182590189087,4.193379865285406,8204000
1998-03-11,4.221371173858643,4.266160257931413,4.198976631822257,4.215772880063139,8839200
1998-03-12,4.103800296783447,4.238167553156812,4.075806776658726,4.226970281792364,9818400
1998-03-13,4.014220714569092,4.087002611136115,4.008621739141724,4.081404319135713,9180000
1998-03-16,4.042215824127197,4.047814802716396,3.9302430866167484,4.008624002874063,10159200
1998-03-17,3.986229419708252,4.042215787962581,3.975032146057386,4.0254202191999555,9323200
1998-03-18,4.1373724937438965,4.1485848853258585,3.957974228432508,3.963580766398525,17452000
1998-03-19,3.929943323135376,4.0588854753428,3.9131243947365673,4.053279622109881,23226400
1998-03-20,3.9747912883758545,3.9860036746838965,3.8458485036584933,3.9075169705276007,19979200
1998-03-23,3.935548782348633,3.9635800987568635,3.857062054495526,3.857062054495526,11820000
1998-03-24,4.008430004119873,4.014035857276257,3.9467615132995597,3.9467615132995597,11624800
1998-03-25,3.9467613697052,4.042067029046373,3.929943126497929,4.019642248536684,16196000
1998-03-26,3.9243335723876953,3.957970717293876,3.9019088091169087,3.907515342109338,8842400
1998-03-27,3.929943323135376,3.94115571395124,3.901912003920703,3.935549176368295,7798400
1998-03-30,3.845850944519043,3.901912911640312,3.8346385510947893,3.8907005182160583,6508000
1998-03-31,3.9691848754882812,3.991609648796125,3.8570610089490645,3.868273395602986,13049600
1998-04-01,3.957973003387451,4.002822555833768,3.9019110628295555,3.9691853914990305,9975200
1998-04-02,4.008430004119873,4.053279566771005,3.9411556601431763,3.9411556601431763,14131200
1998-04-03,4.042065143585205,4.075702298659355,3.9747908334369044,4.0308527585604885,10760000
1998-04-06,4.025245189666748,4.042064105057373,4.008426958625618,4.019639340769537,7914400
1998-04-07,3.9691848754882812,4.019640957605815,3.9635790243362066,4.014034422103968,6774400
1998-04-08,3.929943323135376,3.9579739580000233,3.901912003920703,3.946761567184159,6631200
1998-04-09,3.9691848754882812,3.9860037976440497,3.9299418643744413,3.9355477155265164,3745600
1998-04-13,3.935548782348633,3.9467611720419336,3.890699223575429,3.9467611720419336,7387200
1998-04-14,3.935548782348633,3.9467611720419336,3.890699223575429,3.935548782348633,5251200
1998-04-15,3.8794875144958496,3.9355494727978124,3.879487514495849,3.9299436191426547,6472000
1998-04-16,3.845850944519043,3.8738822702547697,3.8458509445190434,3.862669876830516,6545600
1998-04-17,3.935548782348633,3.935548782348633,3.845849664802225,3.857062054495526,7980000
1998-04-20,3.8738808631896973,3.9243362730974107,3.8738808631896977,3.9075180312448183,6832800
1998-04-21,4.199039936065674,4.20464578827509,3.8570617364443494,3.8570617364443494,20696000
1998-04-22,4.260710716247559,4.2719231128692625,4.081312370300293,4.1597991466522215,26894400
1998-04-23,4.204644680023193,4.210251215104751,4.14297690022438,4.204644680023193,10636800
1998-04-24,4.221465587615967,4.238283832076169,4.120554067804629,4.187828414345521,11449600
1998-04-27,4.221465587615967,4.232677978706115,4.092522747904237,4.131766458894778,10312000
1998-04-28,4.344799518585205,4.372830138838825,4.238281519182245,4.238281519182245,16518400
1998-04-29,4.322375297546387,4.350405921359651,4.221463819989075,4.260706830197596,7426400
1998-04-30,4.283131122589111,4.356011968158792,4.266312887057449,4.333587197883456,5620800
1998-05-01,4.288738250732422,4.299950637421461,4.21585739507878,4.2943441019020545,5657600
1998-05-04,4.322375297546387,4.3728306941501645,4.271919216592853,4.288738138360616,6195200
1998-05-05,4.221465587615967,4.344801889607601,4.199040805435669,4.344801889607601,7532000
1998-05-06,4.1934332847595215,4.2158580616833685,4.15979611937375,4.2158580616833685,5440800
1998-05-07,4.092521667480469,4.19343316065122,4.092521667480469,4.19343316065122,5353600
1998-05-08,4.126160621643066,4.137373014636662,4.092523442662281,4.092523442662281,3972000
1998-05-11,4.0757036209106445,4.159796193702734,4.05888469574229,4.12615902771592,4276800
1998-05-12,4.25510311126709,4.2607089650987495,4.086917231065823,4.092523084897483,6202400
1998-05-13,4.232677936553955,4.249496180846669,4.176615981661519,4.249496180846669,4926400
1998-05-14,4.1766157150268555,4.249495909559342,4.171009177720515,4.221465276077614,6278400
1998-05-15,4.215860366821289,4.255104090070551,4.13737360467302,4.15979839385824,5268800
1998-05-18,4.159793853759766,4.221462298887832,4.159793853759766,4.204643383180356,8905600
1998-05-19,4.199039936065674,4.199039936065674,4.154190380990739,4.1766151585282065,4840000
1998-05-20,4.1373724937438965,4.15979727690782,4.0813105358340875,4.109341856964028,9223200
1998-05-21,4.210251331329346,4.283131498953422,4.103733320986786,4.15979525160136,8573600
1998-05-22,4.232677936553955,4.2775275004679045,4.215859007911207,4.221465545575468,6906400
1998-05-26,4.215860366821289,4.255104090070551,4.187829722514892,4.2438916954779415,5351200
1998-05-27,4.204644680023193,4.238281837463379,4.154189286037775,4.171007522583008,7186400
1998-05-28,4.204644680023193,4.232675986731541,4.176614057664565,4.215857065836588,6461600
1998-05-29,4.126160621643066,4.215859765591829,4.120554767321348,4.199041518276515,6745600
1998-06-01,4.103734016418457,4.148583568510462,4.06449100051288,4.103734016418457,7456800
1998-06-02,4.103734016418457,4.142977716673889,4.070096852349454,4.092521628395456,4718400
1998-06-03,4.103734016418457,4.1878272687658935,4.103734016418457,4.109340552604885,3593600
1998-06-04,4.131764888763428,4.131764888763428,4.08130880585679,4.103733579515344,3767200
1998-06-05,4.154191970825195,4.187829150004548,4.1205547916458425,4.1261606460006535,3918400
1998-06-08,4.120553970336914,4.1934341685239485,4.098129188687054,4.109341579511984,4076800
1998-06-09,4.120553970336914,4.131766361161844,4.092522651099576,4.103735041924506,4015200
1998-06-10,4.036459922790527,4.12055318002361,4.036459922790527,4.092521866162618,3536800
1998-06-11,4.019640922546387,4.081308706430202,4.0140343870934405,4.053278082214767,4486400
1998-06-12,3.963580846786499,4.030855197642705,3.935549525088037,3.9860056304052343,4196000
1998-06-15,3.8959879875183105,3.9465126700541897,3.8959879875183105,3.912829776790343,4994400
1998-06-16,3.9352869987487793,4.008266294524207,3.907217564410151,3.907217564410151,5760800
1998-06-17,4.002650737762451,4.002650737762451,3.9465125835531616,3.9577402143950198,4744800
1998-06-18,3.9970383644104004,3.9970383644104004,3.9184449134248025,3.9745830927002297,3929600
1998-06-19,4.002650737762451,4.036333630288025,3.997036579701421,3.997036579701421,4695200
1998-06-22,4.098086833953857,4.120542104276892,4.0194933878232355,4.0194933878232355,6996000
1998-06-23,4.126156806945801,4.137384443583366,4.064404462798909,4.114929170308235,7439200
1998-06-24,4.182295322418213,4.193522959947818,4.103701859710977,4.126157134770187,5740000
1998-06-25,4.232815265655518,4.311408652550978,4.17667713215876,4.187904758858111,10732000
1998-06-26,4.288955211639404,4.311410474527569,4.215975949892989,4.221589422974911,6512000
1998-06-29,4.423686981201172,4.485439299467211,4.367548821541258,4.390004085405224,14334400
1998-06-30,4.373161792755127,4.462982823822959,4.311409491255951,4.43491340897422,12824000
1998-07-01,4.676311016082764,4.687538652753694,4.5415793760316,4.558420488397716,45736800
1998-07-02,4.693150997161865,4.6987651567843125,4.625785193374853,4.676309888855308,15752800
1998-07-06,4.620172023773193,4.732448370823812,4.620172023773193,4.681923672010814,14107200
1998-07-07,4.592101573944092,4.625784470574488,4.569646309523827,4.603329206154224,7488800
1998-07-08,4.693150997161865,4.693150997161865,4.547191755623338,4.586488817139292,9149600
1998-07-09,4.592101573944092,4.6706949994150175,4.586488100479168,4.6706949994150175,7120000
1998-07-10,4.580874919891357,4.620171983658093,4.513509112245896,4.53596438146105,6319200
1998-07-13,4.513509750366211,4.535965022756092,4.479826841781389,4.535965022756092,8272000
1998-07-14,4.468597412109375,4.558418465619111,4.468597412109375,4.502280307175526,6861600
1998-07-15,4.350707054138184,4.479824459065141,4.3450928963864905,4.434913938172258,15517600
1998-07-16,4.462983131408691,4.462983131408691,4.356320307024471,4.36754793668175,7047200
1998-07-17,4.513509750366211,4.519123911103946,4.468599205586448,4.491054477976329,8991200
1998-07-20,4.479825973510742,4.530350669235648,4.479825973510742,4.513508875567214,5872000
1998-07-21,4.288955211639404,4.4629838416627985,4.255272317307158,4.457369683300637,9376000
1998-07-22,4.356321811676025,4.356321811676025,4.2552731098587975,4.300183643999787,5340000
1998-07-23,4.159839630126953,4.356322924547456,4.1149290845130615,4.345095288143983,7552800
1998-07-24,4.10931396484375,4.154224499978654,4.064403429708846,4.148611025726983,6728800
1998-07-27,4.165451526641846,4.165451526641846,4.041947573021737,4.053175205169019,4964800
1998-07-28,4.041946887969971,4.165450820657942,4.019491627481249,4.165450820657942,13316000
1998-07-29,4.098086833953857,4.114928629336367,4.025107548044227,4.025107548044227,4367200
1998-07-30,4.114928245544434,4.182294050230451,4.098086451732728,4.103700611430097,6249600
1998-07-31,3.9970383644104004,4.1261565193841365,3.9465143457027705,4.092473611818881,5735200
1998-08-03,4.013880252838135,4.06440427270386,3.9633555476918856,3.9858108199167686,4400000
1998-08-04,3.862304925918579,4.0644022766933885,3.845463822660772,4.002650651041179,9532000
1998-08-05,3.957742214202881,3.9689698507179525,3.8398516881543587,3.85107932466943,10292000
1998-08-06,3.9072165489196777,3.918444182680941,3.862306013874624,3.9072165489196777,6529600
1998-08-07,3.8791489601135254,3.952128258612382,3.8735347989240676,3.9072177102190593,3559200
1998-08-10,3.856691360473633,3.9408982452971615,3.856691360473633,3.8903742514590784,6085600
1998-08-11,3.7724833488464355,3.8454632800802364,3.6995041028927256,3.839849122932979,8293600
1998-08-12,3.6209142208099365,3.7837146571880345,3.514251298812625,3.76687353992995,16312800
1998-08-13,3.587228775024414,3.6321393031293816,3.5367040882661884,3.598456407050656,13213600
1998-08-14,3.559159994125366,3.6152981643797095,3.514249457921892,3.5872294218927374,9128000
1998-08-17,3.5142486095428467,3.5591591349044167,3.4637246111511972,3.5030209782024544,14249600
1998-08-18,3.5367038249969482,3.5872285079941593,3.4974074584704273,3.51986272085136,7243200
1998-08-19,3.5479304790496826,3.587227520033605,3.5142475947549072,3.5479304790496826,6469600
1998-08-20,3.5479304790496826,3.6209104043283804,3.531089379542313,3.5703857352462,4884000
1998-08-21,3.5647730827331543,3.5647730827331547,3.4861796679909456,3.531090190700779,7956800
1998-08-24,3.5198631286621094,3.5984565561011963,3.4805660723024143,3.4805660723024143,5218400
1998-08-25,3.5310916900634766,3.581615706925316,3.514249894255874,3.547932800590595,4661600
1998-08-26,3.3570621013641357,3.5198631144717774,3.3570621013641357,3.469338425824475,11097600
1998-08-27,3.256013870239258,3.328993834108957,3.2391727618264947,3.3233796744511044,19092800
1998-08-28,3.1886467933654785,3.2784678297983088,3.1774191638113747,3.2335573115818934,17882400
1998-08-31,3.115668773651123,3.2111033198887378,3.110054614018113,3.1942622115504977,20403200
1998-09-01,3.087599754333496,3.1437379316850143,3.065144483392889,3.104441550179194,16265600
1998-09-02,2.8518190383911133,3.065144084569976,2.8462055640266044,3.065144084569976,17334400
1998-09-03,3.0090062618255615,3.025848057423778,2.784453555719176,2.8405917322457728,12467200
1998-09-04,3.087599754333496,3.1268968211198014,3.0090063060413708,3.0090063060413708,10716000
1998-09-08,3.1549646854400635,3.256013376432806,3.087598891444902,3.256013376432806,10593600
1998-09-09,3.0090062618255615,3.166193156100031,2.9809375162025007,3.154965520794712,8844800
1998-09-10,2.941640853881836,2.9753237644224675,2.9304132170349586,2.952868490728713,11260000
1998-09-11,3.059530258178711,3.070757890896284,2.8798881346975485,2.919184506568894,6246400
1998-09-14,3.1718075275421143,3.2335591831919785,3.048303530961865,3.048303530961865,6228000
1998-09-15,3.098825216293335,3.1718051383025645,3.048301234754642,3.1605775107072986,8828800
1998-09-16,3.250399589538574,3.3177653770390605,3.0651433312721235,3.0932127520374397,9880000
1998-09-17,3.03649640083313,3.1883215640841054,3.0308736025594247,3.0646124514575708,8749600
1998-09-18,3.3963775634765625,3.503217598252208,3.250175880280551,3.3064072968944016,23062400
1998-09-21,3.5144622325897217,3.548201066727775,3.3288983016212597,3.3963759698973663,10066400
1998-09-22,3.4694783687591553,3.565071423336488,3.452608602411047,3.514463497129332,11498400
1998-09-23,3.4863460063934326,3.5482008755224665,3.4582306560026357,3.4582306560026357,8766400
1998-09-24,3.767503023147583,3.77874930082862,3.5819397846196206,3.610055135613057,13841600
1998-09-25,3.6831562519073486,3.7112716026577224,3.60443230882067,3.6437939371548547,9012800
1998-09-28,3.57631778717041,3.6887806106663352,3.5538252224712252,3.643795481267965,4242400
1998-09-29,3.4919707775115967,3.6044335934311564,3.4863472935063418,3.598810109425901,5456800
1998-09-30,3.3120291233062744,3.491969566367578,3.306405641251451,3.491969566367578,5452000
1998-10-01,3.3513903617858887,3.413245225095082,3.2445510793676045,3.261420150731234,5378400
1998-10-02,3.5257089138031006,3.5313317102599115,3.351391240947305,3.351391240947305,7124800
1998-10-05,3.4357383251190186,3.491969715984973,3.3401446174377223,3.475099955516014,5522400
1998-10-06,3.452608346939087,3.5200860345014147,3.4357392682577723,3.486347190720251,3647200
1998-10-07,3.4076220989227295,3.5538237071273353,3.345767915583781,3.4582306911257854,5289600
1998-10-08,3.328897476196289,3.351390026711129,3.1939421731072506,3.26141982465177,7788000
1998-10-09,3.3851284980773926,3.407621046237375,3.2501732091174964,3.3626359499174097,8524000
1998-10-12,3.4638540744781494,3.508839192328515,3.373883838777418,3.373883838777418,2730400
1998-10-13,3.430116653442383,3.4863480739906185,3.3120310135004414,3.4582327069258545,7484800
1998-10-14,3.4975929260253906,3.531331764540105,3.3795073344331037,3.385130130976343,8373600
1998-10-15,3.593186378479004,3.5988091746051367,3.4919698704432345,3.4919698704432345,6350400
1998-10-16,3.5819406509399414,3.6213022891343343,3.565070887129143,3.5988097283322578,6332800
1998-10-19,3.587562084197998,3.6156781177221395,3.536954184840052,3.559446737092077,4057600
1998-10-20,3.5706934928894043,3.6775327872297354,3.5425774555882774,3.6100551214090064,10685600
1998-10-21,3.5369560718536377,3.5931874824839136,3.5088400233292063,3.5931874824839136,6608800
1998-10-22,3.6213021278381348,3.6213021278381348,3.5032165320961166,3.536955371796472,5372800
1998-10-23,3.6213021278381348,3.6662872474386083,3.5988095680378978,3.6213021278381348,4657600
1998-10-26,3.829360246658325,3.868721899519651,3.649419693192295,3.65504249227874,6806400
1998-10-27,3.9080822467803955,3.9586901584375913,3.8349810909864166,3.8349810909864166,8579200
1998-10-28,3.7956206798553467,3.9024600201960795,3.784374397376396,3.9024600201960795,5112800
1998-10-29,3.857475757598877,3.879968327614031,3.745012907523108,3.7843752482590083,3850400
1998-10-30,3.9024581909179688,4.037413517405045,3.891211913710712,3.947443299746994,9233600
1998-11-02,3.874345064163208,3.9137067137647197,3.7787513098417986,3.9137067137647197,9889600
1998-11-03,3.9024581909179688,3.9530667815597655,3.801241696052661,3.8237342504671736,6630400
1998-11-04,3.8462252616882324,3.9530651954996894,3.834978988993238,3.9193263774147047,13336800
1998-11-05,3.7450108528137207,3.795619450790667,3.7000257374646073,3.7843731719533884,9959200
1998-11-06,4.138631820678711,4.284833488257035,3.6775342537009195,3.688780535822329,23649600
1998-11-09,3.9249508380889893,4.054283372238036,3.9249508380889893,4.048659890292368,8827200
1998-11-10,4.020546913146973,4.0711548484403295,3.9024605867646254,3.941822924364977,10190400
1998-11-11,3.969937562942505,4.026168973182484,3.9080833548878195,4.026168973182484,5187200
1998-11-12,3.9418225288391113,4.014923025020929,3.9137064781716617,3.9137064781716617,5011200
1998-11-13,3.969937562942505,4.076777585607756,3.941822201031807,3.9586912808945094,3641600
1998-11-16,3.8912131786346436,4.183616481075397,3.868720616908432,4.127385076759868,9463200
1998-11-17,3.879967451095581,3.992430275765018,3.8518520881375253,3.9024600160294685,6519200
1998-11-18,3.7225208282470703,3.8349836931487946,3.7225208282470703,3.8349836931487946,6533600
1998-11-19,3.76188063621521,3.8630971463409325,3.683156683895204,3.739388078409494,16805600
1998-11-20,3.8406059741973877,3.8406059741973877,3.7675047917452504,3.7843745593952196,5000000
1998-11-23,3.9755613803863525,4.020546512348752,3.834982499794535,3.834982499794535,4933600
1998-11-24,3.7787487506866455,3.947442891342299,3.773125955873898,3.9305738204858414,10445600
1998-11-25,3.7337656021118164,3.8068667778925707,3.705650240485925,3.784374214024427,3832000
1998-11-27,3.688778877258301,3.733763985517548,3.688778877258301,3.733763985517548,2108800
1998-11-30,3.5988094806671143,3.638171802571128,3.5369552859273656,3.5988094806671143,9995200
1998-12-01,3.5594470500946045,3.6325475081327165,3.508838459868135,3.553823568327983,7249600
1998-12-02,3.5088396072387695,3.5650710112009296,3.5032168100518066,3.536955652429102,7941600
1998-12-03,3.317652702331543,3.4638543468410687,3.2951601416377696,3.3738841040659757,17280800
1998-12-04,3.233304977416992,3.368260301279581,3.1377112798051887,3.3288979886105228,25311200
1998-12-07,3.3120291233062744,3.3120291233062744,3.1602040312641417,3.2276816974121303,10679200
1998-12-08,3.4413604736328125,3.5257078872740975,3.2839126088260824,3.295158884883706,12660800
1998-12-09,3.317652702331543,3.4638543468410687,3.317652702331543,3.3626378237190893,9202400
1998-12-10,3.2839133739471436,3.3513910460145504,3.2726670952692425,3.3064059313029457,9132800
1998-12-11,3.2389302253723145,3.3795091373912736,3.216437654362785,3.2614227963818445,8399200
1998-12-14,3.430116653442383,3.59881091508709,3.4188703693327356,3.4975943581002658,21164800
1998-12-15,3.7225208282470703,3.7225208282470703,3.475102525463277,3.4863488119534494,15022400
1998-12-16,3.7787487506866455,3.778748750686645,3.6325471621184118,3.7168945756553464,12693600
1998-12-17,3.739107608795166,3.8179442150047027,3.71658286416387,3.750369981110814,9514400
1998-12-18,3.5758016109466553,3.7954174080695293,3.5645392447506032,3.7954174080695293,12711200
1998-12-21,3.525120973587036,3.6996880108673995,3.525120973587036,3.553277235606596,7503200
1998-12-22,3.5363821983337402,3.564538451256207,3.468808016199975,3.5363821983337407,5575200
1998-12-23,3.6321158409118652,3.643378214546629,3.530754478198986,3.536385321316001,7424800
1998-12-24,3.7222118377685547,3.7334742023497003,3.6039566659664404,3.6039566659664404,5200800
1998-12-28,3.5645394325256348,3.733474934365705,3.5251208050627936,3.7165810404815396,3980000
1998-12-29,3.7165780067443848,3.7334718868385557,3.5420118077032385,3.5476426428014585,6569600
1998-12-30,3.6546382904052734,3.6884253900666457,3.5870640910825284,3.6264820303206453,6509600
1998-12-31,3.6546382904052734,3.7109501231742277,3.6264820303206453,3.649006763428227,7983200
1999-01-04,3.7222118377685547,3.784154499264762,3.6490061242910206,3.654637650281684,9884800
1999-01-05,3.665902614593506,3.7560015951377315,3.649008712041129,3.7109521048656187,5804000
1999-01-06,3.930565595626831,3.981246584542772,3.6602688211424645,3.6602688211424645,28024000
1999-01-07,3.8686230182647705,3.8911477499944045,3.8460982865351365,3.851729125767415,12841600
1999-01-08,3.9530913829803467,3.953091382980347,3.806680591018112,3.8742548026929895,9901600
1999-01-11,3.998140335083008,4.037558963776953,3.936197659507243,3.947460026648322,7717600
1999-01-12,3.7841544151306152,3.8855156941073283,3.7447364836730883,3.8855156941073283,9742400
1999-01-13,3.7897887229919434,3.874256173778048,3.6490087218142078,3.6602710944123995,5936800
1999-01-14,3.7222118377685547,3.784154499264762,3.671530853453311,3.7672612960931353,8070400
1999-01-15,3.6433751583099365,3.727842546015032,3.626481268328823,3.705317817640319,8468000
1999-01-19,3.5814337730407715,3.6377456248181423,3.564540561207828,3.6377456248181423,12502400
1999-01-20,3.5814337730407715,3.6433771536961466,3.5363842916188752,3.5589090323298236,10173600
1999-01-21,3.5532779693603516,3.5870650783206695,3.4913345925661896,3.502596962219629,6559200
1999-01-22,3.7616326808929443,3.8517316672616375,3.536385214971211,3.5476475882672975,13892000
1999-01-25,3.8123128414154053,3.8573623244016995,3.7672633584291115,3.7841565708486926,6273600
1999-01-26,3.7897887229919434,3.8066819381888957,3.7728948203943196,3.7954195655907035,6449600
1999-01-27,3.7897887229919434,3.8010510955901355,3.7672639777955594,3.7897887229919434,4900000
1999-01-28,3.846100091934204,3.857362463085694,3.7503695934462455,3.784156706900716,6062400
1999-01-29,4.099501132965088,4.1332882302148,3.82920435496739,3.840466720717294,17217600
1999-02-01,4.319118499755859,4.392323548531182,4.302224603945927,4.32474934009224,16517600
1999-02-02,4.2402825355529785,4.296594384050358,4.161445947656646,4.296594384050358,8541600
1999-02-03,4.392324924468994,4.4373744108738045,4.116397163939837,4.234651722052159,10312800
1999-02-04,4.279702186584473,4.386695084949468,4.2515465948468005,4.381063554161473,5932000
1999-02-05,4.392324924468994,4.392324924468994,4.234651722052159,4.302225951659374,9441600
1999-02-08,4.595046520233154,4.651358364843855,4.437373355323193,4.471160462089614,15592000
1999-02-09,4.57252311706543,4.690778368965722,4.476793296984827,4.504948883808305,13256000
1999-02-10,4.454266548156738,4.566890219571569,4.397954712449322,4.566890219571569,11956800
1999-02-11,4.454266548156738,4.488053649581187,4.431741813873772,4.4430041810152545,4362400
1999-02-12,4.476790428161621,4.4993151581463335,4.426109441995916,4.426109441995916,8892000
1999-02-16,4.5331034660339355,4.561259042348236,4.488053994010743,4.527471938330841,7483200
1999-02-17,4.36979866027832,4.583783646219785,4.352905452456811,4.510578599992627,5619200
1999-02-18,4.37542724609375,4.448632243103087,4.347271002120991,4.448632243103087,6967200
1999-02-19,4.386692047119141,4.437372352110613,4.34164258161548,4.375429680743226,6925600
1999-02-22,4.504947185516357,4.504947185516357,4.375430297632956,4.381061137914657,6579200
1999-02-23,4.859714031219482,4.865344873715584,4.459899467572618,4.499318114647958,22136000
1999-02-24,4.870975017547607,4.955442442758024,4.752719797372468,4.7865069049367275,16444800
1999-02-25,4.837188243865967,4.865343825079365,4.730195385493827,4.865343825079365,7234400
1999-02-26,4.814662933349609,4.865343248487809,4.797769036703257,4.837187670611127,6186400
1999-03-01,4.780876159667969,4.7977693700877575,4.640096198300836,4.752719892434351,5818400
1999-03-02,4.696407318115234,4.859711993020865,4.696407318115234,4.775243891800622,6003200
1999-03-03,4.57252311706543,4.617572605903513,4.504948883808305,4.57252311706543,8001600
1999-03-04,4.617570400238037,4.6851446012171305,4.555627726374028,4.578152460033726,10068000
1999-03-05,4.809032440185547,4.8653442954570405,4.640096874371066,4.640096874371066,14700800
1999-03-08,4.921653747558594,4.944178478668702,4.865341919783324,4.921653747558594,11220800
1999-03-09,4.876608371734619,4.983601277863385,4.854083621749702,4.899133121719537,12993600
1999-03-10,5.135642051696777,5.158166797537553,4.893501377608788,4.899132220368637,26400000
1999-03-11,5.017385959625244,5.220108610773729,5.000492061662629,5.135640495761619,15970400
1999-03-12,5.028648376464844,5.0905910656429985,4.932917891043436,4.932917891043436,13877600
1999-03-15,5.062432765960693,5.107482220218853,4.972333857444375,4.972333857444375,10092800
1999-03-16,5.090592384338379,5.220110012153516,5.0511744241776855,5.068067639274935,15654400
1999-03-17,5.180688858032227,5.2144759592802625,5.023015718874724,5.045540453040082,11342400
1999-03-18,4.9606194496154785,5.084634935855866,4.881700503826141,5.073360800743103,20670400
1999-03-19,5.569424629211426,5.727262574168834,5.163555627892374,5.163555627892374,53154400
1999-03-22,5.310115814208984,5.53559843901616,5.276293420487908,5.490501914054724,17344000
1999-03-23,5.118454456329346,5.141002713846215,5.005713168744999,5.062083812537172,15934400
1999-03-24,5.084635257720947,5.163554208505973,5.022627854734891,5.163554208505973,4042400
1999-03-25,5.129729270935059,5.169189070924479,5.028262098542936,5.101544289329731,7565600
1999-03-26,5.124093532562256,5.163552652000862,5.00571479800957,5.00571479800957,4932800
1999-03-29,5.101545810699463,5.208649736105584,5.0677234098156605,5.141004934337978,4348800
1999-03-30,5.169192790985107,5.186103654494713,5.078999683950417,5.078999683950417,10231200
1999-03-31,5.2030134201049805,5.2988432193748185,5.045175536974667,5.1917392855956725,8926400
1999-04-01,5.067723751068115,5.248109901261978,4.9324341384227175,5.203013363713512,5492800
1999-04-05,5.26501989364624,5.377761218991984,5.2537457611116665,5.270657303972748,10762400
1999-04-06,5.321389675140381,5.400308589814073,5.265019021802029,5.265019021802029,8829600
1999-04-07,5.231198787689209,5.366488411508757,5.186102246416026,5.355214276190462,5118400
1999-04-08,5.2537455558776855,5.310116216348476,5.129730102841946,5.231197291689369,5854400
1999-04-09,5.355213165283203,5.411583830180922,5.253745968467311,5.253745968467311,8464000
1999-04-12,5.219923496246338,5.265020027531404,5.169190242609869,5.231197629067605,6056800
1999-04-13,5.135369300842285,5.287569793043265,5.118457752754035,5.242473248966137,4472800
1999-04-14,5.062085151672363,5.1522782055997105,5.0282627564496085,5.1410040738587925,7496800
1999-04-15,5.321389675140381,5.32702708453338,5.078996209844632,5.124092732515313,17316800
1999-04-16,5.321389675140381,5.405945999207071,5.315752953865709,5.394671868539401,7256800
1999-04-19,5.377760887145996,5.445405678179279,5.304479374252471,5.400309150823757,12336800
1999-04-20,5.338302135467529,5.422857785992387,5.265019929435436,5.3777612555475445,4808000
1999-04-21,5.518689155578613,5.518689155578613,5.389036265385581,5.400310399831994,9105600
1999-04-22,5.546874523162842,5.586334340456026,5.445407306275716,5.569422793582203,8732800
1999-04-23,5.535599231719971,5.586333173625922,5.479228567445837,5.529962509351788,7376800
1999-04-26,5.772355556488037,5.840000348165631,5.546872917562723,5.586332723433856,13446400
1999-04-27,5.637067794799805,5.8174539642333984,5.637067794799805,5.727260879516602,13376800
1999-04-28,5.637067794799805,5.749809150695801,5.625793659210205,5.659616065979004,10225600
1999-04-29,5.625792026519775,5.693436820425825,5.569421364931401,5.637066158837451,5551200
1999-04-30,5.608881950378418,5.653978485906612,5.490503200557646,5.620156084260467,5672000
1999-05-03,5.665253162384033,5.72726056061486,5.591970941072777,5.597608352612991,6156000
1999-05-04,5.659615993499756,5.715986670725849,5.637067722609319,5.6821642643901935,4952000
1999-05-05,5.637067794799805,5.710350020191516,5.484867308399524,5.653979342243518,5605600
1999-05-06,5.659615993499756,5.6821642643901935,5.6201568635008,5.637067722609319,5484800
1999-05-07,5.682163238525391,5.749808038984026,5.614518438066755,5.648340838296073,7908000
1999-05-10,5.665253162384033,5.693438155729339,5.620156622536672,5.670889885805659,5184800
1999-05-11,5.907644748687744,5.947104896005354,5.794903436689887,5.851274092688815,22498400
1999-05-12,5.7949042320251465,5.86254902850793,5.727259435542362,5.86254902850793,7667200
1999-05-13,5.682163238525391,5.851275239671979,5.631429982240661,5.851275239671979,3602400
1999-05-14,5.62015438079834,5.642702641728086,5.541235467544229,5.546872188717508,7171200
1999-05-17,5.631430149078369,5.744171486516189,5.546873801940746,5.614518604403439,4776800
1999-05-18,5.541238307952881,5.608883125416485,5.467956078307977,5.580697440747317,5145600
1999-05-19,5.428495407104492,5.569421726156504,5.366487331276307,5.529962604544591,6663200
1999-05-20,5.772355556488037,5.7949038203805685,5.405946612293604,5.4228574661538005,12020800
1999-05-21,5.856912612915039,6.03166098126309,5.777993684188232,5.777993684188232,14919200
1999-05-24,5.7949042320251465,6.037298774206908,5.670888771806709,5.834364384758557,10530400
1999-05-25,5.5130510330200195,5.794904357816544,5.507414310583324,5.777993846447222,6896000
1999-05-26,5.563785076141357,5.64834073104993,5.462317877379981,5.591970065071387,9136800
1999-05-27,5.315754413604736,5.580696212990481,5.242472200081967,5.563785356404313,6435200
1999-05-28,5.496138572692871,5.535597682582902,5.315752497496686,5.315752497496686,5108800
1999-06-01,5.44540548324585,5.473591155893265,5.197374591669433,5.473591155893265,3431200
1999-06-02,5.34393835067749,5.524324455341709,4.89861049884689,5.445405534551114,13831200
1999-06-03,5.315754413604736,5.501777276645161,5.276294601372818,5.411584206536224,5183200
1999-06-04,5.411584854125977,5.411584854125977,5.157917158148121,5.304480914614032,4512800
1999-06-07,5.411584854125977,5.490503799915314,5.3270291848395575,5.3890365839004515,3314400
1999-06-08,5.219923496246338,5.394672899035196,5.203012641073668,5.394672899035196,5696800
1999-06-09,5.022624969482422,5.208647759698235,5.005713431398304,5.208647759698235,7997600
1999-06-10,5.208649158477783,5.276293952743728,5.039537172812921,5.045174583060965,18772800
1999-06-11,5.0057148933410645,5.203012558646839,4.938070097485104,5.203012558646839,7603200
1999-06-14,5.095781326293945,5.186072019217308,5.056278803708315,5.123996823400837,5964800
1999-06-15,4.943416118621826,5.157856543858847,4.943416118621826,5.11835470469426,6945600
1999-06-16,5.06756591796875,5.107068446616254,5.016777739837301,5.07885225631612,6642400
1999-06-17,5.146568298339844,5.197357145715566,4.9998459565012086,5.067563960426733,15643200
1999-06-18,5.361011505126953,5.3892276995857005,5.1522145593590345,5.1522145593590345,9522400
1999-06-21,5.406152248382568,5.417438578754974,5.2932889446585065,5.3835795876377555,7604800
1999-06-22,5.236860275268555,5.383582653670476,5.203001264868112,5.349723643270033,5657600
1999-06-23,5.507729530334473,5.541588523348824,5.163496779120056,5.191712262200527,8896000
1999-06-24,5.4456562995910645,5.496444456295699,5.344079297318659,5.496444456295699,4785600
1999-06-25,5.631880283355713,5.631880283355713,5.4851579513244015,5.4851579513244015,8427200
1999-06-28,5.767320156097412,5.801179178540254,5.6431704071403255,5.6544567479546055,13923200
1999-06-29,5.789891242980957,5.868895606920269,5.744745892158494,5.812463918392189,10247200
1999-06-30,5.722173690795898,5.863253612667129,5.693958188626062,5.863253612667129,13686400
1999-07-01,5.377938747406006,5.564162922699652,5.304577228537194,5.519017584584442,15401600
1999-07-02,5.056278705596924,5.265076273362379,5.011133360011237,5.248146424336093,25940000
1999-07-06,5.011134624481201,5.191716052390434,4.988561945992547,5.056279981458509,14617600
1999-07-07,4.9547014236450195,5.084494629971683,4.926485928534257,5.033705774363733,9987200
1999-07-08,4.870054721832275,4.9659882411500975,4.802336700362047,4.920842893503278,15916800
1999-07-09,4.9772748947143555,4.994204745590652,4.875697856046716,4.898270531306191,10581600
1999-07-12,4.943416118621826,5.011134147644043,4.920843442281088,4.971632308479457,9454400
1999-07-13,4.864409446716309,5.050634282727479,4.847480291913341,4.937770954497402,7919200
1999-07-14,4.943416118621826,4.943416118621826,4.847482588605393,4.847482588605393,9691200
1999-07-15,5.197357654571533,5.208643989664128,5.0224191162047,5.101423461852864,15593600
1999-07-16,5.3271484375,5.3271484375,5.15221064468309,5.23121496473076,15840000
1999-07-19,5.304577350616455,5.321507197230877,5.174784844979784,5.304577350616455,7604000
1999-07-20,5.2481465339660645,5.3045782171269895,5.219931036817262,5.293291880494805,8345600
1999-07-21,5.157853126525879,5.293289094837281,5.107064982840582,5.242500951151984,4239200
1999-07-22,4.8982696533203125,5.140926213296611,4.85876782312839,5.135282701061618,14855200
1999-07-23,4.99984884262085,5.01113518312338,4.77976554725329,4.898271778098079,7633600
1999-07-26,4.99984884262085,5.050637719314013,4.937774314288712,4.99984884262085,6710400
1999-07-27,4.87569522857666,4.999844875600603,4.847479744139087,4.988558544052972,8606400
1999-07-28,4.92084264755249,4.994204178243526,4.858768142072356,4.870054478419953,5545600
1999-07-29,4.841838836669922,4.954702212816074,4.785407148596846,4.853125174284537,4991200
1999-07-30,4.6951189041137695,4.93777563421498,4.6725462170747605,4.847484886058947,7684800
1999-08-02,4.525820732116699,4.728974779942386,4.491961724145751,4.683829435981123,14422400
1999-08-03,4.44681453704834,4.661254831982143,4.4411717158236845,4.616109506732921,12333600
1999-08-04,4.531464099884033,4.661256615197615,4.401670895707191,4.469388909487302,16279200
1999-08-05,4.333951473236084,4.491960120697816,4.283163323840616,4.435528460890055,11942400
1999-08-06,4.429886817932129,4.480674980840016,4.243661946589033,4.3226662913393605,10722400
1999-08-09,4.4186015129089355,4.503248700440412,4.407315175313847,4.475033200884379,4918400
1999-08-10,4.441174507141113,4.503249023941678,4.401671978288858,4.412958316694727,5088000
1999-08-11,4.514533996582031,4.6048246765136716,4.486318503535004,4.514533996582031,5641600
1999-08-12,4.537107467651367,4.559680141619782,4.424244097809294,4.508891969622519,7763200
1999-08-13,4.610466480255127,4.62739563203842,4.559677647179321,4.57096397798917,5561600
1999-08-16,4.6273980140686035,4.717688707026039,4.593539004209565,4.616111677448924,5688000
1999-08-17,4.858766555786133,4.870052888448978,4.62739639176628,4.672541722417659,8604000
1999-08-18,4.7741193771362305,4.92648523360408,4.751546708686414,4.85876722825463,6368000
1999-08-19,4.751548767089844,4.813623976649832,4.683830732404478,4.728976088861389,3500800
1999-08-20,4.757190704345703,4.847481387333397,4.740260856853889,4.785406198347736,2667200
1999-08-23,4.7797627449035645,4.81926456907093,4.734617409361917,4.734617409361917,3065600
1999-08-24,4.740259170532227,4.802334337434981,4.695113845098587,4.757189012001341,4838400
1999-08-25,4.80797815322876,4.875696155386912,4.745903662348691,4.745903662348691,6721600
1999-08-26,4.638682842254639,4.824907680353343,4.638682842254639,4.813621347403819,3596000
1999-08-27,4.548393249511719,4.616111263152091,4.542750426139983,4.5822522563319055,4196000
1999-08-30,4.435529708862305,4.53146390195888,4.390384368314088,4.514534054821684,5953600
1999-08-31,4.221086025238037,4.435526224381146,4.170297901451276,4.435526224381146,10168000
1999-09-01,4.441174507141113,4.4750335223587205,4.175945210171482,4.175945210171482,12338400
1999-09-02,4.4186015129089355,4.441174188099113,4.288808286133725,4.333953636514081,11956000
1999-09-03,4.525820732116699,4.644327604446657,4.4863189005822335,4.491961724145751,7637600
1999-09-07,4.587897300720215,4.633042658223668,4.5201792644650345,4.548394768472949,7371200
1999-09-08,4.903912544250488,4.909555366907303,4.570965341603351,4.576608853123335,11507200
1999-09-09,5.169140338897705,5.214285669368427,4.875695690838009,4.903911866813749,17698400
1999-09-10,5.06756591796875,5.174786476700469,4.954702534495059,5.169142963095073,13699200
1999-09-13,5.056278705596924,5.067565041993346,4.982917863451836,5.044992369200503,5464800
1999-09-14,4.9490580558776855,5.039348732483315,4.920841875006829,5.039348732483315,4459200
1999-09-15,4.903912544250488,5.0224187086752865,4.8813398758968916,4.988559706144891,7362400
1999-09-16,4.948882579803467,4.960181398478817,4.711607387621108,4.886739421901621,7982400
1999-09-17,4.8245954513549805,4.920635752459162,4.604268837616213,4.881089543291221,27159200
1999-09-20,4.8754401206970215,4.8980377558112025,4.824595096877568,4.869790367105929,12993600
1999-09-21,4.745501518249512,4.875438214156851,4.7003062656947545,4.875438214156851,7556800
1999-09-22,4.72290563583374,4.768100905076168,4.7059577546803695,4.734204453144347,7208000
1999-09-23,4.705957412719727,4.86414084357375,4.705957412719727,4.768100558599864,7420800
1999-09-24,4.864140033721924,4.869789096213658,4.660761370771005,4.74550213552143,7947200
1999-09-27,5.095765113830566,5.1353113076416905,4.903685275836953,4.931932655648453,11124000
1999-09-28,5.118365287780762,5.152261746640237,5.016675911202336,5.152261746640237,7305600
1999-09-29,5.107065677642822,5.225703610099737,5.095766859771931,5.129663313384605,8228800
1999-09-30,5.140958786010742,5.140958786010742,5.011022809857968,5.129659975492037,16650400
1999-10-01,5.203105449676514,5.203105449676514,5.095766345914571,5.118363979377607,8156800
1999-10-04,5.3104448318481445,5.349991042429812,5.208755462727648,5.214405216935816,6956800
1999-10-05,5.287844181060791,5.321740618118873,5.197453682239239,5.287844181060791,8703200
1999-10-06,5.287844181060791,5.355637055176954,5.2539477440027085,5.282195119696833,6101600
1999-10-07,5.253950595855713,5.3330423252556916,5.248301531425433,5.327393260825412,7301600
1999-10-08,5.163557529449463,5.265246846221991,5.152258716474738,5.265246846221991,7067200
1999-10-11,5.293496608734131,5.3104444910205695,5.112715519678112,5.1635598561625535,3693600
1999-10-12,5.180509090423584,5.287847530961695,5.146612631891778,5.287847530961695,4705600
1999-10-13,5.022324085235596,5.220053021542113,4.97712882097982,5.1861565733502815,3825600
1999-10-14,5.084466457366943,5.140960529115465,4.9714783138699,5.016673571268718,4657600
1999-10-15,4.943233489990234,5.107066015132114,4.920635852755137,5.107066015132114,6544800
1999-10-18,4.852841377258301,4.9714785897000375,4.818944932328528,4.943231897071029,7851200
1999-10-19,4.892389297485352,4.994078682421537,4.869791656388422,4.971481041324607,4419200
1999-10-20,5.005377769470215,5.0562228094580774,4.8697919156696665,4.892389557969758,5512000
1999-10-21,5.044924736022949,5.044924736022949,4.914987928726663,4.965832976250336,3256800
1999-10-22,4.982779502868652,5.112716274626821,4.9375842239310685,5.078819815423633,6068000
1999-10-25,5.0788164138793945,5.0844654751505125,4.835891607476487,4.914983292645496,9448800
1999-10-26,5.191805362701416,5.237000618569874,5.06751840906316,5.1014148509645025,9280800
1999-10-27,5.225703239440918,5.287846388510452,5.1748582178157845,5.191806788232517,6885600
1999-10-28,5.0562214851379395,5.2539504586621195,5.0110262123752545,5.220054004090105,16320800
1999-10-29,5.061870098114014,5.157910388984516,4.999726948418453,5.0562210343349046,11466400
1999-11-01,5.090118408203125,5.095767473005832,4.994078099930327,5.039273376852774,7169600
1999-11-02,4.745501518249512,5.05621922437588,4.745501518249512,5.016673033578055,12340800
1999-11-03,4.53647518157959,4.660762163408824,4.31614791443343,4.655112410331343,25880000
1999-11-04,4.553422451019287,4.6325141561238405,4.508227190959542,4.5251757582944165,11954400
1999-11-05,4.333098888397217,4.592971812784293,4.248357372588723,4.5364776987871025,13229600
1999-11-08,4.237058162689209,4.287903205454156,4.101472301483154,4.2596558062235514,18019200
1999-11-09,4.287900924682617,4.350044066534909,4.180561830176406,4.2370559089625734,10276800
1999-11-10,4.248355865478516,4.389591445180679,4.214459409105017,4.26530443847785,8123200
1999-11-11,4.169264793395996,4.276603933702571,4.157965972817688,4.2709541786007765,7608000
1999-11-12,4.169264793395996,4.225758896287541,4.112770690504451,4.191862434552614,5432800
1999-11-15,4.276602745056152,4.31049919736984,4.124068364832014,4.180562452021493,8761600
1999-11-16,4.005431175231934,4.316148313738238,3.982833540081472,4.254005161887015,12928800
1999-11-17,3.9997823238372803,4.090172884827953,3.9828344384641547,3.9997823238372803,22547200
1999-11-18,4.248355865478516,4.282252321852014,4.044977127237523,4.067574764819855,21924000
1999-11-19,4.451732158660889,4.48562859641719,4.338744032806551,4.474329783831756,16694400
1999-11-22,4.389591693878174,4.463033675369111,4.321798777290288,4.429137217075169,7472800
1999-11-23,4.282251358032227,4.383940704265182,4.2596537255360145,4.378291640953637,7136800
1999-11-24,4.208808898925781,4.293549665941099,4.174912454194668,4.287900603298381,4132800
1999-11-26,4.248355865478516,4.282252321852014,4.214459409105017,4.248355865478516,1460000
1999-11-29,4.191858768463135,4.214456389856467,4.141014465140476,4.141014465140476,5716000
1999-11-30,4.15796422958374,4.2257571246313015,4.14666541374248,4.191860677107521,8496000
1999-12-01,4.248355865478516,4.26530443847785,4.124068858775686,4.135367677566853,5327200
1999-12-02,4.121241569519043,4.270950467276583,4.022376630556781,4.270950467276583,12485600
1999-12-03,4.191858768463135,4.242703761410471,4.084520411657145,4.084520411657145,11795200
1999-12-06,4.254003047943115,4.304847356953018,4.118417304417036,4.180560425387445,7258400
1999-12-07,4.197508335113525,4.237053826010635,4.13536453418638,4.191858585199855,8043200
1999-12-08,4.085936069488525,4.191862160676839,4.039328437648116,4.18056334083674,17163200
1999-12-09,4.1353678703308105,4.180563147602185,4.067574954423748,4.067574954423748,5684000
1999-12-10,3.9658830165863037,4.135365196782299,3.9658830165863037,4.135365196782299,16460800
1999-12-13,3.868431568145752,3.96588419554097,3.7794540867169095,3.96588419554097,11061600
1999-12-14,3.6325700283050537,3.807701347859968,3.5986735771371605,3.807701347859968,19863200
1999-12-15,3.7851035594940186,3.7907533126042887,3.672115393538973,3.683414210134478,17261600
1999-12-16,4.13564395904541,4.163931189755446,3.7735629860231974,3.7905351863262893,11228000
1999-12-17,4.746656894683838,5.05781997037249,4.463781057414684,4.503383329324946,45736800
1999-12-20,4.63350772857666,4.8088904466163385,4.548644610681808,4.752315264891441,11616000
1999-12-21,4.446805000305176,4.616530381996213,4.367599822182692,4.616530381996213,9639200
1999-12-22,4.480752468109131,4.537327625534751,4.435492342168635,4.5146975625645025,5060000
1999-12-23,4.695735931396484,4.701393789874042,4.486408289400468,4.497723315741182,5934400
1999-12-27,4.497725009918213,4.673107638954201,4.497725009918213,4.673107638954201,3876800
1999-12-28,4.5260114669799805,4.54864152431488,4.49206638097763,4.503381409645081,4499200
1999-12-29,4.50903844833374,4.537325669544892,4.492065563115516,4.5316685015484275,2108000
1999-12-30,4.4524641036987305,4.526011444362349,4.446806244086008,4.5033813871405375,1956000
1999-12-31,4.486410140991211,4.503382342199696,4.458122218157488,4.480752280178592,1802400
2000-01-03,4.356286525726318,4.48640971530857,4.3223414359154635,4.463779655434667,8014400
2000-01-04,4.118670463562012,4.282738725687003,4.107355434815962,4.254450808514605,9810400
2000-01-05,4.356286525726318,4.378916585600221,4.14130095692424,4.14130095692424,6542400
2000-01-06,4.3336567878723145,4.3336567878723145,4.214849310013438,4.3336567878723145,4891200
2000-01-07,4.3336567878723145,4.344971818650048,4.254451572428173,4.316684587013048,3993600
2000-01-10,4.4072041511535645,4.429834209206691,4.344971146200185,4.3562861752267485,3946400
2000-01-11,4.627847671508789,4.729682950343946,4.458122206783528,4.469437237765212,10976000
2000-01-12,4.4694366455078125,4.61653202877769,4.446806586543216,4.605216999295392,10050400
2000-01-13,4.5260114669799805,4.565614412623327,4.384573953944127,4.441149097281377,5144800
2000-01-14,4.644821643829346,4.695738949784649,4.5599585464173815,4.582588613645259,7680800
2000-01-18,4.582587242126465,4.6731074839462465,4.531669951410157,4.5939022723539376,8356000
2000-01-19,4.780598163604736,4.842830452618629,4.656132894962669,4.684420110710542,10299200
2000-01-20,4.667449474334717,4.831517037805395,4.639161558548506,4.820202009613813,5103200
2000-01-21,4.588244438171387,4.667449638294811,4.571271549980526,4.667449638294811,10265600
2000-01-24,4.497725009918213,4.548642302323459,4.458122057501101,4.492067149309485,5733600
2000-01-25,4.424176216125488,4.537326502982918,4.390231130068259,4.486409219204346,3823200
2000-01-26,4.480752468109131,4.503382531079379,4.175246618010781,4.175246618010781,12886400
2000-01-27,4.2770819664001465,4.401547314628722,4.197876744800143,4.3449721563430055,6304000
2000-01-28,4.243136882781982,4.254451914469401,4.163931660970052,4.254451914469401,3556000
2000-01-31,4.118670463562012,4.180903466972557,4.113013294496261,4.16393057854621,4627200
2000-02-01,4.226164817810059,4.2657670846948115,4.09604160387141,4.113014497261125,5971200
2000-02-02,4.294055938720703,4.390233386678109,4.180905593703226,4.220507869151894,5572800
2000-02-03,4.3336567878723145,4.3336567878723145,4.214849310013438,4.282739494679845,3973600
2000-02-04,4.226164817810059,4.333657277024171,4.220506956475237,4.333657277024171,12485600
2000-02-07,4.096039772033691,4.220505068973941,4.045122495865354,4.220505068973941,6455200
2000-02-08,3.349247455596924,4.07340906761788,3.2700422792821318,4.07340906761788,65707200
2000-02-09,3.0550577640533447,3.3039883966799133,2.93059244774006,3.3039883966799133,62571200
2000-02-10,3.0550577640533447,3.15123585378452,2.9758525627630728,3.021112677786085,25032800
2000-02-11,3.0776867866516113,3.1229468864553116,2.998481611995136,3.0890018116025364,12644800
2000-02-14,2.9249348640441895,3.083345244169209,2.907961978009284,3.0324272766789417,17859200
2000-02-15,2.75520920753479,2.9079617149589003,2.7382363230352293,2.9023045472019717,30056000
2000-02-16,2.670347213745117,2.783497519412283,2.647717152611684,2.7552102883028207,22678400
2000-02-17,2.6250874996185303,2.7042927259001237,2.6081152964370005,2.653375425740768,14977600
2000-02-18,2.534566640853882,2.636401907673904,2.477991492620536,2.6137718483805656,26087200
2000-02-22,2.4440457820892334,2.6024561568542763,2.4440457820892334,2.5911411300853446,12847200
2000-02-23,2.540224313735962,2.579826569272786,2.528909284923362,2.557196511647586,12624800
2000-02-24,2.449704170227051,2.5402244039423305,2.4101012226693275,2.5345665440278373,16156800
2000-02-25,2.404444932937622,2.449705066351838,2.3987870709534307,2.4440472043676467,14830400
2000-02-28,2.523251533508301,2.5571966214030315,2.4270741297805216,2.438389159078765,16385600
2000-02-29,2.5741686820983887,2.6364009779004474,2.5232507213381963,2.5232507213381963,12575200
2000-03-01,2.5458812713623047,2.5967992420967976,2.5289090748604695,2.574169186351355,9884800
2000-03-02,2.6646902561187744,2.7099503819924293,2.545882080393074,2.5685121433299014,11260800
2000-03-03,2.659031629562378,2.7382368270387043,2.6364015731405708,2.721264630029606,6912800
2000-03-06,2.579827308654785,2.681662597154316,2.5515400738234013,2.6703475650988127,7684800
2000-03-07,2.523251533508301,2.608114598552418,2.506279334868226,2.6024567385960053,9532000
2000-03-08,2.4666764736175537,2.500621562704034,2.444046414226567,2.4666764736175537,10000000
2000-03-09,2.421417474746704,2.4666776144615956,2.3365550580887446,2.455362579532873,14059200
2000-03-10,2.432730197906494,2.48364815200702,2.427073031125474,2.438388055301783,12566400
2000-03-13,2.6024558544158936,2.6477159562318224,2.398785396244215,2.4553605235141256,20965600
2000-03-14,2.613771915435791,2.7269222148053056,2.5571967657510335,2.6250869453727423,18244000
2000-03-15,2.987168788909912,3.032428922075214,2.5854854523752717,2.591142623713522,25912800
2000-03-16,3.241994619369507,3.4460362387703847,2.845247026090022,2.986942941054857,17427200
2000-03-17,3.0832934379577637,3.2759992778301243,2.913258873364505,3.139971626155517,30021600
2000-03-20,2.9926092624664307,3.026616185903549,2.930263582101361,2.930263582101361,14386400
2000-03-21,3.003943920135498,3.032283359657883,2.924594458094183,3.003943920135498,13809600
2000-03-22,3.0606229305267334,3.1286367734273273,3.0322841752544463,3.1059654924604625,11780000
2000-03-23,3.0832934379577637,3.139971626155517,3.01527961212046,3.049286525039112,12538400
2000-03-24,3.0719587802886963,3.1286369865670856,3.054955664341497,3.083294421544374,7305600
2000-03-27,3.258995532989502,3.2873342756364345,3.173977921304144,3.2646630047699765,16704800
2000-03-28,3.338345527648926,3.338345527648926,3.2419922647532786,3.28166734120219,9060800
2000-03-29,3.5367207527160645,3.5593920395924497,3.3383473384840796,3.3383473384840796,17080800
2000-03-30,3.508380889892578,3.5480552835487003,3.417695770824241,3.542387809543205,13088800
2000-03-31,3.593395948410034,3.6274028501300033,3.4857077722328933,3.5140465110634405,15036800
2000-04-03,3.62740421295166,3.7180893182754517,3.62740421295166,3.7180893182754517,14220800
2000-04-04,3.531052350997925,3.638740589485662,3.298671375515039,3.6274049490199745,12149600
2000-04-05,3.553723096847534,3.6727469578796135,3.5253836540140733,3.582061847808512,5654400
2000-04-06,3.7691025733947754,3.78610569615362,3.5650609490511673,3.5650609490511673,11058400
2000-04-07,3.893791437149048,3.893791437149048,3.791770709868361,3.854116363937057,12285600
2000-04-10,3.8994598388671875,3.91646364340315,3.808774726335393,3.882456726203727,6696800
2000-04-11,4.092164993286133,4.148843178788711,3.978808622280977,3.978808622280977,18799200
2000-04-12,4.029819488525391,4.109168951248666,3.9844769383978047,4.086497676184873,9212800
2000-04-13,3.9844775199890137,4.097833911853957,3.967473715273018,4.035487550391984,9680000
2000-04-14,3.8654515743255615,3.922129749902183,3.7067526827110227,3.8541159392102373,17863200
2000-04-17,3.8087737560272217,3.899458845456441,3.7067530304193497,3.8881232092777886,12481600
2000-04-18,3.8427817821502686,3.944802537428594,3.712422274119782,3.791771750447369,11352000
2000-04-19,3.995814561843872,4.160181041810074,3.8994612489990885,3.933468178496174,9402400
2000-04-20,3.9844775199890137,4.0241519112054895,3.967473715273018,4.001480632832501,6341600
2000-04-24,3.9164645671844482,4.114837951702072,3.905128925444222,3.9958140593660305,7215200
2000-04-25,4.137509346008301,4.15451315501043,3.888125221043417,3.9107965051311333,6885600
2000-04-26,3.9788100719451904,4.103502125481934,3.916464391113135,4.103502125481934,4333600
2000-04-27,3.92779803276062,3.950469303680242,3.8654516917955193,3.899458598174952,3830400
2000-04-28,3.9391350746154785,4.075162748699365,3.910795629911738,4.035487664488634,7720000
2000-05-01,4.222527027130127,4.273537070631024,3.933467807716088,3.939135974701014,8130400
2000-05-02,4.103499889373779,4.199853133264817,4.046821714106186,4.199853133264817,4469600
2000-05-03,3.8427817821502686,3.9618063425779115,3.774767945298051,3.922131258477855,8126400
2000-05-04,3.8767893314361572,3.990145744636045,3.8541180487961797,3.8994606140761348,6128800
2000-05-05,3.8767893314361572,3.927800063312426,3.786104200876247,3.8767893314361572,4955200
2000-05-08,3.905128002166748,3.9788093101216386,3.865452919519883,3.876788558580058,6868000
2000-05-09,3.9164645671844482,3.9391358506649,3.83144690819642,3.8824576419637697,6644000
2000-05-10,3.8314454555511475,3.8654523678785244,3.7690997955538244,3.8541167304360657,4293600
2000-05-11,3.8711211681365967,3.876788641852169,3.81444297161829,3.831446084637524,2653600
2000-05-12,3.882455825805664,3.882455825805664,3.7861025701501045,3.808773843025255,2688000
2000-05-15,4.001481056213379,4.029820503114354,3.831446450425275,3.888124652354643,5956000
2000-05-16,4.007149696350098,4.058159738184238,3.9561389626432932,3.9788102460968364,3246400
2000-05-17,3.746429681777954,3.961806859935265,3.7294258744081734,3.9561386935211322,5001600
2000-05-18,3.6954190731048584,3.8144436529908745,3.650076507790688,3.752097279747571,7704000
2000-05-19,3.62740421295166,3.6444080161360946,3.4800409168004993,3.6104011016396726,9682400
2000-05-22,3.593395948410034,3.7294235552899093,3.5480534127834096,3.6274028501300033,5794400
2000-05-23,3.746429681777954,3.7804366046448976,3.434699209561327,3.604733823896046,11746400
2000-05-24,3.9448018074035645,4.058158181179529,3.8087741588724073,3.8087741588724073,13967200
2000-05-25,3.933466672897339,3.984477393554153,3.9107953952437517,3.967473589377719,8943200
2000-05-26,3.950471878051758,4.0128175677728795,3.9107967821515355,3.9448037106919833,4872000
2000-05-30,4.0128173828125,4.02415302513683,3.780437061100104,3.9448035288665255,5676800
2000-05-31,3.8881237506866455,4.001480128257684,3.6840822710587746,4.001480128257684,7727200
2000-06-01,3.922128438949585,3.939132231875265,3.8711184439166018,3.9107928076231406,4212800
2000-06-02,4.0128173828125,4.058159952109817,3.978810455839513,4.02415302513683,4600000
2000-06-05,4.007149696350098,4.069495379911009,3.9504714877162392,4.012817171277152,3837600
2000-06-06,3.8087737560272217,3.9901439348856607,3.7634312113126116,3.9901439348856607,3589600
2000-06-07,3.9844775199890137,3.9901449936460067,3.7577647362591273,3.8087747666620975,4171200
2000-06-08,3.893791437149048,3.8994589093951397,3.808773818478974,3.854116363937057,2794400
2000-06-09,3.7691025733947754,3.8994621541222916,3.7180918213724174,3.87112338556658,5871200
2000-06-12,3.664243459701538,3.6840811657609738,3.355347769431533,3.548053553486722,15022400
2000-06-13,3.5367207527160645,3.6727484739743748,3.4460356052105245,3.6670809981916626,6928800
2000-06-14,3.593259334564209,3.6159655524984573,3.5364937897285875,3.54216999774276,5578400
2000-06-15,3.479727029800415,3.5875811808569074,3.4172846058162314,3.5875811808569074,6023200
2000-06-16,3.383225917816162,3.4626976675635217,3.360519703602631,3.457021460479472,8535200
2000-06-19,3.3207826614379883,3.4740491910442968,3.2810464582085026,3.4399898852497452,5864000
2000-06-20,3.24131178855896,3.315106623783506,3.195899369055076,3.315106623783506,8980000
2000-06-21,3.22995924949646,3.2753716769555408,3.2015761358652086,3.21860614263169,5191200
2000-06-22,3.195899248123169,3.2186054570159146,3.1618399347840507,3.212928558323476,4257600
2000-06-23,3.3661956787109375,3.400254990672911,3.2129284284128197,3.21860532687572,7271200
2000-06-26,3.5421698093414307,3.632994676247621,3.4286387257086925,3.4513449424352403,11592000
2000-06-27,3.6273181438446045,3.6557005657428325,3.5762288143136405,3.638671251191632,7790400
2000-06-28,3.5506832599639893,3.7238177318186727,3.5194618806822824,3.6386698069810466,8188000
2000-06-29,3.587583065032959,3.837351506269431,3.4343164134709383,3.5421706211717825,8083200
2000-06-30,3.61596417427063,3.625897447892008,3.4910800232319636,3.5989341708415536,10526400
2000-07-03,3.7238190174102783,3.7351721241706755,3.6159648496558274,3.7238190174102783,7405600
2000-07-05,3.6556992530822754,3.7181416675389216,3.6273168413753867,3.6727292544571544,3610400
2000-07-06,3.6784071922302246,3.7351727353201976,3.610288540522258,3.6784071922302246,3177600
2000-07-07,3.8203210830688477,3.8600566135032066,3.6784068905148204,3.718143113887881,5385600
2000-07-10,3.786262035369873,3.8543806864445447,3.7578789176193843,3.8430275779320997,4084000
2000-07-11,3.9111437797546387,3.9622323895983524,3.7578765643468612,3.8146420713611646,5830400
2000-07-12,3.8543803691864014,3.928175221973787,3.8373503613501154,3.911145907076196,4732800
2000-07-13,3.990617036819458,4.053058772275985,3.865732872967817,3.8770859787725116,8097600
2000-07-14,3.98494029045105,4.030352715413455,3.888439233875246,4.01332340252186,8752800
2000-07-17,4.1069865226745605,4.1268544585649805,3.9508809656376744,4.007646496753158,7823200
2000-07-18,4.081443786621094,4.121179328998735,3.9225002312327133,4.098473106800395,5310400
2000-07-19,4.0019707679748535,4.081442521026027,3.9792645528173756,4.058736305868549,3758400
2000-07-20,4.0530571937561035,4.081440293682937,4.001968584001445,4.013321685384516,3669600
2000-07-21,4.058737754821777,4.075767075799939,4.019001517641165,4.058737754821777,5488800
2000-07-24,4.172266006469727,4.229031525653407,4.064411173551501,4.081441175775838,8527200
2000-07-25,4.212000846862793,4.257413254915222,4.09846982673172,4.2233539488759,5234400
2000-07-26,4.274447917938232,4.336889700666759,4.160916773941721,4.2006523278709444,11223200
2000-07-27,4.177944183349609,4.297152176354796,4.08711930979853,4.280122166094572,6685600
2000-07-28,4.007645606994629,4.177942162532645,3.933850779397385,4.172265957150606,4375200
2000-07-31,3.973585367202759,4.036027769442236,3.8941136598587036,3.9906153652456333,5032800
2000-08-01,4.041706085205078,4.12117783407147,3.973587443319599,3.973587443319599,3436800
2000-08-02,4.143882751464844,4.166588958322185,4.007645510320795,4.047381718790363,4024000
2000-08-03,4.177944183349609,4.2233566201251485,4.041706873022991,4.041706873022991,7808800
2000-08-04,4.177944183349609,4.1836210844159485,4.0303537638291065,4.109825528186301,8060000
2000-08-07,4.15523624420166,4.200648662171077,4.126853829440027,4.1949724563941535,8128800
2000-08-08,4.359592437744141,4.359592437744141,4.177942752838135,4.177942752838135,8260800
2000-08-09,4.359592437744141,4.405004858970642,4.297150705026979,4.405004858970642,6028000
2000-08-10,4.240386962890625,4.393653602556907,4.240386962890625,4.359594272304529,7611200
2000-08-11,4.257415294647217,4.35959326171875,4.229032872485579,4.251739087390364,5355200
2000-08-14,4.319857597351074,4.348240018627351,4.229032740565124,4.234708947644913,6420800
2000-08-15,4.251736640930176,4.302825248600083,4.166588037562613,4.297149044609332,4439200
2000-08-16,4.29147481918335,4.342564151595369,4.251739287697308,4.251739287697308,6120800
2000-08-17,4.314180374145508,4.353916592481944,4.257414842906751,4.268767949154503,5544000
2000-08-18,4.331210136413574,4.336886342748932,4.257414603483899,4.336886342748932,3664800
2000-08-21,4.257415294647217,4.331210839557112,4.132531112670899,4.331210839557112,5720000
2000-08-22,3.8259968757629395,4.0757652178008765,3.7635551367227684,4.0757652178008765,20796000
2000-08-23,3.6556992530822754,3.757877182516252,3.6500230479162705,3.7351709759753686,19686400
2000-08-24,3.7465248107910156,3.9054682876124525,3.6556999668930517,3.6556999668930517,12156800
2000-08-25,3.860055685043335,3.888438793902627,3.7692308453952563,3.7692308453952563,6500800
2000-08-28,3.70111346244812,3.831674559893435,3.678407244887089,3.8146445502532775,10172000
2000-08-29,3.8146417140960693,3.882760316133499,3.7067876073392654,3.723816911379496,10532000
2000-08-30,3.7635550498962402,3.820320580867989,3.7011126193580117,3.8146436813015088,5400000
2000-08-31,3.5946779251098633,3.718142966302807,3.5932587867053467,3.718142966302807,11944800
2000-09-01,3.712465524673462,3.7578779469936268,3.6613768960325634,3.6670531023532975,7378400
2000-09-05,3.786262035369873,3.808968252394764,3.712466483569603,3.712466483569603,4739200
2000-09-06,3.632993459701538,3.780583819001913,3.5875810414552687,3.780583819001913,7449600
2000-09-07,3.508108615875244,3.6216396390427277,3.4030927659145087,3.6216396390427277,20890400
2000-09-08,3.5535218715667725,3.6670529217765733,3.4626970313989314,3.4626970313989314,14437600
2000-09-11,3.326460123062134,3.6329939910576203,3.286724597754247,3.553522247503235,23844800
2000-09-12,3.6117053031921387,3.684081669489502,3.542167558651308,3.598933064398925,28375200
2000-09-13,3.508108615875244,3.5194617181919923,3.388901388018573,3.5194617181919923,10433600
2000-09-14,3.502197265625,3.63864650974026,3.4112311028814934,3.502197265625,8961600
2000-09-15,3.4339749813079834,3.547682762145996,3.2293009757995605,3.377121090888977,29448800
2000-09-18,3.4453437328338623,3.5249391326023014,3.2975237046924755,3.3430067902744405,10156800
2000-09-19,3.820578098297119,3.820578098297119,3.411230444908142,3.451028480440376,5376800
2000-09-20,3.4453437328338623,3.485141779726486,3.360063294376082,3.4737710083309947,8884000
2000-09-21,3.5135669708251953,3.576106535760772,3.4567131363458232,3.479454670137572,5314400
2000-09-22,3.598848581314087,3.6613874611262496,3.388489016818703,3.5363090074852908,10242400
2000-09-25,3.655701160430908,3.6613861957141935,3.58179084363345,3.5988473375160916,7001600
2000-09-26,3.644331932067871,3.6841292778760915,3.6272754309952875,3.6784442401963537,6327200
2000-09-27,3.627274990081787,3.6727580620577345,3.6045334540938136,3.661387294063748,7603200
2000-09-28,3.650014877319336,3.706868691607799,3.621588317183248,3.6329590800409406,7882400
2000-09-29,3.644331932067871,3.667073470820193,3.6215903933155498,3.650016969747609,4827200
2000-10-02,3.638646364212036,3.7068709835410116,3.6272755943238733,3.6443320961644754,3840800
2000-10-03,3.7750959396362305,3.814893984803436,3.655703192168173,3.672759001513562,6312800
2000-10-04,3.701185464859009,3.7694100753263022,3.678443928036577,3.7694100753263022,5820000
2000-10-05,3.9115452766418457,3.9570283612539603,3.7068713958873305,3.7125571284722416,6759200
2000-10-06,3.610219955444336,3.917230756791646,3.593163452805555,3.917230756791646,5553600
2000-10-09,3.5476808547973633,3.610220447643559,3.4567146790333285,3.610220447643559,7100800
2000-10-10,3.610219955444336,3.6898153483862313,3.547680371124472,3.570421911965014,6661600
2000-10-11,3.5419952869415283,3.6557029896681144,3.5306245166688695,3.5874783680321625,6432800
2000-10-12,3.4908266067504883,3.541995421935996,3.4112312118082944,3.541995421935996,3619200
2000-10-13,3.502197265625,3.5874783902054097,3.4737706867760267,3.485141457118965,3441600
2000-10-16,3.58747935295105,3.678445540106488,3.4567151119066426,3.4908274320899317,4953600
2000-10-17,3.4567127227783203,3.6727572679519653,3.422600426171955,3.6500157368810555,26293600
2000-10-18,3.4339749813079834,3.4737730516098964,3.32595293652048,3.3486944926880824,15689600
2000-10-19,3.4908266067504883,3.507883109817913,3.439658485581747,3.4510292562877747,7110400
2000-10-20,3.3714327812194824,3.4339716530582987,3.3145789459039476,3.3998593518689777,5117600
2000-10-23,3.3088948726654053,3.394176015361104,3.178131332953397,3.394176015361104,14903200
2000-10-24,3.3714327812194824,3.411230118932085,3.320263982427229,3.3657470506796567,9598400
2000-10-25,3.3998610973358154,3.5078837869017585,3.371434512092294,3.394176057893872,6776800
2000-10-26,3.564736843109131,3.604534192229476,3.388489556102157,3.4453434077146095,10486400
2000-10-27,3.4851412773132324,3.559050933720805,3.4623997378006393,3.559050933720805,5961600
2000-10-30,3.5419952869415283,3.6102199085774798,3.4908264737061945,3.4908264737061945,7250400
2000-10-31,3.632960557937622,3.632960557937622,3.507882115620806,3.5419944180708467,11690400
2000-11-01,3.627274990081787,3.6727580620577345,3.5590503821178667,3.610219185099108,4692800
2000-11-02,3.860377550125122,3.860377550125122,3.6898159653040605,3.69550100445633,17064000
2000-11-03,3.7637276649475098,3.8490088502857556,3.758042622734154,3.8376380718418055,4008000
2000-11-06,3.883117914199829,3.9854548339794005,3.7580394566914648,3.7580394566914648,8074400
2000-11-07,3.9115452766418457,3.9286017803797857,3.8205791074176165,3.8888037343357884,3296800
2000-11-08,4.047993183135986,4.087791215933526,3.911543974715672,3.95702704418911,6218400
2000-11-09,3.968398094177246,4.070735007780671,3.9115442532864546,4.070735007780671,7860800
2000-11-10,3.780782461166382,3.9513440603013255,3.7409844076931,3.9342875533793693,5866400
2000-11-13,3.7637276649475098,3.803525736509955,3.740986108059609,3.7807841796220543,6414400
2000-11-14,3.797837257385254,3.8148937597411616,3.6670737467291605,3.706871095531715,6412800
2000-11-15,3.8319497108459473,3.866062022811935,3.758040048594689,3.8376354431819935,3964000
2000-11-16,3.758039712905884,3.9001739863929012,3.758039712905884,3.8319493685551245,3732800
2000-11-17,3.7921509742736816,3.803521740772229,3.695499112027777,3.718240645024871,3002400
2000-11-20,3.638646364212036,3.877432531863451,3.581792514771223,3.7921521047105897,11308800
2000-11-21,3.638646364212036,3.7239274853816138,3.604534054547548,3.672758673876524,4022400
2000-11-22,3.661388635635376,3.6727594077957346,3.581793230512868,3.62159128008255,6081600
2000-11-24,3.684130907058716,3.7011874156739655,3.638647809440707,3.638647809440707,1994400
2000-11-27,3.9115452766418457,3.9570283612539603,3.7807817553904135,3.7978375651115592,9434400
2000-11-28,3.996824026107788,4.00819479048645,3.7978353024730174,3.8660598887449877,7265600
2000-11-29,3.8944873809814453,3.962711971357619,3.8319478261284083,3.9570262418180597,4848800
2000-11-30,3.8774311542510986,3.9513414792729176,3.866060388402855,3.894487650031699,9480000
2000-12-01,3.97408390045166,4.025252011213004,3.8888027904939193,3.8888027904939193,6033600
2000-12-04,4.093477249145508,4.138960329691569,3.9570280075073243,3.9570280075073243,7388000
2000-12-05,4.025252342224121,4.087791920538204,3.974084227255037,4.070735419537388,6187200
2000-12-06,3.9399712085723877,4.150330056193073,3.9286004412951465,3.9968250449585945,10084000
2000-12-07,3.786465644836426,3.939971355824573,3.6613872001120993,3.939971355824573,10409600
2000-12-08,3.8717479705810547,3.9172310557331564,3.769411028988826,3.7750960676244376,6024000
2000-12-11,4.002511024475098,4.104847954078155,3.7807813573435025,3.849005977078874,6881600
2000-12-12,4.076420783996582,4.144645393820653,4.008196174172511,4.008196174172511,5144000
2000-12-13,4.099162578582764,4.15033069216274,4.059364540005748,4.144645654661259,9826400
2000-12-14,4.37219762802124,4.37219762802124,4.110321207592884,4.116014520725419,20167200
2000-12-15,4.338038921356201,4.366504091145787,4.218487015089013,4.366504091145787,14008800
2000-12-18,4.2526469230651855,4.338041085144118,4.241260988458508,4.303883281324085,9349600
2000-12-19,4.332347869873047,4.434821267249177,4.229874472496917,4.241260405538709,17456000
2000-12-20,4.474671363830566,4.5486802707543115,4.1387867107087635,4.144479329349431,26594400
2000-12-21,4.486055374145508,4.5486783220169436,4.360810173344491,4.451897592108867,18087200
2000-12-22,4.662539005279541,4.662539005279541,4.548679697396549,4.554372315319666,12097600
2000-12-26,4.924417495727539,4.935803431330444,4.651155041257822,4.651155041257822,14339200
2000-12-27,5.16351842880249,5.1692110450375495,4.918720641974056,4.94149249679801,20370400
2000-12-28,5.169211387634277,5.169211387634277,5.078123962301515,5.135053603134491,13336000
2000-12-29,5.083817005157471,5.191982969552208,5.026887367333433,5.169211114422593,8772800
2001-01-02,4.930109977722168,5.055355265839822,4.884566236588476,4.987039654139283,28993600
2001-01-03,5.095203876495361,5.100896493861262,4.622687447561769,4.668231166256959,30599200
2001-01-04,5.226142883300781,5.226142883300781,5.04396796797875,5.072433145968892,29224000
2001-01-05,4.998424530029297,5.248915053174273,4.998424530029297,5.220450568469804,22917600
2001-01-08,5.248912334442139,5.271684188387658,4.924413763189408,5.004115251998725,17046400
2001-01-09,5.414008617401123,5.470938252205857,5.146438986347958,5.191982694191745,30744800
2001-01-10,5.2944560050964355,5.436780438725855,5.277377462228328,5.402622658047814,15828800
2001-01-11,5.260299205780029,5.311536233826787,5.174905085624708,5.300150304809947,12061600
2001-01-12,5.140747547149658,5.214755741866728,5.112282375760177,5.203369812299334,10188800
2001-01-16,5.0724310874938965,5.1805970520997695,4.987036283120218,5.13505334175164,8748000
2001-01-17,5.083817005157471,5.191982969552208,5.043965911209711,5.0952029327222785,12588800
2001-01-18,5.106590270996094,5.157826611720967,5.078125096749561,5.089511027459762,6805600
2001-01-19,4.776397705078125,5.095203726563226,4.736546604921499,5.0553526264066,21124800
2001-01-22,4.8219404220581055,4.9414923078414175,4.634072279473402,4.634072279473402,9307200
2001-01-23,4.839021682739258,4.884565416223863,4.742241596555584,4.873179482852712,8467200
2001-01-24,4.77070426940918,4.895949488892476,4.7137746241895,4.827633914628859,9546400
2001-01-25,4.935801029205322,4.958572889328663,4.730854288095247,4.736546905655072,8836800
2001-01-26,4.82763671875,4.964267946639151,4.770707040462853,4.895952332694575,6229600
2001-01-29,4.775713920593262,4.8367423311135695,4.681893980104027,4.8367423311135695,4100800
2001-01-30,4.8285441398620605,4.94786878906972,4.783000428366595,4.827633418519366,6959200
2001-01-31,5.010720252990723,5.041689998538328,4.863158687720853,4.918722085391942,7408000
2001-02-01,4.962444305419922,5.02074021865999,4.935118139522522,5.00980982179524,10366400
2001-02-02,4.97428560256958,5.029849001575572,4.925098297140894,4.971553090313888,5003200
2001-02-05,5.027116775512695,5.06719548016027,4.971553716974066,4.973375160393425,5487200
2001-02-06,5.150083541870117,5.191983677629884,5.027115298917347,5.027115298917347,8448000
2001-02-07,5.140974998474121,5.221132043121355,5.127312090930245,5.191984090062544,10194400
2001-02-08,5.02073860168457,5.114558882593723,4.926007946913873,5.112737092457814,11316800
2001-02-09,4.959712505340576,5.019830217936839,4.922366658840945,5.019830217936839,6783200
2001-02-12,4.946959018707275,4.970641600350331,4.918721787062354,4.918721787062354,4188800
2001-02-13,5.109094619750977,5.1919841778137235,4.946959084687168,4.946959084687168,6788800
2001-02-14,5.021652698516846,5.124581297229041,4.942406343438912,5.110007314824677,4241600
2001-02-15,4.761140823364258,4.9742854599740705,4.755675451538508,4.9742854599740705,14766400
2001-02-16,4.692824363708496,4.836742320228154,4.692824363708496,4.765694237102688,10629600
2001-02-20,4.328475475311279,4.692825259285585,4.327564406267566,4.692825259285585,31327200
2001-02-21,4.286574840545654,4.50427375583725,4.282020190792983,4.429582086510535,16009600
2001-02-22,4.374928951263428,4.406809758785329,4.13263641246337,4.292039407660012,18472800
2001-02-23,4.463283061981201,4.470570221521484,4.374928163645174,4.379482812093297,7768800
2001-02-26,4.473305702209473,4.554373494821924,4.4213858721661925,4.47786000621007,17316000
2001-02-27,3.587024211883545,3.763733756227877,3.4768081230555024,3.678111670354638,97760800
2001-02-28,3.555142641067505,3.5933995462194646,3.3966506914306858,3.5933995462194646,23287200
2001-03-01,3.473163604736328,3.572448911662034,3.423065590593108,3.5578749375936254,9636800
2001-03-02,3.423065662384033,3.4786287007988697,3.4166892228413577,3.4276199642251237,11933600
2001-03-05,3.4276208877563477,3.495936476192392,3.4021161651265768,3.4622338690514534,14545600
2001-03-06,3.566072463989258,3.5788246465931484,3.4640543082163036,3.4786282808308804,9149600
2001-03-07,3.6671786308288574,3.672644000007363,3.5961305688625904,3.605239517493433,8788000
2001-03-08,3.672646999359131,3.7573583797177315,3.609796766097101,3.667181625717202,11703200
2001-03-09,3.6498751640319824,3.6981514154983084,3.599777121334889,3.647142650921405,7976800
2001-03-12,3.5624310970306396,3.6608053864236387,3.560609305888215,3.6462314047553748,3953600
2001-03-13,3.4185104370117188,3.5533197641225533,3.401203953943543,3.552409042896186,7943200
2001-03-14,3.3265128135681152,3.461322161312181,3.3256017447314052,3.4039369860827704,7587200
2001-03-15,3.3164780139923096,3.3401999233347066,3.2371016054390385,3.3246893906042283,9785600
2001-03-16,3.3137381076812744,3.3757794882823045,3.231624413343848,3.2507845073843247,16113600
2001-03-19,3.3018798828125,3.3027924513026283,3.2225034782735227,3.2900192767840464,8687200
2001-03-20,3.4679315090179443,3.587452562422438,3.3256014662309252,3.331075484465584,13690400
2001-03-21,3.6613545417785645,3.6987618371559767,3.6056997088417937,3.6549679558392136,27081600
2001-03-22,3.6056995391845703,3.689637720748156,3.5828902053193157,3.6613543695026416,15406400
2001-03-23,3.6768648624420166,3.6832514486244836,3.4962149646175757,3.5993132599161517,11733600
2001-03-26,3.5929272174835205,3.7051491248712107,3.567380520844599,3.6777779873693417,7064000
2001-03-27,3.6139094829559326,3.649491974015758,3.5108112372380385,3.5929249458704633,8483200
2001-03-28,3.6011364459991455,3.64949210501696,3.4989504164679346,3.64949210501696,6362400
2001-03-29,3.663179874420166,3.683251855478146,3.6047876759488293,3.6047876759488293,5832800
2001-03-30,3.6814281940460205,3.6878147828897787,3.513551398632248,3.666830226968431,4391200
2001-04-02,3.7516796588897705,3.8319686227226266,3.6786898499702927,3.6786898499702927,7388800
2001-04-03,3.581979274749756,3.754418209966515,3.510814231927044,3.7535056412907006,6492800
2001-04-04,3.6157357692718506,3.666828455336434,3.5701171006897177,3.5819777039302414,5100000
2001-04-05,3.5929272174835205,3.693288171004672,3.497128062205531,3.684164574518348,13628800
2001-04-06,3.5801517963409424,3.592924962622725,3.5080742459878222,3.592924962622725,6812800
2001-04-09,3.603877305984497,3.658619606858176,3.56738220670667,3.60843910638346,4030400
2001-04-10,3.596576452255249,3.647669497561267,3.470669149962932,3.626684947179214,15030400
2001-04-11,3.47158145904541,3.5947521031847645,3.467019660679413,3.5737672042239477,10657600
2001-04-12,3.417750120162964,3.485265893983392,3.311914836799994,3.457894766018322,13772000
2001-04-16,3.3712198734283447,3.5007767326580135,3.3392865947423718,3.4405601005575064,14552000
2001-04-17,3.3940279483795166,3.439646602664073,3.3374609145186267,3.339285354412423,8573600
2001-04-18,3.4889159202575684,3.498951734972286,3.3529721349794253,3.3620957294629217,20862400
2001-04-19,3.6129982471466064,3.672302652806567,3.5117250998847913,3.5117250998847913,16092000
2001-04-20,3.6257712841033936,3.6458432580234525,3.553693717093967,3.6221217077387435,9133600
2001-04-23,3.6312456130981445,3.6631788869727457,3.5619053964164413,3.6148228660867012,6832000
2001-04-24,3.489828109741211,3.6139109426633045,3.489828109741211,3.6111739339509343,6303200
2001-04-25,3.5564305782318115,3.5901882881015172,3.4761416417445092,3.4761416417445092,4781600
2001-04-26,3.633985996246338,3.6859912890816724,3.5546092035666566,3.55825878328498,7180000
2001-04-27,3.7972991466522217,3.836531242611102,3.6412833313978497,3.644932909636568,11600800
2001-04-30,3.814633369445801,3.833793127610607,3.750767160853611,3.797298051831402,9381600
2001-05-01,3.7024099826812744,3.8137192574725014,3.7024099826812744,3.758977014004206,7025600
2001-05-02,3.791823148727417,3.821019063316582,3.6951114641240856,3.7024106167927546,4779200
2001-05-03,3.735257387161255,3.7452935524321513,3.654968761079899,3.7452935524321513,5381600
2001-05-04,3.706059217453003,3.7735749760331894,3.6047857536040713,3.67868809566638,6878400
2001-05-07,3.6969361305236816,3.727956832258272,3.6631784206498685,3.6969361305236816,4399200
2001-05-08,3.737082004547119,3.74985517865349,3.6494942266380987,3.6960251248888625,4370400
2001-05-09,3.651317834854126,3.6859881162484784,3.641281673289226,3.658616639965013,13472800
2001-05-10,3.5929272174835205,3.74073163842793,3.581978484048456,3.648582060961629,14444800
2001-05-11,3.5026025772094727,3.6129997113349246,3.489829401101463,3.602051324391337,15259200
2001-05-14,3.545483350753784,3.5582565236132306,3.508988272832916,3.512637850233574,5295200
2001-05-15,3.6129982471466064,3.658616913641098,3.5491323924885623,3.5491323924885623,8804800
2001-05-16,3.8328804969787598,3.8356178538455405,3.5901891867083084,3.5901891867083084,8776000
2001-05-17,3.8593404293060303,3.904959111326298,3.7954742048690715,3.81007216919384,16219200
2001-05-18,3.868462085723877,3.881235253445319,3.831967022483141,3.860250713896847,8616000
2001-05-21,3.98524808883667,3.9907224559741463,3.862990007109758,3.8775879714334374,7160000
2001-05-22,4.113892078399658,4.173196494438953,4.105680703071799,4.128490040311087,13677600
2001-05-23,3.9870717525482178,4.102030645645163,3.915906392018847,4.101118425401182,11368800
2001-05-24,3.991633653640747,4.018092565960874,3.9451027630457247,3.9688243184770853,3976000
2001-05-25,3.96699857711792,4.023565617285717,3.9596997726008256,3.9688233652578813,5265600
2001-05-29,3.8739359378814697,3.9341525460542446,3.8547761871089286,3.9314155382417963,8752000
2001-05-30,3.7407310009002686,3.822844747454239,3.6905505326918813,3.804597209548597,17573600
2001-05-31,3.749854803085327,3.7881746696093894,3.7133600732998246,3.7179218710176554,11191200
2001-06-01,3.7690131664276123,3.772662394087647,3.7106209993120136,3.7589770072664512,7395200
2001-06-04,3.7553296089172363,3.7781389482201937,3.7224841046341135,3.768102783240029,4694400
2001-06-05,3.7790496349334717,3.8182817104557287,3.7553280848246153,3.7553280848246153,6280000
2001-06-06,3.777226448059082,3.8064223723612907,3.7608036971337313,3.800035785672862,4986400
2001-06-07,3.8629870414733887,4.0089665726408965,3.77722411041781,3.77722411041781,12457600
2001-06-08,3.7972991466522217,3.8593405845386863,3.76627842770899,3.795474357532863,3804800
2001-06-11,3.758066177368164,3.8274067556182265,3.745293004543904,3.8155458031201896,5498400
2001-06-12,3.820106029510498,3.8301421891850533,3.7316060764696415,3.749853259831327,6781600
2001-06-13,3.77807879447937,3.814626251273795,3.736963341263616,3.810057906310087,4986400
2001-06-14,3.78721284866333,3.819191586752742,3.7698526635215597,3.7808171010454474,7860800
2001-06-15,3.7378742694854736,3.8009182226112515,3.714118683081338,3.7872131972580667,12663200
2001-06-18,3.728738307952881,3.7460981495120116,3.7086371819585797,3.727824430293756,5157600
2001-06-19,3.8932042121887207,3.915132414037111,3.7232590794225153,3.7305687124003013,10737600
2001-06-20,3.8374669551849365,3.960813967898979,3.8146248899755024,3.8429491763104124,10246400
2001-06-21,3.9772613048553467,4.0430465810982925,3.8054891812868563,3.814625870301779,17780000
2001-06-22,4.070456027984619,4.079593063367424,3.8995974745621753,4.000102423977198,8082400
2001-06-25,4.020203590393066,4.111571853811091,3.9525909221051316,4.079593101031688,9700000
2001-06-26,3.905993700027466,4.001930317688101,3.866705314459595,4.001930317688101,11744000
2001-06-27,3.897770643234253,4.043046216128354,3.84660428315943,3.84660428315943,6638400
2001-06-28,3.835641384124756,3.9745212488999124,3.7004163351826773,3.9288370966137065,40526400
2001-06-29,3.8365542888641357,3.883151959013673,3.829244659052731,3.846604507041317,23972800
2001-07-02,3.8511717319488525,3.9608133489878887,3.8191926365273,3.8191926365273,12188000
2001-07-03,3.8849761486053467,3.920609693065438,3.8146225883837626,3.8328962992341298,5087200
2001-07-05,3.845691204071045,3.9014259147672323,3.8109711575067657,3.8849795952653294,11560800
2001-07-06,3.819195508956909,3.8831533993607557,3.7963534301371404,3.8456924040380325,7800000
2001-07-09,3.7917821407318115,3.8603083239980487,3.778076764661687,3.7917821407318115,4908000
2001-07-10,3.7579774856567383,3.814625722142207,3.6848829307493056,3.770768989197747,8885600
2001-07-11,3.870359420776367,3.9745191779489613,3.753408163395524,3.757976506535293,7352800
2001-07-12,4.111569881439209,4.202024572189394,3.8712713663321967,3.8712713663321967,13215200
2001-07-13,4.123448371887207,4.18923326134637,4.0311662631862495,4.088728346437391,6738400
2001-07-16,4.239487648010254,4.30801384696381,4.122536031454106,4.1243634385846075,14795200
2001-07-17,4.289742469787598,4.323548648831049,4.185582646191448,4.239489966119232,9413600
2001-07-18,4.202028274536133,4.257762644815922,4.181013258797925,4.24405760892774,7651200
2001-07-19,4.361921787261963,4.38933220121858,4.079593791569928,4.202027299215653,21112000
2001-07-20,4.327200889587402,4.394813207432187,4.29430825991491,4.360093519259895,8193600
2001-07-23,4.223043441772461,4.3354264223661,4.170963532437419,4.304361182715159,10483200
2001-07-24,4.207509517669678,4.2760357324478235,4.13441495828146,4.221214900042248,6176000
2001-07-25,4.274209499359131,4.289742293552289,4.096041570812996,4.1627403963660905,6352000
2001-07-26,4.371057033538818,4.37197056266762,4.219385754576425,4.241313939089764,7420000
2001-07-27,4.276033878326416,4.35826543982089,4.244055131379788,4.312581316444449,8160000
2001-07-30,4.21207857131958,4.285173491554577,4.184668150502662,4.262331416116743,9475200
2001-07-31,4.344560623168945,4.34912896638676,4.166392449336186,4.21207657859883,11809600
2001-08-01,4.3683180809021,4.386591460112243,4.244970679979436,4.318979120533034,6523200
2001-08-02,4.5492262840271,4.569327066582168,4.408519063430163,4.414914814498906,17220000
2001-08-03,4.582118511199951,4.582118511199951,4.4944047141660235,4.549225880880011,9455200
2001-08-06,4.342731952667236,4.541001197223175,4.289738559382823,4.51359079734902,14084000
2001-08-07,4.3646626472473145,4.399382690203628,4.317151101239285,4.342734107342717,5502400
2001-08-08,4.385677814483643,4.4140021091774315,4.339993670582771,4.356439990270474,9898400
2001-08-09,4.445067405700684,4.48252839030321,4.353699116568438,4.376541188851499,9937600
2001-08-10,4.517248153686523,4.522730376587943,4.321720067920006,4.422225396525158,5316800
2001-08-13,4.539175033569336,4.563844504773133,4.472476247814881,4.493490905090209,6129600
2001-08-14,4.522729873657227,4.546485473170336,4.477959262963409,4.5391761919902756,3258400
2001-08-15,4.4542036056518555,4.566586547107839,4.435929880125332,4.5455718847421505,7245600
2001-08-16,4.47796106338501,4.494407388330514,4.403952949672709,4.449637108178561,5716800
2001-08-17,4.452375888824463,4.476131834920707,4.4313612279192,4.4313612279192,5426400
2001-08-20,4.404867172241211,4.4807030545880835,4.386593436256451,4.454206154837307,6202400
2001-08-21,4.444153785705566,4.481614772483519,4.360095122122798,4.408520206641463,10111200
2001-08-22,4.4679083824157715,4.481613413299604,4.343647483898937,4.4213103712008195,6225600
2001-08-23,4.4980597496032715,4.513592536259492,4.3893316371788424,4.458771366848587,9220800
2001-08-24,4.685364723205566,4.732876264914891,4.490750561168604,4.504455592394459,13169600
2001-08-27,4.614097595214844,4.657040793278098,4.583032369741013,4.614097595214844,7254400
2001-08-28,4.614097595214844,4.646076350022191,4.5912555279118,4.5912555279118,7459200
2001-08-29,4.591257095336914,4.655214975328695,4.591257095336914,4.604962479814583,5089600
2001-08-30,4.523643970489502,4.592170189291483,4.5044567128751165,4.5912566597327675,7333600
2001-08-31,4.568413257598877,4.6762278383615925,4.523642654315809,4.523642654315809,8666400
2001-09-04,4.636940002441406,4.7511503473291254,4.586687520399272,4.591255864486318,13728000
2001-09-05,4.614097595214844,4.641508006270039,4.499887258699625,4.641508006270039,10056800
2001-09-06,4.5802903175354,4.659780594795986,4.523641753471809,4.614096471317594,8446400
2001-09-07,4.43227481842041,4.568413700040224,4.34547523695349,4.509024182522778,14432800
2001-09-10,4.445067405700684,4.536435694832929,4.402124198274972,4.402124198274972,7283200
2001-09-17,4.029740810394287,4.16238842335052,4.022422506720064,4.116647891225789,18979200
2001-09-18,3.937347173690796,4.047124578706647,3.937347173690796,4.029742943954047,25150400
2001-09-19,3.9108171463012695,4.048038800557454,3.836717327372753,3.956557697719998,24913600
2001-09-20,3.8659918308258057,3.9611322757659417,3.727855498420096,3.8193366149457426,19208800
2001-09-21,3.9958953857421875,4.075483863151311,3.7827442067029544,3.7964665144164638,40428800
2001-09-24,4.2456374168396,4.331629516698571,4.089204835075577,4.089204835075577,12559200
2001-09-25,4.176112651824951,4.272167743867156,4.164220010266133,4.208130899514777,9951200
2001-09-26,4.157816410064697,4.311504698744977,4.121223827436924,4.235575211932803,13273600
2001-09-27,4.166963577270508,4.198982168135396,4.027912278675043,4.157815607864919,13406400
2001-09-28,4.282229900360107,4.327055438531182,4.140433933277015,4.217278061971515,10322400
2001-10-01,4.289546966552734,4.373709725553062,4.2218511756995385,4.279483993837988,8278400
2001-10-02,4.396579742431641,4.413046360674543,4.281313414731323,4.289546723852774,10900000
2001-10-03,4.477999210357666,4.610646854285322,4.322481295027747,4.325225615924771,13999200
2001-10-04,4.356327533721924,4.4807418184267105,4.334372276993146,4.473423515841289,9056000
2001-10-05,4.37279748916626,4.390179125400106,4.276742382456447,4.3087606350354575,12214400
2001-10-08,4.336203575134277,4.388347765745174,4.322481272774507,4.373710806081986,12100000
2001-10-09,4.277656078338623,4.336204275419393,4.267593450485369,4.3270559560445685,11063200
2001-10-10,4.413961887359619,4.439576476796378,4.253870005434659,4.277654931486991,16685600
2001-10-11,4.382859230041504,4.573140074390822,4.3380333401219895,4.436833089835524,16228800
2001-10-12,4.398407459259033,4.412129402408107,4.2456339795981695,4.372792537230469,11457600
2001-10-15,4.359074592590332,4.400240808771047,4.285889432774162,4.398411493851077,9600000
2001-10-16,4.348094940185547,4.391091152727224,4.299610087045407,4.302354407344638,13043200
2001-10-17,4.3389482498168945,4.411218396722355,4.304185336917499,4.353585210673586,8213600
2001-10-18,4.356327533721924,4.398409082235023,4.304183362775435,4.304183362775435,6332000
2001-10-19,4.4029860496521,4.412134021328197,4.336204879292885,4.349926836807032,12712800
2001-10-22,4.511847972869873,4.537462570043304,4.3865189594492415,4.3865189594492415,10716800
2001-10-23,4.494464874267578,4.6618750437299115,4.494464874267578,4.532886754514727,12030400
2001-10-24,4.462447643280029,4.532888127373079,4.436833048690803,4.5054438690313825,3948800
2001-10-25,4.481658458709717,4.491721084812703,4.3819440631907725,4.391092032001719,9764800
2001-10-26,4.541121959686279,4.571310891599353,4.478914780870902,4.482574108794799,8450400
2001-10-29,4.468851089477539,4.551184209745416,4.459703120102292,4.541121234049046,5242400
2001-10-30,4.396579742431641,4.473423844574339,4.381942787212676,4.473423844574339,8999200
2001-10-31,4.515505790710449,4.583201588879948,4.427684044936323,4.427684044936323,16315200
2001-11-01,4.480743885040283,4.48440321250701,4.359074213039361,4.44598097205173,12476000
2001-11-02,4.499040126800537,4.536547360514301,4.456043901943539,4.465192220515597,4517600
2001-11-05,4.526484966278076,4.571310860610143,4.49263705564328,4.519166659452611,3059200
2001-11-06,4.571310520172119,4.587777145518995,4.506358676204914,4.508188340018199,5361600
2001-11-07,4.55026912689209,4.574054054427154,4.499039595852359,4.5722243909286675,7430400
2001-11-08,4.559416770935059,4.59600934035537,4.530142854987852,4.564905761039887,6240000
2001-11-09,4.532886981964111,4.569479549821633,4.491720430367548,4.559416576212185,2723200
2001-11-12,4.516419410705566,4.533801033817055,4.413046073865471,4.532886027878284,3999200
2001-11-13,4.5722246170043945,4.578628265079414,4.546610024704319,4.564906311621222,8261600
2001-11-14,4.7167649269104,4.720423905136711,4.583202275929566,4.587776609414591,12618400
2001-11-15,4.797267436981201,4.9317447286112195,4.707616025552057,4.71676434241581,13776800
2001-11-16,4.8439226150512695,4.848496598651708,4.78445978132783,4.798182081101725,11053600
2001-11-19,4.870451927185059,4.979314266067112,4.8439223352732155,4.848496318609467,17625600
2001-11-20,4.897898197174072,4.930831449140288,4.811905739490575,4.89881285462971,12739200
2001-11-21,4.898812770843506,4.907046083694243,4.832031610597619,4.894238785698141,9084000
2001-11-23,4.885092735290527,4.89424070917649,4.854903793315749,4.89424070917649,2711200
2001-11-26,4.78354549407959,4.894237511043216,4.748782587877607,4.889663527089099,12923200
2001-11-27,4.780799865722656,4.84758134415541,4.757014944547833,4.7707372426307355,6218400
2001-11-28,4.735062122344971,4.766165713850318,4.68840690957332,4.758847406481688,6448800
2001-11-29,4.70212984085083,4.72500012149899,4.673770567216907,4.709448149192392,7641600
2001-11-30,4.847585201263428,4.871370141363361,4.7204261382390325,4.7204261382390325,12154400
2001-12-03,4.838435649871826,4.880516874959843,4.761591506724143,4.8466689633866755,6876800
2001-12-04,4.845752716064453,4.849411693891819,4.789034197582655,4.800926835196273,7030400
2001-12-05,5.0104193687438965,5.031459977682942,4.821053539319824,4.832031172467877,10920000
2001-12-06,5.154044151306152,5.157703478323587,4.996696579282811,5.03145948800317,15729600
2001-12-07,5.035118103027344,5.085432620998101,5.01224783586131,5.0771993108594256,13519200
2001-12-10,4.97839879989624,5.090005797643005,4.926254626942677,5.049754259442586,8631200
2001-12-11,5.031463146209717,5.032377804142777,4.9537043099029034,5.022315170987581,7176000
2001-12-12,4.985719203948975,5.11104819448269,4.974741571303998,5.032374404419614,11228000
2001-12-13,5.02143669128418,5.032426423535835,4.928023093751884,4.968319011579481,10440800
2001-12-14,4.931687355041504,5.023269295520325,4.5790970239409985,4.849263818224993,65985600
2001-12-17,4.790649890899658,4.896884893701357,4.790649890899658,4.885894812842472,26223200
2001-12-18,4.833693027496338,4.85384115919676,4.747606159120705,4.770501636286728,15545600
2001-12-19,5.00128698348999,5.018687416524604,4.835523639648836,4.860250791449926,22935200
2001-12-20,4.926190376281738,4.991213440003018,4.853840593030458,4.968317965507591,15624000
2001-12-21,5.156062602996826,5.211011970759027,5.059901646109649,5.137746147076093,33040000
2001-12-24,5.224748134613037,5.237569546702337,5.169799125842527,5.188115578551789,8288800
2001-12-26,5.229326248168945,5.351130340482524,5.211010148012296,5.252221722721974,12077600
2001-12-27,5.197271347045898,5.243062284024276,5.128584941578332,5.243062284024276,5219200
2001-12-28,5.172544956207275,5.222914924384204,5.147817804697036,5.178955660373948,5465600
2001-12-31,5.1505656242370605,5.270537676010857,5.140491560485054,5.172545082098545,6570400
2002-01-02,5.212841033935547,5.236652521079841,5.131333207375774,5.1578920394378,9688000
2002-01-03,5.174380779266357,5.233909193461076,5.152400954982282,5.233909193461076,10716000
2002-01-04,5.220171928405762,5.356629207970847,5.174380946577641,5.174380946577641,18803200
2002-01-07,5.237570285797119,5.306256731131519,5.224748871898537,5.265960808970642,10421600
2002-01-08,5.252223014831543,5.284276896705752,5.174378521943456,5.178957548109114,12569600
2002-01-09,5.178040027618408,5.27511660523956,5.146902171746655,5.252221133256129,7919200
2002-01-10,5.222914218902588,5.26595781194231,5.133164023334948,5.142322420448255,7835200
2002-01-11,5.076385498046875,5.209179342618718,5.027847195640371,5.174378117635821,14765600
2002-01-14,5.0095295906066895,5.076384330221975,5.000371191740571,5.076384330221975,6080800
2002-01-15,5.247643947601318,5.252222973731143,5.137745573699015,5.15148300144579,18412000
2002-01-16,5.146904945373535,5.247644936645754,5.133167515037612,5.247644936645754,5040800
2002-01-17,5.254971504211426,5.274203626628159,5.134999044138618,5.156062847169901,8780000
2002-01-18,5.270538330078125,5.339224755794236,5.230242419426609,5.238484804486831,11547200
2002-01-22,5.31174898147583,5.345634178882486,5.275116090136588,5.320907029632068,14525600
2002-01-23,5.326404571533203,5.330067932260324,5.268707862831628,5.311751477982028,9128800
2002-01-24,5.379522800445557,5.421650405014759,5.302593964148284,5.320910070929785,12901600
2002-01-25,5.367613315582275,5.415235928654014,5.3254857403347335,5.357539254249798,9368000
2002-01-28,5.332812786102295,5.351129231821311,5.292516885006174,5.3392234897003785,8718400
2002-01-29,5.293435573577881,5.439966873668394,5.230244166578704,5.355711314978814,10406400
2002-01-30,5.5864973068237305,5.591076333105402,5.2659605761043355,5.270539602386008,32193600
2002-01-31,5.48667049407959,5.5718416716273955,5.4656067033058635,5.563599288337055,16327200
2002-02-01,5.4967451095581055,5.545283399727262,5.421647987299068,5.481176006507863,7840800
2002-02-04,5.445459842681885,5.526967680067767,5.420732687066409,5.476597703528347,6024000
2002-02-05,5.493998050689697,5.540704663557891,5.453701793184301,5.458280818076131,14220800
2002-02-06,5.504073143005371,5.508652518400314,5.450955812125506,5.458282183914288,9764800
2002-02-07,5.499494552612305,5.5535279025943485,5.489420484917078,5.504073579012684,14716000
2002-02-08,5.412491798400879,5.485757620196642,5.412491798400879,5.458282762344566,9759200
2002-02-11,5.535210609436035,5.537042289590279,5.421649234731072,5.421649234731072,11110400
2002-02-12,5.5095672607421875,5.532462736451614,5.494914170262444,5.512314606033004,3904800
2002-02-13,5.531548976898193,5.54070703059425,5.4885053559405454,5.504074117095313,7305600
2002-02-14,5.538874626159668,5.542537986902302,5.499494371569623,5.519642506296802,5942400
2002-02-15,5.450039863586426,5.531548065219975,5.439966145923997,5.52971638491118,7847200
2002-02-19,5.342888832092285,5.439965785889787,5.338309806302,5.430807384951943,6598400
2002-02-20,5.360290050506592,5.380438186146932,5.3209097941317385,5.3209097941317385,6187200
2002-02-21,5.265959739685059,5.3511309425537625,5.265959739685059,5.319077414315973,15360800
2002-02-22,5.439966201782227,5.476598760262387,5.195442293085371,5.284276867508968,9350400
2002-02-25,5.471104145050049,5.513231745101401,5.3767745283261705,5.398754343207092,10842400
2002-02-26,5.442713260650635,5.500409965177763,5.42897583359651,5.4949149244846565,9015200
2002-02-27,5.359372138977051,5.462859770455148,5.333729322077309,5.458280396559755,5548800
2002-02-28,5.390511989593506,5.425313217804388,5.3163305069391456,5.38226960263191,10628800
2002-03-01,5.389595031738281,5.423480588516757,5.330982667758669,5.3850160063068575,7475200
2002-03-04,5.425311088562012,5.46194363340311,5.352961314666874,5.366698387973347,7805600
2002-03-05,5.313584327697754,5.407913616357512,5.313584327697754,5.407913616357512,10219200
2002-03-06,5.366700649261475,5.439050453641591,5.274203059004387,5.311751634168179,11372000
2002-03-07,5.385015964508057,5.430806917181352,5.348383411983767,5.366699513567291,9264000
2002-03-08,5.330069065093994,5.449125519170787,5.298931191010151,5.430809060999577,8812000
2002-03-11,5.356626510620117,5.385016681468789,5.224748325774139,5.256802206527443,5996000
2002-03-12,5.356626510620117,5.375858629457725,5.2943507787444695,5.333731031235167,7266400
2002-03-13,5.559019565582275,5.563598589199907,5.3621184058101345,5.379519184657087,15831200
2002-03-14,5.753367900848389,5.768035491843617,5.5654392819398515,5.592024399900876,28416800
2002-03-15,5.752451419830322,5.798287686123791,5.718532680689984,5.753367991286889,14512000
2002-03-18,5.821206569671631,5.854208741609651,5.7524521613684225,5.7533687329431435,11933600
2002-03-19,5.812037467956543,5.845039278908125,5.786368926501465,5.822121150642843,9704800
2002-03-20,5.866124153137207,5.892708915645372,5.76161719648375,5.77536821306267,9429600
2002-03-21,5.793703556060791,5.867041504931854,5.687363442772018,5.825788799409717,11281600
2002-03-22,5.454516410827637,5.5232708193674815,5.38209501657028,5.454516410827637,45276800
2002-03-25,5.506768703460693,5.531520327870327,5.436180815263505,5.4545153907191155,13555200
2002-03-26,5.546189308166504,5.5773579893410155,5.5067700834545334,5.5067700834545334,14090400
2002-03-27,5.5920257568359375,5.5920257568359375,5.5232713417928725,5.539772429379451,9327200
2002-03-28,5.50126838684082,5.605775365084042,5.486600795987851,5.5507716371081965,7105600
2002-04-01,5.3848466873168945,5.4636848004230405,5.326175951254309,5.4636848004230405,10740800
2002-04-02,5.285837650299072,5.362842583433933,5.27117006064019,5.361926012075281,17763200
2002-04-03,5.335341453552246,5.408679409503224,5.143745846922403,5.2400019359644965,25100800
2002-04-04,5.319756507873535,5.361009214017814,5.298671869111555,5.31700644403156,15709600
2002-04-05,5.396759986877441,5.445346649763547,5.34267319779117,5.34267319779117,8512800
2002-04-08,5.367425441741943,5.407761570336418,5.317005630701726,5.330756647214002,8042400
2002-04-09,5.378426551818848,5.41784576318456,5.320673116313379,5.353675279289595,8849600
2002-04-10,5.363759517669678,5.408679210746872,5.3399248140000894,5.362842946249017,9764800
2002-04-11,5.275753498077393,5.367426018807505,5.265669464844614,5.3628424627115825,12962400
2002-04-12,5.304172992706299,5.343592211190732,5.284921844061243,5.294088957786611,8440800
2002-04-15,5.229001522064209,5.335341649524848,5.2225844725392285,5.317007072437916,8157600
2002-04-16,5.3848466873168945,5.431599542164905,5.227169761698428,5.227169761698428,11281600
2002-04-17,5.262003421783447,5.375677164443849,5.225334269484828,5.361926494609082,10640000
2002-04-18,5.078660011291504,5.225335968779526,5.074993024928537,5.197834270463406,24531200
2002-04-19,5.208832740783691,5.234500935377397,5.051155888958532,5.101576056486059,21612800
2002-04-22,5.225335597991943,5.243670178802699,5.153831117503342,5.208834510232568,11625600
2002-04-23,5.263835906982422,5.320673120914123,5.184080912856209,5.202415486714728,10249600
2002-04-24,5.133663177490234,5.259254482308409,5.119912154097879,5.2345028500240005,10952000
2002-04-25,5.08690881729126,5.118077491318366,5.028238104643864,5.110743521098836,13184000
2002-04-26,5.019070148468018,5.129993806633321,5.019070148468018,5.0942415820761475,8363200
2002-04-29,4.941149711608887,4.997069663475353,4.939316218968565,4.996153092006674,9502400
2002-04-30,4.888895034790039,4.959482558432318,4.84030836760011,4.9503154474847895,10550400
2002-05-01,5.012655258178711,5.028239424431245,4.8036419479026,4.849478224696697,12188000
2002-05-02,5.063073635101318,5.099742785861116,4.972318029010376,4.972318029010376,9292800
2002-05-03,5.073156833648682,5.103408580796461,5.041988165546281,5.096991532925633,9031200
2002-05-06,4.950318813323975,5.0878276692496405,4.936567787850166,5.050241929284749,6404000
2002-05-07,5.054821968078613,5.09240768187165,4.98240060379112,5.0053187304869455,8880800
2002-05-08,5.138245582580566,5.170331180063053,5.075908230006391,5.1565801597558485,11174400
2002-05-09,5.032822132110596,5.142828890429748,5.017237619870177,5.142828890429748,10512800
2002-05-10,4.8494791984558105,5.015406329958107,4.828394199158054,5.014489758107518,20409600
2002-05-13,4.92281436920166,4.950316055122872,4.877894680758117,4.87881160178714,13024000
2002-05-14,5.056654930114746,5.078656483305684,4.966815924848832,4.994317604060385,16344800
2002-05-15,4.992485046386719,5.0511553996043235,4.992485046386719,5.041988288052656,7164000
2002-05-16,5.119908332824707,5.140076392160133,5.00531772242395,5.015401752091663,12305600
2002-05-17,5.118995189666748,5.172165086651648,5.04657379146893,5.12907922608708,7981600
2002-05-20,4.9869842529296875,5.1409940843971205,4.975066729742738,5.106158435690647,9714400
2002-05-21,4.928317070007324,5.011739092360863,4.8879812662407325,5.009905948751416,7502400
2002-05-22,4.835723400115967,4.909061315390443,4.766969038976877,4.905394332201028,12484800
2002-05-23,5.019070148468018,5.0969916455950415,4.858643248745296,4.858643248745296,17653600
2002-05-24,4.950318813323975,5.019073241286807,4.941151696143505,5.019073241286807,4313600
2002-05-28,4.92281436920166,4.970484121326452,4.913646907425983,4.931981481274428,6865600
2002-05-29,4.910895347595215,4.968649115226579,4.910895347595215,4.929229915857864,7258400
2002-05-30,4.908146381378174,4.94114854168405,4.893478793431438,4.909062952629834,9542400
2002-05-31,4.927396297454834,4.98148308010338,4.891644082597841,4.895311066096711,6962400
2002-06-03,4.772472858428955,4.9383999424540255,4.772472858428955,4.9200653633603855,6782400
2002-06-04,4.619381427764893,4.7165544921922695,4.5341258971123715,4.698219905547065,20084800
2002-06-05,4.65696382522583,4.667964429423583,4.563457815287668,4.606544010474648,23251200
2002-06-06,4.615711688995361,4.706467646451306,4.574459330763786,4.656964396929881,6863200
2002-06-07,4.596460342407227,4.6248789510185,4.572625639803171,4.588209801178336,9258400
2002-06-10,4.609294414520264,4.63404603807043,4.583626219595466,4.603794286866623,5749600
2002-06-11,4.620296001434326,4.669798905605276,4.597377867200431,4.609295045215914,9564000
2002-06-12,4.621213436126709,4.634063182077659,4.573487208788006,4.6193781082534935,12732000
2002-06-13,4.589090347290039,4.625803210116282,4.570733915876917,4.598268387936696,11324800
2002-06-14,4.566142559051514,4.589087999046748,4.538608101081159,4.589087999046748,21538400
2002-06-17,4.805695533752441,4.823133951268692,4.573487671026358,4.589090410364086,11135200
2002-06-18,4.864437103271484,4.901149976174325,4.754298834682866,4.782751328688563,11430400
2002-06-19,4.864437103271484,4.956218935408682,4.838738302311438,4.865354767540098,12220000
2002-06-20,4.772653102874756,4.873612932310746,4.772653102874756,4.827722037090797,14919200
2002-06-21,4.657925605773926,4.740529352623718,4.614788054627954,4.726761944775511,20275200
2002-06-24,4.671693801879883,4.758886232564809,4.543199140681384,4.658844055664205,13702400
2002-06-25,4.5523762702941895,4.740529204446438,4.544115895867409,4.694638313213152,12780000
2002-06-26,4.5046491622924805,4.577156490037037,4.425716788933441,4.552375371648526,11421600
2002-06-27,4.719417572021484,4.73593831557392,4.578991601945392,4.612033089050261,11546400
2002-06-28,4.924094200134277,5.167315784269822,4.924094200134277,5.002108597851,38186400
2002-07-01,5.011285305023193,5.091135709805582,4.946120321909062,4.988339858846128,14140800
2002-07-02,5.020466327667236,5.103069767172603,4.9855891331454645,5.011287934308924,17796000
2002-07-03,5.052587032318115,5.103066942426564,5.024134903956475,5.02505256772439,18846400
2002-07-05,5.165480613708496,5.20861818027956,5.057178040276355,5.075534473931266,5763200
2002-07-08,5.209536552429199,5.277455261147153,5.176495387503601,5.204029866668216,11368800
2002-07-09,5.139782428741455,5.309578672500135,5.126015014330798,5.2104544791510365,13620000
2002-07-10,5.109490871429443,5.217793385995411,5.074614051573708,5.142532364025116,13750400
2002-07-11,4.832312107086182,5.080122697094871,4.802941957898192,5.080122697094871,18399200
2002-07-12,4.880954742431641,5.012202706537934,4.859844976542334,4.9332703253137655,13425600
2002-07-15,4.8093671798706055,4.886463917414541,4.627638880565746,4.880956882547176,12742400
2002-07-16,4.959887981414795,5.011285559383612,4.855256797555714,4.864434836444505,20492000
2002-07-17,4.910327911376953,5.183837723117768,4.891971475329135,5.103069614579304,26277600
2002-07-18,4.686378479003906,4.988340312036296,4.681789109255771,4.915832961620475,15584000
2002-07-19,4.4954729080200195,4.647830695098468,4.486294867279797,4.598268434813719,13297600
2002-07-22,4.363306522369385,4.5652265369526415,4.326593665128882,4.419293472107262,16643200
2002-07-23,4.254086494445801,4.396348571380156,4.176072100743566,4.3633070657726885,20030400
2002-07-24,4.442237854003906,4.474361333788365,4.139357729774804,4.143947098418015,20493600
2002-07-25,4.459677696228027,4.541363442579282,4.354128485701483,4.446828300188924,13172000
2002-07-26,4.470692157745361,4.584501763241325,4.438568662305288,4.482623891817321,9958400
2002-07-29,4.6671037673950195,4.692802906048396,4.5110750083039255,4.5110750083039255,13128000
2002-07-30,4.616623401641846,4.7139122131713345,4.579910900209366,4.644157865246131,13300000
2002-07-31,4.52392578125,4.593679807150367,4.377992680238069,4.593679807150367,17416800
2002-08-01,4.313745021820068,4.451417735282411,4.2504156996705245,4.451417735282411,30043200
2002-08-02,4.174236297607422,4.281621187615127,4.125592054764497,4.272442797376979,12247200
2002-08-05,4.030137062072754,4.203604532215913,4.015451994497662,4.1512889570971705,13232800
2002-08-06,4.093466281890869,4.161384937114684,4.055835774976487,4.065931824412964,15705600
2002-08-07,4.089797019958496,4.164140051808042,3.969562739269302,4.139358924484935,12808000
2002-08-08,4.129264831542969,4.155881297091584,4.024633247548073,4.0668531569298345,12080800
2002-08-09,4.031056880950928,4.089797532778472,4.015454141487232,4.084290498198442,12630400
2002-08-12,3.925508499145508,3.983331144010787,3.91908379972935,3.983331144010787,16540800
2002-08-13,3.9466164112091064,4.09530279192347,3.9236709669578906,3.928259985784195,17048800
2002-08-14,4.061346054077148,4.0631817327261475,3.9190842849187657,3.9557968075390466,10160000
2002-08-15,4.157716274261475,4.162305295125237,3.7171636190631454,4.0604277715182535,57087200
2002-08-16,4.042986869812012,4.143947026168022,4.0108633905876285,4.125590602274233,25323200
2002-08-19,3.9998514652252197,4.090715261452659,3.9787413407281162,4.027385938320813,26128000
2002-08-20,4.111824035644531,4.112742049592312,3.975069367482877,3.9998504922769436,21135200
2002-08-21,4.175154685974121,4.250415742074791,4.115496369497332,4.130181445075028,17446400
2002-08-22,4.2357306480407715,4.250415723554481,4.146702180796513,4.189839743295454,16512800
2002-08-23,4.2036051750183105,4.256838771943105,4.1944271376752615,4.21553690366002,10257600
2002-08-26,4.212784290313721,4.242154435029306,4.1760714343593675,4.199016881800903,15488000
2002-08-27,4.158632278442383,4.271523817700393,4.138440176257808,4.267852462735982,22111200
2002-08-28,4.087043285369873,4.174236062053108,4.075111903913258,4.153126290876286,10277600
2002-08-29,3.9447827339172363,3.9695638682885668,3.905316521783621,3.9658925113180277,22445600
2002-08-30,3.963137149810791,4.026466449752946,3.9466164019789782,3.95120542079455,10836000
2002-09-03,3.8713552951812744,3.9475339863232226,3.869519617668016,3.9282598976135388,14342400
2002-09-04,3.870438814163208,3.896137959406695,3.8098628327147006,3.8823705476648334,10861600
2002-09-05,3.8429031372070312,3.919999848551253,3.8227113831281097,3.8318894213349184,11138400
2002-09-06,3.8438217639923096,3.907151078004387,3.833725710283188,3.854835481620547,10312000
2002-09-09,3.7584643363952637,3.841067736573339,3.7401079085380005,3.7905878225556697,14457600
2002-09-10,3.8667662143707275,3.872272896702398,3.7401072689471064,3.7676417309644985,14068000
2002-09-11,3.9466164112091064,3.955794448861715,3.877780078455459,3.877780078455459,10124000
2002-09-12,3.8400018215179443,3.9705142763543146,3.822539038033854,3.9411030880605735,10177600
2002-09-13,3.8354060649871826,3.8923901936649123,3.7085701070576627,3.7223567537968028,20060000
2002-09-16,3.8795228004455566,3.9135297685272143,3.805075890589412,3.8142667545737052,13392000
2002-09-17,3.8326494693756104,4.014631341223929,3.8096719549915945,3.979705421189692,13172000
2002-09-18,3.9567277431488037,4.021064850884766,3.77474587882756,3.7775030682447053,29804800
2002-09-19,4.0449604988098145,4.073452735968693,3.915367363076399,3.942940654150328,18411200
2002-09-20,4.053231239318848,4.085399952696562,3.9888945137811347,4.030253737167134,19296800
2002-09-23,3.88779616355896,4.054153528146144,3.85011304624032,4.054153528146144,12395200
2002-09-24,3.8795228004455566,3.9613226819763256,3.8280534011591327,3.888714015038837,11419200
2002-09-25,4.0780487060546875,4.12584197278851,3.9383453918963616,3.9888961984670437,12144000
2002-09-26,4.192018032073975,4.202128195107567,4.080806939922593,4.113894268111077,10064000
2002-09-27,4.031173229217529,4.18098664868728,4.021063071682736,4.180067352215639,8324800
2002-09-30,3.968677282333374,3.9879783149866217,3.8482749513175865,3.9567288737631645,10552000
2002-10-01,3.996248722076416,4.005439936959178,3.821619846611915,3.969594724829903,11379200
2002-10-02,3.9613218307495117,4.082643032438869,3.9153668194850906,3.985218632948001,11360000
2002-10-03,3.8638975620269775,3.9815422826505675,3.8510302145348874,3.9585647762407152,12894400
2002-10-04,3.854706048965454,3.9089329738948875,3.7793398618579563,3.8786028501120633,14320800
2002-10-07,3.672726631164551,3.8537895969421068,3.6653740072444365,3.832650321084234,17309600
2002-10-08,3.677320957183838,3.7811794121636737,3.6019547440081032,3.7131661713021655,22868800
2002-10-09,3.6139020919799805,3.699378441789291,3.6047112298836974,3.6258504931922806,12019200
2002-10-10,3.660780429840088,3.6616993768176767,3.5412969874141105,3.614825367556035,17004800
2002-10-11,3.8473551273345947,3.89698664336008,3.683755334445828,3.683755334445828,13461600
2002-10-14,3.9135284423828125,3.942020321444712,3.7775013173685204,3.805074601195849,9926400
2002-10-15,4.1313557624816895,4.135951193686222,3.9705132160605583,3.988895291487616,12033600
2002-10-16,3.9594855308532715,4.089997647027883,3.9383459086360375,4.089997647027883,13378400
2002-10-17,4.0899977684021,4.1672022346839395,4.039447304307706,4.085402335413348,13486400
2002-10-18,3.9934911727905273,4.089996641398359,3.908014810438429,4.089996641398359,16188800
2002-10-21,4.185582637786865,4.209479090105382,3.957645817035408,3.9833805119336447,12096800
2002-10-22,4.1635236740112305,4.203964305628701,4.122164096497403,4.168119104710792,13505600
2002-10-23,4.158012390136719,4.255436855623539,4.105623319246391,4.164446068023239,10222400
2002-10-24,4.191097259521484,4.2581918904658735,4.160767131708256,4.167200805808303,11374400
2002-10-25,4.318853378295898,4.3197723245225115,4.186502682686716,4.214075627402291,12144800
2002-10-28,4.293118000030518,4.4328213066711095,4.258192436327111,4.411682038974104,11556800
2002-10-29,4.252676486968994,4.305065168096654,4.147899124713674,4.283006609965009,10322400
2002-10-30,4.328962326049805,4.36572647874598,4.210398652352975,4.292198523962574,14924800
2002-10-31,4.337233066558838,4.392379280646691,4.310579431222334,4.328961151976102,8780000
2002-11-01,4.3611321449279785,4.370323010110722,4.235215468757423,4.333559198770716,10004800
2002-11-04,4.351940155029297,4.430063897622387,4.33631561687606,4.411681819917602,7002400
2002-11-05,4.238891124725342,4.376756190517705,4.22602377468216,4.351940436602,14684800
2002-11-06,4.156173229217529,4.250840483465203,4.0670203544504915,4.249921537088121,25207200
2002-11-07,4.0936737060546875,4.172716405053822,4.057828842696712,4.103783867639556,8756800
2002-11-08,4.0449604988098145,4.1644438251729445,3.9934911034375964,4.093673055927185,9651200
2002-11-11,3.937425136566162,4.04495968800718,3.9365061906654133,4.04495968800718,6747200
2002-11-12,4.0302557945251465,4.083563795021951,3.94753695491812,3.94753695491812,8285600
2002-11-13,4.009117126464844,4.047719537904608,3.9493757917589316,3.9980880163145214,9046400
2002-11-14,4.1570916175842285,4.226943453574621,4.048637727974692,4.067019808530534,15392800
2002-11-15,4.187422275543213,4.237053439296211,4.136871464280561,4.137790761181176,11902400
2002-11-18,4.1626057624816895,4.241648452347476,4.099187610998735,4.241648452347476,12284800
2002-11-19,4.094592571258545,4.1819071870439,4.0808062744139155,4.178230700975062,10750400
2002-11-20,4.202128887176514,4.295877209006416,4.135953518682671,4.1405489524704935,14206400
2002-11-21,4.142387390136719,4.339994207751103,3.9971696421066114,4.264627968151464,27852800
2002-11-22,4.021064281463623,4.139628318137506,4.001763257058753,4.136870778501824,17854400
2002-11-25,4.09643030166626,4.121246053611964,4.0164686680249675,4.044041608872762,11533600
2002-11-26,4.038529396057129,4.146064388138662,4.035772205437587,4.1037858291294915,7906400
2002-11-27,4.144223690032959,4.206722544865572,4.0486371649232,4.0550708396316475,12444800
2002-11-29,4.115731716156006,4.193855465022929,4.1102173378280105,4.167201467740955,4201600
2002-12-02,4.278411865234375,4.331719851410805,4.218670555557174,4.227861418397069,18641600
2002-12-03,4.2738165855407715,4.283007448706955,4.193854954046323,4.283007448706955,10008800
2002-12-04,4.237054824829102,4.275657243270168,4.177313479287927,4.255436912152983,12173600
2002-12-05,4.168121337890625,4.240730373916099,4.067939352285968,4.237973184140904,13488000
2002-12-06,4.1469807624816895,4.168120028873818,4.047718105048698,4.145142519672509,13623200
2002-12-09,4.003602027893066,4.20948034991173,4.003602027893066,4.147900782801826,10828800
2002-12-10,3.9787845611572266,4.003600306829114,3.913528535839789,4.003600306829114,16245600
2002-12-11,3.9668362140655518,4.009114736613613,3.947535195155639,3.9695934023072876,8764800
2002-12-12,4.032198429107666,4.048769135966367,3.9033155827581054,3.960392266838933,14735200
2002-12-13,3.915285348892212,4.033121594992667,3.9069999905818573,4.033121594992667,10268000
2002-12-16,4.071784973144531,4.092038142346512,3.930013491087762,3.930013491087762,9933600
2002-12-17,3.9309356212615967,4.071786361181134,3.8941117285556954,4.071786361181134,18489600
2002-12-18,3.860046863555908,3.972359333177526,3.791922820216961,3.9493445058733188,16611200
2002-12-19,3.8232245445251465,3.9548694380027727,3.797448039904141,3.875698343891357,14907200
2002-12-20,4.151878356933594,4.151878356933594,3.8232263620625657,3.8232263620625657,37304800
2002-12-23,4.078228950500488,4.142670562824578,4.057976133216972,4.120576165304292,12648800
2002-12-24,4.055212497711182,4.105845047506621,4.048768374165129,4.093877590165892,3625600
2002-12-26,4.0634965896606445,4.150952976469856,4.050608346564647,4.061655361907175,5504800
2002-12-27,4.007343292236328,4.0736261349447656,4.005502063141256,4.062579111552874,5078400
2002-12-30,4.098483562469482,4.1040072515896595,4.004582954498425,4.013788751853395,6828800
2002-12-31,4.093879699707031,4.115053309580126,4.058897045874773,4.092038470433905,7450400
2003-01-02,4.243936061859131,4.243936061859131,4.094800007308966,4.103085363182784,9133600
2003-01-03,4.156482219696045,4.243938372313689,4.141752729143507,4.243938372313689,9072000
2003-01-06,4.214476585388184,4.2347297531062535,4.142670410647422,4.142670410647422,8532000
2003-01-07,4.20343017578125,4.243936165947513,4.179494897769043,4.188700692886375,6733600
2003-01-08,4.236572265625,4.274316593421146,4.179495554338332,4.204351275295501,7736000
2003-01-09,4.345200538635254,4.390309414634537,4.253141206677636,4.253141206677636,11535200
2003-01-10,4.375580787658691,4.458434343026646,4.285362666912781,4.303774607125499,16739200
2003-01-13,4.335994720458984,4.437260203926671,4.314821114659556,4.385706847733385,9019200
2003-01-14,4.297330856323242,4.330472281367051,4.268792328940277,4.2991720856232964,9748000
2003-01-15,4.230126857757568,4.298250574541909,4.2135561480146695,4.298250574541909,6536000
2003-01-16,4.190542697906494,4.246698971582262,4.161083726663246,4.243936951592894,8339200
2003-01-17,4.147274494171143,4.183177591814276,4.11045095735861,4.1610835399624815,10815200
2003-01-21,4.035881519317627,4.196064927010687,4.035881519317627,4.147273237529703,10180800
2003-01-22,3.997215509414673,4.086513162271757,3.988009717877802,4.035880606462093,8596800
2003-01-23,4.109528541564941,4.123337581894377,4.027595791929112,4.0321986883127625,7800000
2003-01-24,3.995378017425537,4.107690244289526,3.9769660675724907,4.08651662487108,7816800
2003-01-27,4.010105609893799,4.0239143023666495,3.914363796896335,3.96775803991278,9672000
2003-01-28,4.106766700744629,4.118734511780098,4.022992725853277,4.02483395456477,10444000
2003-01-29,4.204349040985107,4.207111059429244,4.064419181453773,4.107686823722913,13831200
2003-01-30,4.136224269866943,4.219077778190396,4.059814884282164,4.204347953441026,14952000
2003-01-31,4.100325107574463,4.166607626221765,4.067183672661469,4.121498724062501,11808800
2003-02-03,4.066259384155273,4.127018863346648,4.010103502392575,4.11044816014507,11604800
2003-02-04,4.021154880523682,4.067184583504787,3.9281746838417404,4.067184583504787,16016000
2003-02-05,3.9852495193481445,4.034961654796056,3.9649963490889437,4.021152611223225,14406400
2003-02-06,3.9751222133636475,4.024834339796684,3.9585515045526356,3.9852487966568777,11475200
2003-02-07,3.903317928314209,4.0183921555501385,3.9014766985369933,3.9935360803257374,9196000
2003-02-10,3.989853620529175,4.01102723619786,3.917126624637599,3.926332773523118,9557600
2003-02-11,4.03680419921875,4.066263176568031,3.9962981931581667,4.048772018510242,10545600
2003-02-12,4.0202317237854,4.054293936793566,4.006423031725127,4.036802435200573,7054400
2003-02-13,4.048768997192383,4.055213121730062,3.972359941454857,4.021151270433982,10347200
2003-02-14,4.1555585861206055,4.1555585861206055,4.027596158640366,4.050610993832596,11272800
2003-02-18,4.194222450256348,4.208031136576842,4.142669108262629,4.154636917349787,9316800
2003-02-19,4.185937404632568,4.206190216288592,4.146351868826179,4.194222757503172,7652000
2003-02-20,4.205270290374756,4.221840998136514,4.172128874851239,4.1988261652650145,6384000
2003-02-21,4.267870903015137,4.293647404898401,4.216317548070107,4.223682463567325,9549600
2003-02-24,4.167526721954346,4.26879186418216,4.15647969853533,4.26879186418216,10600000
2003-02-25,4.18041467666626,4.220920660436089,4.0745462936421015,4.128861319085871,14719200
2003-02-26,4.149115085601807,4.2071125773560025,4.106767866749536,4.179494841199242,9232800
2003-02-27,4.25590181350708,4.25590181350708,4.126098201846572,4.155557152636304,7959200
2003-02-28,4.268791675567627,4.324947931499076,4.227364900603565,4.255903423618481,10693600
2003-03-03,4.297330856323242,4.356248789210644,4.266951099640224,4.280760143801338,12242400
2003-03-04,4.20343017578125,4.317583931600462,4.20343017578125,4.303774887745891,10201600
2003-03-05,4.2881245613098145,4.297330355558759,4.189620736717695,4.203429779269653,9784000
2003-03-06,4.290884971618652,4.345199984595285,4.244855311508911,4.266949351701662,10597600
2003-03-07,4.520115852355957,4.529322001948772,4.257746734587962,4.290888170764698,22413600
2003-03-10,4.3516435623168945,4.4980178771272845,4.326787506838332,4.497097087380824,14977600
2003-03-11,4.3774213790893555,4.494336778552391,4.3525653161000335,4.3525653161000335,13907200
2003-03-12,4.4326581954956055,4.437261093125958,4.349804633434937,4.368216575134928,12011200
2003-03-13,4.517475605010986,4.580167131338163,4.439111372946933,4.50825640771751,19496800
2003-03-14,4.58662223815918,4.60506099086163,4.535915931994909,4.540525532248032,18746400
2003-03-17,4.7544121742248535,4.771007009349078,4.575557158840193,4.586620265026409,21066400
2003-03-18,4.516552925109863,4.694485788875286,4.475987621053905,4.692642231136165,27957600
2003-03-19,4.617047309875488,4.640095668207478,4.531307388745282,4.5396048118124,18655200
2003-03-20,4.8724188804626465,4.885326246136712,4.612433636325155,4.6317945089913755,31173600
2003-03-21,4.913906574249268,4.9231261223074005,4.81065009782677,4.886248633454466,13041600
2003-03-24,4.804194927215576,4.913904873461348,4.761786075896002,4.897310044390267,16826400
2003-03-25,4.876108646392822,4.887171755412932,4.777461741046267,4.826324128267487,10043200
2003-03-26,4.799586296081543,4.9046866668799405,4.794054568048563,4.876106599577496,12439200
2003-03-27,4.813416481018066,4.870576632157811,4.73413011472539,4.73413011472539,9357600
2003-03-28,4.889937400817871,4.918517126115086,4.794056192561081,4.810651030593598,9163200
2003-03-31,4.740583419799805,4.803274946189667,4.7387398616911325,4.79866534753832,14238400
2003-04-01,4.6834235191345215,4.751646773409731,4.633639010746381,4.747958953894352,15256800
2003-04-02,4.821714878082275,4.8466071389480385,4.758101556996383,4.766398977284971,13114400
2003-04-03,4.80972957611084,4.857670186980669,4.778384157297018,4.857670186980669,8769600
2003-04-04,4.747961044311523,4.845686194356231,4.731366200875819,4.821715708642444,7757600
2003-04-07,4.740583419799805,4.862279004672351,4.727676402900098,4.85859118507534,12481600
2003-04-08,4.782069206237793,4.800507947501944,4.692641891394727,4.752567360891047,10032000
2003-04-09,4.773772716522217,4.918516283242746,4.747958684757477,4.803274567593292,16861600
2003-04-10,4.855825424194336,4.86227928470572,4.762710259990928,4.774695498526565,9451200
2003-04-11,4.848448276519775,4.9323442107091084,4.81802430229686,4.886247535842668,8447200
2003-04-14,4.909298419952393,4.9305028591878965,4.798666272545063,4.841997281937993,7081600
2003-04-15,4.957238674163818,5.0153206089422735,4.863201373181039,4.88164012171117,12501600
2003-04-16,4.826324462890625,5.014399087721723,4.791291223283006,4.9941164267036875,11927200
2003-04-17,4.821714878082275,4.848451049199938,4.767320756565961,4.818949188549387,9856800
2003-04-21,4.781147480010986,4.831853755277692,4.729519074241577,4.83093197646473,7146400
2003-04-22,4.900078296661377,4.932345839044613,4.724910733664232,4.781148751837732,8884000
2003-04-23,4.955395698547363,4.957239608917058,4.850295269304378,4.91851819453336,6476000
2003-04-24,4.891780376434326,4.939720971405845,4.812494021354113,4.927735734740516,6590400
2003-04-25,4.814339637756348,4.911142640981679,4.80419830711266,4.886250379862607,6627200
2003-04-28,4.975677013397217,4.995959318591059,4.844762226123162,4.844762226123162,11524800
2003-04-29,5.003335952758789,5.13148472485901,4.949863610958455,4.976599781858622,13624800
2003-04-30,4.935111999511719,5.004257041246062,4.897312724097873,5.004257041246062,14233600
2003-05-01,4.859512805938721,4.953550092462334,4.842917969982212,4.953550092462334,12104000
2003-05-02,4.945252895355225,4.955394223524905,4.8309332999820755,4.86135693280128,8370400
2003-05-05,4.863200664520264,4.983051984966685,4.840152320138651,4.960003640585072,8249600
2003-05-06,4.999645709991455,4.999645709991455,4.8567460769198325,4.867809181291316,10432000
2003-05-07,4.989503383636475,5.043897467446203,4.970142866947337,4.998722928504881,9298400
2003-05-08,4.920361518859863,4.99688220748339,4.867811310497401,4.941565958050866,9800800
2003-05-09,4.983054161071777,4.983054161071777,4.927738251075319,4.929582161633865,7916000
2003-05-12,5.021772861480713,5.021772861480713,4.8982337344412175,4.964612720172587,13471200
2003-05-13,5.0475873947143555,5.070635738982458,4.964613214673259,5.0208512309578,13801600
2003-05-14,4.9738311767578125,5.054961421174388,4.964611630977684,5.052195381595494,6886400
2003-05-15,4.967379570007324,5.001491023213225,4.932345986025946,4.996881424405376,8127200
2003-05-16,4.873342990875244,5.006101355107422,4.854904241253856,4.9904286465276755,15063200
2003-05-19,4.818950176239014,4.874266088373839,4.784838708812203,4.873344308903922,11633600
2003-05-20,4.843840599060059,4.888093382267138,4.795899995996592,4.82816754051534,9195200
2003-05-21,4.780224800109863,4.904686026939706,4.7479572700186266,4.8124926818908005,12604000
2003-05-22,4.816181182861328,4.838307391863542,4.771928061477399,4.8373856130258455,15064800
2003-05-23,4.779306411743164,4.824481337606747,4.7617897903662385,4.82171529614411,8010400
2003-05-27,4.969222545623779,4.978441741506212,4.780225864825886,4.792211100824873,12947200
2003-05-28,5.035601615905762,5.047586852109939,4.936954741177791,4.970144409626414,10216000
2003-05-29,5.046666622161865,5.08169985921951,5.009789123302362,5.012554812625361,13233600
2003-05-30,5.1619086265563965,5.2144588364803806,5.069715226452577,5.069715226452577,13806400
2003-06-02,5.160064697265625,5.208927086599147,5.147157677569216,5.167439986367897,17061600
2003-06-03,5.0475873947143555,5.125951624549973,5.010709903209463,5.121342026034317,14325600
2003-06-04,5.151764869689941,5.166515792690975,5.006099197326205,5.0291475364959295,9160800
2003-06-05,5.138858795166016,5.170204556232956,5.1075130340990755,5.1462340821695145,9901600
2003-06-06,5.112122058868408,5.160984428814988,5.065103246698502,5.158218740460207,11166400
2003-06-09,5.096447944641113,5.159139446706891,5.056804778579234,5.112120996002407,6854400
2003-06-10,5.1545305252075195,5.174813176089152,5.093682924252366,5.102902119185975,7096000
2003-06-11,5.104684352874756,5.155454199859392,5.076991741076833,5.148069667707588,16360000
2003-06-12,5.095454216003418,5.133300872202368,5.068684535437385,5.127762208320556,10339200
2003-06-13,5.035454273223877,5.102839779471658,5.029915960354413,5.086224136601709,12905600
2003-06-16,5.076992034912109,5.100069271434437,5.02068352145672,5.035452938745783,13642400
2003-06-17,5.138838291168213,5.144376954087778,5.056683394579892,5.081606849521964,9340800
2003-06-18,5.181303024291992,5.184072180945086,5.10930178213429,5.1305331569106984,8930400
2003-06-19,5.198840618133545,5.250533762690566,5.169301778995458,5.181302042436162,10700000
2003-06-20,5.171145439147949,5.254223251025681,5.168376284391194,5.206222925299292,11696800
2003-06-23,5.111147403717041,5.1997642796481625,5.088993448832333,5.178532907365069,10892800
2003-06-24,5.227455139160156,5.244993710215958,5.1342229166982465,5.1342229166982465,15525600
2003-06-25,5.252378940582275,5.275456176081968,5.220070599604305,5.250532719486619,13966400
2003-06-26,5.255147933959961,5.307764001104808,5.247763049805274,5.259763310491312,15184000
2003-06-27,4.899759292602539,5.021607079863984,4.8554506862068285,4.998529842092791,52179200
2003-06-30,4.937603950500488,4.952373362612501,4.870218133600711,4.9016031783550575,50000800
2003-07-01,4.973606109619141,4.9809906421919905,4.869296902031171,4.937605677016123,12168000
2003-07-02,4.970837116241455,4.984683600428266,4.8969900222168095,4.970837116241455,13672000
2003-07-03,4.939451694488525,4.981914078548443,4.901605039572358,4.966221374147221,4918400
2003-07-07,4.973606109619141,4.9939138382924915,4.944067275066374,4.944067275066374,11005600
2003-07-08,4.957912445068359,4.992067002008556,4.935758499511566,4.969912704321147,9452000
2003-07-09,4.892374515533447,4.950529254597708,4.891451580939727,4.939451926688803,16193600
2003-07-10,4.953298568725586,4.968067987611839,4.839758595013004,4.915451910821392,18492800
2003-07-11,4.950528621673584,4.979144168119651,4.9274513863431855,4.956990219395642,6198400
2003-07-14,4.95699405670166,5.027148751476698,4.897916344863535,4.9736097071725,7411200
2003-07-15,4.90068244934082,4.970837100408093,4.878528145138634,4.9616063457334345,7327200
2003-07-16,4.897914409637451,4.913606766586924,4.828682677406905,4.88776036590271,7761600
2003-07-17,4.822220325469971,4.913606000574363,4.772373401523533,4.8914520469075535,9530400
2003-07-18,4.800065994262695,4.873913092979049,4.772373376260405,4.869297715333792,10080800
2003-07-21,4.716987133026123,4.7889883523893815,4.689294518869805,4.7862188444822635,10958400
2003-07-22,4.749295711517334,4.759449752708005,4.639447831869937,4.716987366626042,12536000
2003-07-23,4.797295570373535,4.8185265836358315,4.698525035916892,4.726217646601163,11722400
2003-07-24,4.84622049331665,4.960683760858228,4.84622049331665,4.890528752714142,12827200
2003-07-25,4.862835884094238,4.883143967320931,4.801911986544887,4.842527800867546,6476800
2003-07-28,4.798219203948975,4.860989318449157,4.772372810495029,4.850835277554907,9124800
2003-07-29,4.780680179595947,4.812065233888332,4.73544864318343,4.795449596196442,9430400
2003-07-30,4.731756687164307,4.786218982498854,4.729910818013926,4.786218982498854,5778400
2003-07-31,4.776066303253174,4.840682301096694,4.719757774734581,4.754834930097984,11784000
2003-08-01,4.680063247680664,4.7954494206898985,4.672678363585359,4.753910327980443,8605600
2003-08-04,4.672677993774414,4.727140277209676,4.6154465550879,4.661601020638779,9734400
2003-08-05,4.596062183380127,4.680063304261171,4.596062183380127,4.680063304261171,7953600
2003-08-06,4.587754726409912,4.664370969146352,4.578523620451453,4.5979087668988745,11247200
2003-08-07,4.67083215713501,4.685601573241048,4.618216090249084,4.621908532308257,9023200
2003-08-08,4.8748369216918945,4.884067678008536,4.6717571135487415,4.6717571135487415,17093600
2003-08-11,4.872066020965576,4.878527618967068,4.82775776947077,4.869296865287988,9403200
2003-08-12,4.95975923538208,4.973605717042935,4.892373752369276,4.892373752369276,8604000
2003-08-13,5.019760608673096,5.049299443379149,4.976375291141406,4.981913954697798,12436000
2003-08-14,5.058529376983643,5.076991233714184,4.99852878277267,5.019759794767072,8427200
2003-08-15,5.100071907043457,5.102841064175359,5.021609403172057,5.058532789410594,4042400
2003-08-18,5.084377765655518,5.134224337218827,5.067762124424166,5.100070120079158,8202400
2003-08-19,5.044684410095215,5.10006964090891,4.999452868297153,5.10006964090891,9080800
2003-08-20,5.015143394470215,5.039143556827384,4.9911428799824895,4.9911428799824895,5768800
2003-08-21,5.094529628753662,5.141607379404237,5.008682297219664,5.0262212189693605,14783200
2003-08-22,5.049297332763672,5.132375138598764,5.048374046491532,5.132375138598764,7308000
2003-08-25,5.100071907043457,5.107456795569684,5.0308401616989755,5.071455992200626,6108800
2003-08-26,5.115762710571289,5.127762974710074,5.066839071427349,5.10007035542352,5816800
2003-08-27,5.138838291168213,5.161915525137097,5.07329903120794,5.0926838232304465,4050400
2003-08-28,5.180377006530762,5.192377265919683,5.133299607590563,5.155453553398673,5835200
2003-08-29,5.259763240814209,5.268071059312849,5.187762381913103,5.189608602927318,10634400
2003-09-02,5.305919170379639,5.307765391902077,5.216379363260494,5.267149574800679,6198400
2003-09-03,5.283764362335205,5.307764533986159,5.252379305788146,5.306841599439492,7941600
2003-09-04,5.243147373199463,5.309609918265253,5.222839647197634,5.289301840132787,7106400
2003-09-05,5.196072101593018,5.259765165300022,5.180379393295743,5.233918765905432,7929600
2003-09-08,5.2477641105651855,5.304995917940627,5.191455942091768,5.196994254196616,8039200
2003-09-09,5.195145130157471,5.218222356715925,5.174837410234793,5.201606725423396,8035200
2003-09-10,5.11299467086792,5.1997653429472415,5.11299467086792,5.195149611949191,7623200
2003-09-11,5.156434059143066,5.201722491338545,5.129630499840889,5.129630499840889,7538400
2003-09-12,5.146265983581543,5.161054090039916,5.089886217528912,5.1564328728797255,5647200
2003-09-15,5.20819091796875,5.252555588631947,5.152735608504141,5.152735608504141,5573600
2003-09-16,5.22760009765625,5.247933521156898,5.196175331253912,5.245160861719588,9644800
2003-09-17,5.279358386993408,5.282131399059172,5.232221412790211,5.250706632064963,8752000
2003-09-18,5.291374683380127,5.303390130727504,5.259025808879061,5.272889461132537,11152800
2003-09-19,5.684184551239014,5.753503875034611,5.574198017744138,5.591758786178217,59559200
2003-09-22,5.663850784301758,5.689730238335559,5.605622806022411,5.605622806022411,21054400
2003-09-23,5.649061679840088,5.67494112931048,5.619485468367856,5.624106685302345,11236000
2003-09-24,5.6241068840026855,5.670319760132785,5.620410121870238,5.637970887872221,12912800
2003-09-25,5.582516670227051,5.624107984823905,5.573273881646157,5.614865548819345,7962400
2003-09-26,5.6241068840026855,5.636122330517866,5.524287254901327,5.580667020192251,16095200
2003-09-29,5.636123180389404,5.661078179571777,5.606546963412441,5.647214173611687,17067200
2003-09-30,5.621335029602051,5.646290028596645,5.564031153712419,5.63704759307701,14468800
2003-10-01,5.718382358551025,5.718382358551025,5.610244375613613,5.619486811691972,13152800
2003-10-02,5.766442775726318,5.774761107747183,5.701744676961392,5.7183813410031235,10253600
2003-10-03,5.832064151763916,5.878277022546755,5.766441959870576,5.766441959870576,13300800
2003-10-06,5.805262565612793,5.837611443107019,5.7941712196922115,5.832065770146729,13083200
2003-10-07,5.874580383300781,5.874580383300781,5.785851401590196,5.785851401590196,10480800
2003-10-08,5.913402080535889,5.917098844226984,5.874583417456297,5.874583417456297,10430400
2003-10-09,5.9078545570373535,5.957764553298157,5.877354238817732,5.933733657657191,9513600
2003-10-10,5.846855163574219,5.907856169236372,5.815430381713327,5.907856169236372,8736000
2003-10-13,5.946670055389404,5.960534053415178,5.8625630229635775,5.864411579538755,7193600
2003-10-14,5.956838607788086,5.964232836158694,5.888443758241033,5.901383305313383,8282400
2003-10-15,5.965157985687256,5.982719103824487,5.9254148850073465,5.979945738998205,10726400
2003-10-16,5.975325584411621,6.001204684644386,5.94020334396493,5.998432024641246,11939200
2003-10-17,5.90323543548584,5.991964466757515,5.90323543548584,5.975327795430102,10421600
2003-10-20,5.901383876800537,5.9328089978426,5.860716674552643,5.904156888996159,11089600
2003-10-21,5.875504970550537,5.915248071738632,5.859792762096586,5.8690351961781735,6400000
2003-10-22,5.787702560424805,5.875507126727193,5.773838904214779,5.875507126727193,8848000
2003-10-23,5.804337501525879,5.809883173904336,5.7405638557669025,5.788625291984677,11007200
2003-10-24,5.733170032501221,5.80526236822851,5.698048496009174,5.80526236822851,9440000
2003-10-27,5.753501892089844,5.790472326402825,5.67031859117373,5.725774242643203,10387200
2003-10-28,5.896763324737549,5.90600611213795,5.753503469506069,5.753503469506069,13380000
2003-10-29,5.847778797149658,5.897688800016976,5.827445013927488,5.896764344828869,9995200
2003-10-30,5.83298921585083,5.901384074310273,5.822822326804525,5.901384074310273,8786400
2003-10-31,5.906005859375,5.937430277462608,5.8265196540148105,5.832989428630056,11818400
2003-11-03,5.9069318771362305,5.914326109137709,5.827445646002278,5.90600777442424,11951200
2003-11-04,5.873653888702393,5.938351957194834,5.860714345519126,5.88751788644224,7000000
2003-11-05,5.846855163574219,5.884749722355611,5.827445832812715,5.855173498554349,7224800
2003-11-06,5.793244361877441,5.85516942722225,5.762743703966485,5.846851098026185,10376800
2003-11-07,5.822821617126465,5.838533823682126,5.778457304257504,5.793245408547158,9888000
2003-11-10,5.735015869140625,5.807108170664063,5.710060882372067,5.804335159305684,14218400
2003-11-11,5.723001003265381,5.759047333946098,5.684182366099317,5.719304242042074,6879200
2003-11-12,5.726698875427246,5.768290529738819,5.720229101709471,5.727623330287628,9680000
2003-11-13,5.715607643127441,5.750729522234117,5.662000545934293,5.726698632948841,8871200
2003-11-14,5.711909770965576,5.762743849525011,5.680485010161826,5.7156068846074675,9065600
2003-11-17,5.711909770965576,5.735016202363152,5.684182123803717,5.707288555201293,11430400
2003-11-18,5.714685916900635,5.797868904010774,5.70821578819048,5.732246687467181,12724000
2003-11-19,5.655533313751221,5.707291877135325,5.609320424057817,5.707291877135325,10714400
2003-11-20,5.785853385925293,5.869036724627723,5.651836293959442,5.665699948692279,22064800
2003-11-21,5.851475238800049,5.890293890397198,5.776610243121721,5.776610243121721,10570400
2003-11-24,5.977173805236816,5.9873406953770605,5.896763491745533,5.896763491745533,20816000
2003-11-25,6.208237648010254,6.236890110889688,6.026158802120845,6.030780371823102,42245600
2003-11-26,6.224875450134277,6.232269680949137,6.171268334455536,6.209163238517196,11468000
2003-11-28,6.215631484985352,6.236889717059832,6.2036163917317255,6.229495488064144,2729600
2003-12-01,6.271087169647217,6.284951173560578,6.211934744425908,6.234116727595766,10149600
2003-12-02,6.211008548736572,6.271085412088741,6.204538776077252,6.271085412088741,9293600
2003-12-03,6.100100040435791,6.222102013038405,6.0927058105441,6.219329353117163,16732000
2003-12-04,6.031705856323242,6.12597983002877,5.997508068086034,6.123207169795174,18020800
2003-12-05,6.057584285736084,6.088084955222456,6.012295861595837,6.035402301178984,10645600
2003-12-08,6.061280250549316,6.07606800239719,6.018764494402073,6.044643589000183,7203200
2003-12-09,5.997507095336914,6.098251533451071,5.9707035421717265,6.098251533451071,9539200
2003-12-10,5.920793056488037,6.0122950526354675,5.90600530382387,6.0122950526354675,11387200
2003-12-11,5.988367080688477,6.016137719795573,5.891168078177011,5.901350857726008,10404800
2003-12-12,5.963374614715576,6.032802293823967,5.943009049176335,5.9939229630244375,8309600
2003-12-15,5.944860935211182,6.089270283838212,5.944860935211182,6.07723640687092,11265600
2003-12-16,6.027249813079834,6.034655603538293,5.852292074465277,6.017067027763216,11520800
2003-12-17,6.110562324523926,6.114265219228631,5.970781051004829,6.01614027519131,15261600
2003-12-18,6.183693885803223,6.220721426208162,6.105934497191713,6.111488487001441,22976800
2003-12-19,6.195727348327637,6.211464122564864,6.0957513009587565,6.155922109444935,35116000
2003-12-22,6.229977607727051,6.25219426819342,6.187394674638732,6.218868924366415,14609600
2003-12-23,6.262378215789795,6.26885810572463,6.213316091103896,6.247566635221581,8652800
2003-12-24,6.251270294189453,6.280892752690335,6.186471386923499,6.280892752690335,5463200
2003-12-26,6.2808918952941895,6.311440250087362,6.2392355614889725,6.253121241509053,4048800
2003-12-29,6.279966831207275,6.304035299363403,6.247567377682747,6.304035299363403,9061600
2003-12-30,6.300334453582764,6.309592048677527,6.257752199917172,6.27996887438284,7450400
2003-12-31,6.3373613357543945,6.344767127716062,6.294779091357599,6.294779091357599,8770400
2004-01-02,6.258673667907715,6.382717444262374,6.241085097191367,6.359574885427116,8716800
2004-01-05,6.253122806549072,6.304036037691968,6.2281284350062975,6.243865213382,11897600
2004-01-06,6.247565269470215,6.268856735318835,6.234605492433622,6.243862375137634,14474400
2004-01-07,6.268858909606934,6.2836697858193755,6.138334487568228,6.249419237309597,13283200
2004-01-08,6.331806182861328,6.3790172151335245,6.2734864646853605,6.292000941191645,15288000
2004-01-09,6.282744407653809,6.353097303549507,6.270709820687491,6.32902954212708,6572000
2004-01-12,6.373462677001953,6.3919771539670664,6.304034977456714,6.31329186281173,10994400
2004-01-13,6.396604537963867,6.433632781554752,6.368833884961957,6.376238968676131,10189600
2004-01-14,6.4040117263793945,6.433634186469768,6.379943256851229,6.387349048437612,7680800
2004-01-15,6.391976833343506,6.423450383222852,6.317920341707914,6.403084812710312,10619200
2004-01-16,6.420671463012695,6.473436467947508,6.38642022230753,6.415117474994768,6467200
2004-01-20,6.466959476470947,6.47991925848751,6.412342646896731,6.438262917185008,8760000
2004-01-21,6.5234270095825195,6.5373126912690065,6.405862371726051,6.443816521252108,10612800
2004-01-22,6.449369430541992,6.5373115956476635,6.438261452058532,6.5326828004428945,5625600
2004-01-23,6.441039085388184,6.496581102078134,6.415119524683211,6.456775860636909,5592000
2004-01-26,6.4706621170043945,6.47991900290037,6.409565398831732,6.441039658384198,7313600
2004-01-27,6.443816661834717,6.478993110786824,6.431782780779947,6.4752902151726355,5366400
2004-01-28,6.353096961975098,6.470661592719202,6.3355090920743375,6.461404707573266,7685600
2004-01-29,6.343838691711426,6.396603702403094,6.308662253335284,6.3762381357756235,7929600
2004-01-30,6.448446273803711,6.459554255796586,6.280893580773965,6.325327627511107,9285600
2004-02-02,6.503062725067139,6.572490440993122,6.435486104146872,6.442891896680236,8193600
2004-02-03,6.484548091888428,6.541941210789048,6.466033613005038,6.479919295603792,6718400
2004-02-04,6.543792724609375,6.615071522980447,6.46325633407533,6.470662125303659,12642400
2004-02-05,6.547494888305664,6.595631113398599,6.502134951794098,6.542866092741612,7878400
2004-02-06,6.578040599822998,6.600257964478999,6.531755482838587,6.540087171148296,6453600
2004-02-09,6.634510517120361,6.665058873123389,6.581745495958336,6.586374291566693,7058400
2004-02-10,6.68727445602417,6.698383139933382,6.611366881615233,6.646544027533602,7160000
2004-02-11,6.7761430740356445,6.798360446003352,6.68357280960207,6.68357280960207,8906400
2004-02-12,6.698381423950195,6.7928027410974785,6.685421649170269,6.77336307892759,9002400
2004-02-13,6.6946797370910645,6.720599291323352,6.628029051205249,6.675240071416849,4548000
2004-02-17,6.757630348205566,6.779847017352327,6.683573842709461,6.683573842709461,6698400
2004-02-18,6.7057881355285645,6.751147353509787,6.665057005603876,6.748370359424896,5083200
2004-02-19,6.702088832855225,6.78077343453047,6.691906044917286,6.725231404304134,5144800
2004-02-20,6.633584499359131,6.713194265148895,6.573413695196725,6.71134317088842,7303200
2004-02-23,6.7206010818481445,6.740966653100772,6.617848031440851,6.635436607750861,10428000
2004-02-24,6.874265670776367,6.905739210858734,6.678016523408376,6.711341863645485,18504000
2004-02-25,6.8844499588012695,6.90388962714944,6.860381495308543,6.877970069351879,15819200
2004-02-26,6.840941905975342,6.876118348213333,6.806690657772964,6.876118348213333,10952000
2004-02-27,6.780772686004639,6.891856734194803,6.780772686004639,6.840943506380626,12992000
2004-03-01,6.806691646575928,6.833537108863289,6.764109408337211,6.822428422527284,11869600
2004-03-02,6.837238788604736,6.837238788604736,6.757628316322999,6.806690436303728,13160800
2004-03-03,6.834461212158203,6.8409411009198715,6.685423064384915,6.827981323396534,16876000
2004-03-04,6.916850566864014,6.933513243423845,6.817800407940321,6.824280298477194,7900000
2004-03-05,6.9270339012146,6.938141882297036,6.831686630229527,6.864086085478558,11669600
2004-03-08,6.895558834075928,6.914998504952702,6.87797096399984,6.914998504952702,9268800
2004-03-09,7.096436500549316,7.134389940056861,7.007568429069863,7.057556454431416,36010400
2004-03-10,7.095508575439453,7.212147267999385,7.090879781238765,7.137164898226296,13277600
2004-03-11,6.922177314758301,7.079752037069394,6.91476185067417,7.063067596468889,10915200
2004-03-12,6.933300495147705,6.986134439066453,6.873051087161657,6.928665653311248,11013600
2004-03-15,6.8962249755859375,6.947204707983394,6.869344444462469,6.935155107346399,12434400
2004-03-16,6.962035655975342,6.987989077214241,6.92866676947456,6.937935747463069,9628800
2004-03-17,7.058433532714844,7.089021791986016,6.951838533761649,6.975011328874188,11176800
2004-03-18,7.120536804199219,7.125171646320778,6.999111578132648,7.063068014908929,14826400
2004-03-19,7.125171661376953,7.183566853472853,7.000037995606618,7.104779487483191,20111200
2004-03-22,7.09829044342041,7.281818576284784,7.042675879133556,7.281818576284784,10908000
2004-03-23,7.072335243225098,7.104777005277486,7.01208585245502,7.104777005277486,11292800
2004-03-24,7.10014533996582,7.127952981119146,7.032481164165183,7.044530764836857,8612000
2004-03-25,7.089021682739258,7.122389856583709,7.045456715450638,7.100144171628217,9320000
2004-03-26,7.067701816558838,7.1353666828131805,7.044529023717661,7.086239767960773,7210400
2004-03-29,7.10014533996582,7.1362948491585305,7.076972541397278,7.090876361973941,13025600
2004-03-30,7.120536804199219,7.136294135928329,7.040822328516206,7.058433879964989,6111200
2004-03-31,7.217861652374268,7.238253115716601,7.086239653703718,7.106631824223557,14523200
2004-04-01,7.0806803703308105,7.213228808232714,7.053799838764388,7.213228808232714,12058400
2004-04-02,7.103853225708008,7.170591000172244,7.048238649380379,7.123318292063792,7337600
2004-04-05,7.237326145172119,7.237326145172119,7.100142913372836,7.100142913372836,7272800
2004-04-06,7.173372745513916,7.219718350902778,7.139076742942144,7.20210679455811,9027200
2004-04-07,7.114048957824707,7.1641022861677905,7.082534292114804,7.157613931040594,8756000
2004-04-08,7.115899562835693,7.18263730668976,7.093653883943465,7.137218839358058,9340000
2004-04-12,7.159465312957764,7.192834188588774,7.127950656627066,7.127950656627066,4072000
2004-04-13,7.079753875732422,7.281820727848935,7.034335383982375,7.281820727848935,9755200
2004-04-14,7.026917934417725,7.098290537055682,6.983352967878788,7.044529484425608,9268000
2004-04-15,7.006527900695801,7.076973415050428,6.979648073354341,7.026920079101965,6162400
2004-04-16,7.036190032958984,7.046385415371956,6.99725918762247,7.039897059012172,7409600
2004-04-19,7.074192523956299,7.0908769686402096,7.025993409968197,7.036189498784906,7864800
2004-04-20,7.021356582641602,7.137220552652189,7.021356582641602,7.090874964647954,12067200
2004-04-21,6.9935503005981445,7.049165582709832,6.9574007915321605,6.9796471872479104,10742400
2004-04-22,7.013941287994385,7.055652742510687,6.905492779171621,6.947203526510355,9660000
2004-04-23,6.96759557723999,7.000037347623515,6.946277002635484,7.000037347623515,7835200
2004-04-26,6.816507339477539,6.9954012894590765,6.777577225722558,6.979643963488351,14578400
2004-04-27,6.900856018066406,6.935151999061903,6.816507437056491,6.8174345465907935,9455200
2004-04-28,6.822999000549316,6.885101932205058,6.800753311498158,6.885101932205058,7884000
2004-04-29,6.686740875244141,6.83875433583354,6.609807035249719,6.823924116525488,20531200
2004-04-30,6.669128894805908,6.756258814320431,6.6561521885604416,6.687667551711899,9295200
2004-05-03,6.588487148284912,6.664493863419612,6.552337656158491,6.653370670774037,15716000
2004-05-04,6.530093669891357,6.57829348188579,6.511555715848955,6.553266466033168,12489600
2004-05-05,6.557901859283447,6.557901859283447,6.4503797367036215,6.525460083393906,13635200
2004-05-06,6.335443496704102,6.506922078466187,6.300221094631279,6.506922078466187,21284000
2004-05-07,6.170453071594238,6.353981956250485,6.170453071594238,6.301148001257853,18808000
2004-05-10,6.154694080352783,6.1908435815523415,6.108348493463346,6.122252310965684,17345600
2004-05-11,6.260364532470703,6.279829602095565,6.2242150164277,6.228849152712958,14385600
2004-05-12,6.30300235748291,6.341932496438804,6.183430610251675,6.321540316839672,13611200
2004-05-13,6.316904067993164,6.372518634641794,6.307635091414656,6.31041571367045,15292800
2004-05-14,6.274265766143799,6.349345390449383,6.233481423470379,6.323391974994491,7753600
2004-05-17,6.122252464294434,6.238116434419782,6.100006072862529,6.238116434419782,10924800
2004-05-18,6.1639628410339355,6.197331719003207,6.130593963064664,6.137082316715494,13390400
2004-05-19,6.167671203613281,6.2631430058888915,6.1611828492987515,6.207528439310414,9228800
2004-05-20,6.157474040985107,6.185281673002702,6.1018594841273766,6.167670125579728,7484000
2004-05-21,6.2548017501831055,6.256655262806511,6.191771713322542,6.209382558366675,13424000
2004-05-24,6.391059398651123,6.439259229542268,6.270561235779049,6.2751953725176515,14978400
2004-05-25,6.548633575439453,6.549560685471022,6.369739526945301,6.40496192918964,13948800
2004-05-26,6.570876598358154,6.65151816610033,6.4930163595815396,6.527311637871374,9414400
2004-05-27,6.5755109786987305,6.6644944055699735,6.562534273145263,6.608879852172624,6818400
2004-05-28,6.594976902008057,6.621857426230791,6.539362341316452,6.598684633677831,6405600
2004-06-01,6.583855628967285,6.620932249310983,6.530094564827809,6.5977594499933865,6380800
2004-06-02,6.547706127166748,6.598686568603202,6.511556616758251,6.585709857542597,8231200
2004-06-03,6.506922245025635,6.547706601127,6.477261088000396,6.547706601127,7546400
2004-06-04,6.421644687652588,6.53380092797848,6.421644687652589,6.5254590614180525,9521600
2004-06-07,6.517116069793701,6.534727618750971,6.435548093108093,6.436475202836769,9579200
2004-06-08,6.532873153686523,6.578291623282393,6.488381086506699,6.51248098569483,9711200
2004-06-09,6.534726142883301,6.539360983302389,6.498576650581965,6.532872631022082,7371200
2004-06-10,6.613626480102539,6.660037893997996,6.541224787734743,6.5486507839216905,9232800
2004-06-14,6.6117706298828125,6.6117706298828125,6.568143785567193,6.590421066939124,4993600
2004-06-15,6.653541088104248,6.7797802050447595,6.631263805168292,6.634976803687961,9236000
2004-06-16,6.675819396972656,6.686958394243491,6.62383882607309,6.673963251518599,4156800
2004-06-17,6.664679527282715,6.72130151066215,6.627550253367708,6.6618942474889415,7485600
2004-06-18,6.647970676422119,6.706448798543512,6.638687827802474,6.641473107297521,6189600
2004-06-21,6.608059883117676,6.706451891867938,6.592279458094772,6.655399033639643,8449600
2004-06-22,6.655397415161133,6.658182695263547,6.551436286497438,6.593206281666662,7303200
2004-06-23,6.710164546966553,6.738939406573383,6.655398692025249,6.663753117571168,9116000
2004-06-24,6.72037410736084,6.7621441042617,6.691598543899571,6.701809113485488,10240800
2004-06-25,6.990489959716797,7.0359736749101796,6.822480795321097,6.984920814257314,35171200
2004-06-28,7.045254707336426,7.178919134528914,6.998843280684911,7.00812542437878,14855200
2004-06-29,6.996985912322998,7.0777420437016145,6.966354911204731,7.0461826158276075,8068000
2004-06-30,7.031330108642578,7.03411468052499,6.981205690212982,7.003482973454336,7740800
2004-07-01,6.988636016845703,7.051755615284139,6.948722142712833,7.035047465456833,7886400
2004-07-02,6.990489959716797,7.065676964331225,6.971925669396999,7.002557385788719,6345600
2004-07-06,6.9589314460754395,7.043399898853248,6.958003018981818,6.967285165370908,10872000
2004-07-07,6.976566314697266,7.004412747058181,6.945934601736278,6.961714317559016,6560800
2004-07-08,6.855897903442383,6.95336220972003,6.828050756453807,6.95336220972003,9252000
2004-07-09,6.914371967315674,6.939434526398756,6.873530406284862,6.8874532633510785,6602400
2004-07-12,6.879101276397705,6.904163133591669,6.824335428185526,6.893024845141962,6037600
2004-07-13,6.859608173370361,6.868890315944681,6.836402462843521,6.859608173370361,5586400
2004-07-14,6.752861499786377,6.85960790568058,6.736153360531788,6.825263200495576,8520800
2004-07-15,6.795559406280518,6.815980542511066,6.727799135895884,6.743578847280579,7593600
2004-07-16,6.82248067855835,6.836404250151046,6.788135963054004,6.831762823559391,10492800
2004-07-19,6.728728771209717,6.810413339402331,6.692527913281519,6.789992197354177,9604000
2004-07-20,6.738938331604004,6.752861899838028,6.677675622829237,6.705522051115186,9923200
2004-07-21,6.65261173248291,6.7584296968802455,6.650755587573289,6.725013423051407,8637600
2004-07-22,6.631264686584473,6.654470399280323,6.520805267533937,6.5764988363675485,15679200
2004-07-23,6.522660732269287,6.618268853471895,6.492029732925734,6.595063143197705,11901600
2004-07-26,6.493887424468994,6.5542224271852465,6.43262470301196,6.5393704291458175,13111200
2004-07-27,6.567215442657471,6.591349577557494,6.4623258961867,6.471608037861474,10696800
2004-07-28,6.571858882904053,6.581141027425278,6.44190673506021,6.544011741158147,13090400
2004-07-29,6.766785621643066,6.799273476138363,6.608986358379734,6.646115638452407,13559200
2004-07-30,6.74915075302124,6.752863752781277,6.67303602839622,6.752863752781277,7200800
2004-08-02,6.835472583770752,6.8456831508876475,6.7389367635086055,6.750075757140292,9849600
2004-08-03,6.7482194900512695,6.8131958962717025,6.7361527770389875,6.812267469676298,6723200
2004-08-04,6.785349369049072,6.833617641767228,6.716660666684683,6.730584234129615,6716800
2004-08-05,6.595990180969238,6.790918693700229,6.541225050301658,6.7899902670941,9952800
2004-08-06,6.433548450469971,6.525443538204145,6.411271175344326,6.525443538204145,11478400
2004-08-09,6.494811058044434,6.530083465082712,6.36857200060613,6.432619955563103,7233600
2004-08-10,6.577425956726074,6.577425956726074,6.502239689143669,6.5532918220250265,5248000
2004-08-11,6.5273051261901855,6.567218994341749,6.493888831543183,6.516166125247052,5862400
2004-08-12,6.457685470581055,6.543082320295304,6.414058618958174,6.516163609545397,5950400
2004-08-13,6.468822956085205,6.483674239957358,6.393635985629691,6.4595401069604055,7060800
2004-08-16,6.664679527282715,6.665607245698642,6.442833018572599,6.445617590184375,7794400
2004-08-17,6.646115303039551,6.714804007389074,6.633120161897264,6.650756728382687,5416000
2004-08-18,6.77421236038208,6.782566077516705,6.628480504404249,6.64240336629529,10829600
2004-08-19,6.836402416229248,6.836402416229248,6.743579574754804,6.772354428993617,6534400
2004-08-20,6.89302396774292,6.914372823342155,6.8002011321726,6.813196272497882,8628800
2004-08-23,6.863321781158447,6.906948634129937,6.8280486447906155,6.893025064941695,5497600
2004-08-24,6.912515163421631,6.931079443194704,6.885596462023361,6.886524888466578,5488800
2004-08-25,6.966353893280029,6.974707608314697,6.902305911952857,6.9310807635371745,6724800
2004-08-26,7.050824165344238,7.138077877946041,6.970996451300504,6.989561447695675,10921600
2004-08-27,7.049891948699951,7.056389516899842,6.970992703935041,7.012763392233043,4475200
2004-08-30,6.936654567718506,7.031333599638121,6.918089565648295,7.008127878187171,8316000
2004-08-31,6.990489959716797,6.991418386687471,6.934796380575121,6.952432952106526,6463200
2004-09-01,7.061962127685547,7.102803697401921,6.961713286397716,6.961713286397716,8380800
2004-09-02,7.117656707763672,7.1399339951672935,7.061963135163521,7.077742850900161,5616800
2004-09-03,7.129724979400635,7.17892099106464,7.112089114276135,7.117658260296256,5259200
2004-09-07,7.165924549102783,7.179848119817678,7.129723690153391,7.129723690153391,6207200
2004-09-08,7.179845809936523,7.236467793293856,7.1519993856476365,7.166850670298643,9247200
2004-09-09,6.964219093322754,7.165905235309871,6.9261121225451605,7.159399253603796,17340800
2004-09-10,7.031136512756348,7.044148473106196,6.946558061383674,6.947487689722565,5980800
2004-09-13,7.019987106323242,7.086906202941291,6.987457186883652,7.032070154328705,7992000
2004-09-14,7.0339274406433105,7.058092823218399,6.967008356034717,7.007903509761954,6799200
2004-09-15,7.091548442840576,7.1194309066050465,6.99953439785176,7.033923549836337,8323200
2004-09-16,7.156611442565918,7.204941493551177,7.089692364971822,7.089692364971822,6693600
2004-09-17,7.115715503692627,7.244906210621202,7.098985736150139,7.167764063324134,17108800
2004-09-20,7.249549865722656,7.291373908231692,7.190066436372805,7.2402557128426945,22675200
2004-09-21,7.375030040740967,7.412207398351897,7.2356154815243166,7.249557079265805,18053600
2004-09-22,7.338784694671631,7.388974037375917,7.321125284525859,7.367596819352123,12838400
2004-09-23,7.350857734680176,7.379670531992482,7.278362345562442,7.333199055983837,11289600
2004-09-24,7.40755558013916,7.437297306811713,7.348072126794053,7.350860302872933,9611200
2004-09-27,7.370383262634277,7.431725299528671,7.309970145576793,7.388971586760066,9616800
2004-09-28,7.40755558013916,7.419638621945905,7.347143207500224,7.3713078729163195,6812000
2004-09-29,7.298814296722412,7.406628526250789,7.268142933932559,7.388969127838654,13643200
2004-09-30,7.323907852172852,7.363873365999609,7.271859295894611,7.298812847926493,13664800
2004-10-01,7.424284934997559,7.4261441916797555,7.305318034888627,7.342495368447333,8939200
2004-10-04,7.414995193481445,7.435442774567358,7.398265418874705,7.426148612918965,9344800
2004-10-05,7.406627178192139,7.45402759304138,7.381532173531955,7.412203530739403,11715200
2004-10-06,7.441948413848877,7.487490300185423,7.388970914898472,7.42521864001722,10174400
2004-10-07,7.399195671081543,7.435443400933161,7.39083042852394,7.418713624917095,6194400
2004-10-08,7.350857734680176,7.402906269996804,7.308104061844037,7.3982588387565595,6626400
2004-10-11,7.349002361297607,7.371308480867052,7.297883431973093,7.350860909137246,7160000
2004-10-12,7.252340793609619,7.3127538739093305,7.203081126458658,7.26349420675837,8432000
2004-10-13,7.2105207443237305,7.272792406889034,7.12129551681992,7.261638987538905,8963200
2004-10-14,7.1910014152526855,7.254202694602612,7.175200563591,7.198436317629959,5226400
2004-10-15,7.258845806121826,7.286728980726465,7.157538309315571,7.179844423540131,7509600
2004-10-18,7.426146507263184,7.426146507263184,7.197506791867054,7.20308314545512,10456000
2004-10-19,7.460535526275635,7.499572131617598,7.421499630032603,7.426147064437268,17851200
2004-10-20,7.402909755706787,7.484699336717736,7.373168025421099,7.437298210322212,6701600
2004-10-21,7.5088653564453125,7.546971619243247,7.419640157956294,7.430792864580643,19664800
2004-10-22,7.352721214294434,7.514441845150948,7.315543870312779,7.491206093799771,10804000
2004-10-25,7.428002834320068,7.461462364041222,7.309035932688708,7.333201306175912,8943200
2004-10-26,7.507936954498291,7.5739264128360695,7.426147353128711,7.4493831078574635,12934400
2004-10-27,7.574855804443359,7.602738992884567,7.472618628657163,7.484700965462253,12063200
2004-10-28,7.538607597351074,7.59716143837177,7.515371844852544,7.574855314520871,6386400
2004-10-29,7.557196140289307,7.616679611725318,7.534890015775532,7.548831609508734,6868800
2004-11-01,7.584147930145264,7.619466720578103,7.500499096355311,7.533958629871292,6989600
2004-11-02,7.643636226654053,7.772827009311216,7.6194715442269665,7.6194715442269665,13036800
2004-11-03,7.720778942108154,7.742156155077348,7.657577641324288,7.691037195215698,10376000
2004-11-04,7.934544563293457,7.934544563293457,7.69660998917083,7.719845740336397,14639200
2004-11-05,8.004254341125488,8.033996083633237,7.90945204937642,7.93454706564491,11025600
2004-11-08,7.864837646484375,8.001463273543711,7.8258010439399674,7.955921397857265,13272800
2004-11-09,7.882490634918213,7.890855868377164,7.833230989421355,7.8536785499894926,7592000
2004-11-10,7.8350911140441895,7.914092481190622,7.8350911140441895,7.8722677274553705,6440000
2004-11-11,7.899223804473877,7.9280366109454405,7.853681942055739,7.876917687446436,6262400
2004-11-12,8.03027629852295,8.041429006028407,7.904803375394242,7.90945010048855,6630400
2004-11-15,8.033062934875488,8.086970041143616,7.994955967275989,8.00703901022157,4528800
2004-11-16,7.944768905639648,8.039570465015505,7.934545117684549,8.033994111257778,6851200
2004-11-17,7.992167949676514,8.123217913127961,7.954061690418904,7.954061690418904,6341600
2004-11-18,7.900154113769531,8.160394768215552,7.900154113769532,8.001461632037536,23644000
2004-11-19,7.667799472808838,7.865767858467536,7.577644626157549,7.84067355401463,40176800
2004-11-22,7.783045291900635,7.813716646844865,7.646418991784239,7.7235618387899,11773600
2004-11-23,7.88528299331665,7.8955067790250455,7.749586311940104,7.797917064215926,7088800
2004-11-24,7.940120697021484,7.945697050235334,7.879707603842389,7.9085197075790585,5999200
2004-11-26,7.9085211753845215,7.9930996633526155,7.900156644011306,7.937333993567623,3343200
2004-11-29,7.968935012817383,8.007041994620183,7.923393127698573,7.92804056273273,7454400
2004-11-30,7.868556976318359,8.018194596849233,7.843461962028168,7.968934906182066,8623200
2004-12-01,8.04421615600586,8.062804470569402,7.881565921729243,7.881565921729243,6940800
2004-12-02,8.058157920837402,8.099982696838966,7.987521750472727,8.044217037935708,5936000
2004-12-03,8.060016632080078,8.098122891261951,8.003321348456872,8.039569059744,5205600
2004-12-06,8.05444049835205,8.091617130048249,7.96056787239192,8.0367811019272,7164000
2004-12-07,7.9763665199279785,8.110204638118278,7.9763665199279785,8.016332029715434,6809600
2004-12-08,8.058157920837402,8.090688538538227,7.956850389891345,7.993098103633405,6732800
2004-12-09,8.1461181640625,8.199172152243674,8.037217984657381,8.08375659569781,9156800
2004-12-10,8.09771728515625,8.228025521424694,8.09771728515625,8.144255890243354,6612000
2004-12-13,8.102370262145996,8.144254716639653,8.017669672234069,8.120985417449253,10424000
2004-12-14,8.053971290588379,8.069794246689769,7.939486713945622,8.069794246689769,12091200
2004-12-15,7.9906792640686035,8.10144138406564,7.953448233722111,8.097718210018707,12825600
2004-12-16,7.995328903198242,8.064205808942173,7.9236590859009945,8.004636478008647,7558400
2004-12-17,8.535181999206543,8.582651586966378,8.279219607942059,8.283873753650587,35094400
2004-12-20,8.51656436920166,8.603126199391896,8.492364096749892,8.549141249354388,11144800
2004-12-21,8.508188247680664,8.590095938191189,8.500741900328043,8.53797292696838,7074400
2004-12-22,8.477471351623535,8.544487047703194,8.38439415376238,8.451409849842037,11741600
2004-12-23,8.528665542602539,8.594750284592374,8.506327208297362,8.507258179345907,5010400
2004-12-27,8.456060409545898,8.544484143533406,8.456060409545898,8.544484143533406,4512000
2004-12-28,8.515632629394531,8.522148004836778,8.470025001298806,8.493294300752925,5108800
2004-12-29,8.430004119873047,8.50353521179133,8.339719099288283,8.502604240720176,11349600
2004-12-30,8.468168258666992,8.52122226114074,8.42814501398518,8.42814501398518,3471200
2004-12-31,8.441170692443848,8.510978585804786,8.441170692443848,8.451409240279927,4444800
2005-01-03,8.441170692443848,8.501670298591904,8.400216501099528,8.432793375976777,8897600
2005-01-04,8.3211030960083,8.465372352022712,8.303418198061436,8.439310845652253,6463200
2005-01-05,8.221511840820312,8.366712091400633,8.21499646316922,8.34437375518587,8606400
2005-01-06,8.211273193359375,8.246642284465315,8.11726499395211,8.215926628700135,8915200
2005-01-07,8.162871360778809,8.237333415818371,8.147048404872807,8.220579488940608,6992800
2005-01-10,8.243844985961914,8.253152561013595,8.079098706167525,8.09305971368382,9981600
2005-01-11,8.204757690429688,8.232680432416325,8.112611434664878,8.190795964374924,6180800
2005-01-12,8.245709419250488,8.267117489293668,8.136809257595871,8.201963728506136,7448800
2005-01-13,8.192659378051758,8.260606084212675,8.157290278067887,8.228960159509697,5940000
2005-01-14,8.279217720031738,8.279217720031738,8.176832928897339,8.20010223188801,4488800
2005-01-18,8.255945205688477,8.302483793567493,8.226160537850806,8.265253491362277,7214400
2005-01-19,8.241988182067871,8.354611533968916,8.237334036980894,8.263395545173156,9040000
2005-01-20,8.079102516174316,8.22802591759907,8.07258713955332,8.22802591759907,7199200
2005-01-21,8.032562255859375,8.103300413152482,8.009292956983911,8.079100853610305,8354400
2005-01-24,8.033492088317871,8.079100422971031,8.00649961784639,8.048384779663214,6801600
2005-01-25,7.994398593902588,8.05303695916836,7.975783442742104,8.04652158524994,7143200
2005-01-26,7.9255242347717285,8.03814756884325,7.88363906598833,8.01767046989884,9172000
2005-01-27,8.046525001525879,8.064209899722483,7.932971395040002,7.934832626897266,8648800
2005-01-28,8.050246238708496,8.070723334826203,7.96089221847702,8.046523065766856,10192800
2005-01-31,8.063275337219238,8.088406571896638,8.02325212394846,8.051175560229462,6747200
2005-02-01,8.10423755645752,8.125645640182174,8.0325683737889,8.063283332005058,7632000
2005-02-02,8.069793701171875,8.097717147799592,8.04838634086367,8.080963221847512,14760000
2005-02-03,8.060484886169434,8.08375418474967,8.031631183169184,8.069792463577,9572000
2005-02-04,8.101436614990234,8.120982734638284,8.06513657705494,8.080028554353369,6468000
2005-02-07,8.023258209228516,8.08468953159062,8.006504276777306,8.051181666688203,12460800
2005-02-08,7.813833236694336,7.9115646130220085,7.688179117217981,7.869680143237529,28357600
2005-02-09,7.749610900878906,7.81383371110616,7.711448893098937,7.81383371110616,10495200
2005-02-10,7.814759731292725,7.82499827761915,7.748675020536484,7.780320920001793,8768000
2005-02-11,7.878982067108154,7.902251358085955,7.785904903196947,7.814758596770251,6369600
2005-02-14,7.931107997894287,7.995331492089829,7.854784723539549,7.892946715778252,11671200
2005-02-15,7.938558578491211,7.98044305610191,7.889227750600329,7.911566091317832,11015200
2005-02-16,7.951584815979004,8.023253943843805,7.918076968890289,7.93855406545813,9488800
2005-02-17,7.930177211761475,7.95437748276614,7.865954426192913,7.920869633720506,8584000
2005-02-18,7.959034442901611,7.984164983516145,7.935765134504736,7.958103471731314,9297600
2005-02-22,7.809174537658691,7.990674731219808,7.801728193788892,7.935759542955524,12332000
2005-02-23,7.9022536277771,7.920868781857037,7.818484014172162,7.8231381577534505,9778400
2005-02-24,8.051177978515625,8.0697931348793,7.892947019056304,7.902254597238141,11217600
2005-02-25,8.120988845825195,8.133088630868121,8.03256575562184,8.041873337202778,8579200
2005-02-28,8.093062400817871,8.180555197623262,8.072586012954392,8.07910138866611,12490400
2005-03-01,8.172178268432617,8.21499369429781,8.089339619022597,8.10050842830407,12245600
2005-03-02,8.126572608947754,8.184280746374565,8.067003239401386,8.148911655119816,13328000
2005-03-03,8.120988845825195,8.190796772866673,8.10795808958729,8.145189126034003,8092800
2005-03-04,8.153565406799316,8.19824279075381,8.116334371857727,8.176834714872443,9259200
2005-03-07,8.114470481872559,8.174970805071151,8.101439730429501,8.152631765349314,7369600
2005-03-08,8.051177978515625,8.12191685091844,8.043731631921077,8.115401475178885,8979200
2005-03-09,8.029769897460938,8.063277746963108,7.995331787227877,8.051177966357262,8437600
2005-03-10,8.080567359924316,8.121580252026622,8.024639460520913,8.100141840254395,8740800
2005-03-11,8.07218074798584,8.193356958050764,8.039556602553908,8.127176345559409,9771200
2005-03-14,7.993885517120361,8.11412944644449,7.963125293330945,8.05820150822618,10088000
2005-03-15,8.12344741821289,8.164460323056067,8.00227121339854,8.006932110181015,14417600
2005-03-16,8.05726432800293,8.251145200401673,8.031165020823451,8.17471121031058,16012000
2005-03-17,8.09361743927002,8.150476951809395,8.0544684765503,8.067518130790207,16804800
2005-03-18,7.960327625274658,8.166326646933088,7.93329598290955,8.166326646933088,40318400
2005-03-21,7.8205060958862305,7.975238025050607,7.801863223536214,7.970577840327752,19248800
2005-03-22,7.6937360763549805,7.884820684574701,7.690007502530576,7.840079220987332,21436800
2005-03-23,7.591209888458252,7.708656873637036,7.591209888458251,7.643408548537711,19434400
2005-03-24,7.794408321380615,7.827964787068977,7.654589951396781,7.666707287446965,17895200
2005-03-28,7.7571258544921875,7.867116370489808,7.754329599949126,7.844745622992074,16083200
2005-03-29,7.61264705657959,7.762718890573393,7.5986650717618325,7.762718890573393,14324800
2005-03-30,7.676028251647949,7.688146298664483,7.624761943468668,7.635946957757168,9520800
2005-03-31,7.765512943267822,7.811187461464293,7.684418734396339,7.708653409311473,10768800
2005-04-01,7.736617565155029,7.85220056821038,7.680690351492964,7.818644097782519,10605600
2005-04-04,7.65272331237793,7.732885880487736,7.6163706025552065,7.731953559141486,10328800
2005-04-05,7.745005130767822,7.7580554993876705,7.6676395075437656,7.7039922263661405,10630400
2005-04-06,7.707719802856445,7.811185438761486,7.676959595175941,7.77949290962472,7866400
2005-04-07,7.695599555969238,7.731952259682399,7.615437001331834,7.731952259682399,8481600
2005-04-08,7.672300815582275,7.7543280586922325,7.672300815582275,7.704925675175426,7780000
2005-04-11,7.66577672958374,7.73661825246413,7.629424001916222,7.687215864154589,7210400
2005-04-12,7.676965236663818,7.689082579888147,7.55485734881887,7.6527298390617355,9932000
2005-04-13,7.433678150177002,7.671369710913513,7.409442762100566,7.667641134966896,16912800
2005-04-14,7.271491050720215,7.484947283349448,7.231409736974929,7.450458479518694,18067200
2005-04-15,7.071081161499023,7.249116184657524,7.056166860526054,7.2379311700808096,14244800
2005-04-18,7.077605724334717,7.109297545981444,7.000239391039964,7.086926806515931,16609600
2005-04-19,7.2174248695373535,7.268691893797108,7.127008869199092,7.130737444704625,13238400
2005-04-20,7.125144004821777,7.2519127108121815,7.099044690850748,7.2519127108121815,15878400
2005-04-21,7.322755813598633,7.3423303052542055,7.17920883030457,7.200647965633927,13736800
2005-04-22,7.253776550292969,7.379612933136879,7.177342541286427,7.328346627390895,14485600
2005-04-25,7.3013153076171875,7.437405099719568,7.280808499971776,7.324618368822794,8999200
2005-04-26,7.2342071533203125,7.348857891894456,7.2342071533203125,7.26869596268794,8486400
2005-04-27,7.277082920074463,7.3050468894923055,7.139128428048145,7.233273033191376,8059200
2005-04-28,7.170817852020264,7.257505266088687,7.156835873398974,7.211831466335251,11988800
2005-04-29,7.159632682800293,7.214628280006688,7.001172142529988,7.185731998971587,16364000
2005-05-02,7.188528060913086,7.295721565844893,7.1465821270609995,7.159631783507531,8708800
2005-05-03,7.247255325317383,7.284540382404984,7.175482177125235,7.191328095262638,9388000
2005-05-04,7.2379326820373535,7.307841882357444,7.22767927576482,7.261235748810717,8381600
2005-05-05,7.246318340301514,7.335801993036845,7.207169375570968,7.238861902604879,8152800
2005-05-06,7.2500481605529785,7.3441927252849775,7.245387975085896,7.269622646281873,7956800
2005-05-09,7.338595867156982,7.338595867156982,7.238858854538085,7.258433328661134,6876800
2005-05-10,7.233270168304443,7.325550092988686,7.2025099563586945,7.325550092988686,7524000
2005-05-11,7.255642414093018,7.294792106127576,7.199715196954841,7.233271669468377,8380800
2005-05-12,7.1624298095703125,7.3171625045226305,7.144719963525651,7.284538355331815,9826400
2005-05-13,7.126078128814697,7.214630216626475,7.065490719076326,7.12141794176348,9298400
2005-05-16,7.178277015686035,7.233271912895975,7.140059644144343,7.140059644144343,14284800
2005-05-17,7.342333793640137,7.361909005749202,7.149384328617271,7.179212241190492,21914400
2005-05-18,7.635948181152344,7.745938676580381,7.384275363197345,7.419695766040808,31804800
2005-05-19,7.754332065582275,7.803734474626751,7.560450295878308,7.659255113967258,20096000
2005-05-20,7.651799201965332,7.7394190125618865,7.620107353713394,7.699337685496823,11200000
2005-05-23,7.688145160675049,7.7739002429075015,7.633149574335985,7.68721283923801,13842400
2005-05-24,7.710518836975098,7.711451158767614,7.670437533734822,7.68814809202683,13022400
2005-05-25,7.607050895690918,7.696534559957351,7.583747835898004,7.6760277535551165,7512000
2005-05-26,7.63781213760376,7.66670770808349,7.610780499252091,7.610780499252091,6271200
2005-05-27,7.683487415313721,7.70865441521057,7.626627873937792,7.652727195653986,5160800
2005-05-31,7.662045478820801,7.691873365754857,7.60611827971356,7.662977800299249,6324800
2005-06-01,7.749666213989258,7.828896482274042,7.651793069479633,7.6713682673039685,10272800
2005-06-02,7.813052177429199,7.852201158821966,7.711451147935613,7.723568486608663,8730400
2005-06-03,7.806528091430664,7.853134229289952,7.78322502250102,7.813052922284836,5740000
2005-06-06,7.860593318939209,7.873642983863096,7.775769785780539,7.806530015024017,5126400
2005-06-07,7.904399394989014,7.960326604955533,7.860589521983439,7.874571502263333,8390400
2005-06-08,7.915589332580566,7.9314352548801015,7.877372654613835,7.905335921409455,10844000
2005-06-09,7.9953999519348145,8.017803674926782,7.847907291817878,7.903916955398552,10097600
2005-06-10,8.024336814880371,8.042073478464966,7.980462360035151,7.9944649516965995,9267200
2005-06-13,8.134493827819824,8.183969061112684,8.091553045863725,8.0962208163336,19703200
2005-06-14,8.079412460327148,8.14942469754939,8.028069868150316,8.121419517779971,7634400
2005-06-15,8.181167602539062,8.207305404431889,8.108354950922848,8.163430931739635,14152000
2005-06-16,8.228771209716797,8.305317888831318,8.17836231680705,8.182096388007912,15895200
2005-06-17,8.250240325927734,8.29504846323282,8.224102542583594,8.242772896544539,19523200
2005-06-20,8.250240325927734,8.274511429976371,8.228770309124124,8.251174021676077,10022400
2005-06-21,8.29411792755127,8.31652164863906,8.242776037050021,8.250243469278317,7954400
2005-06-22,8.344528198242188,8.391203040255938,8.289452226522716,8.368799315505777,13064000
2005-06-23,8.410802841186523,8.488283217180424,8.359460963945745,8.372529857221672,16450400
2005-06-24,8.340792655944824,8.416406370982623,8.315588559066521,8.39680231405329,21107200
2005-06-27,8.00660228729248,8.310922464301969,7.898317021438554,8.310922464301969,59717600
2005-06-28,8.214771270751953,8.238108689134771,8.01126895396572,8.01406933021942,22827200
2005-06-29,8.151294708251953,8.228775120035746,8.130757662988627,8.228775120035746,12059200
2005-06-30,8.084085464477539,8.144762923828951,8.065415805693334,8.137294775434537,17471200
2005-07-01,8.029003143310547,8.084079091849212,7.9627249810108935,8.043938716123927,11341600
2005-07-05,8.094348907470703,8.172762991966792,8.024336662692694,8.02807073454502,13173600
2005-07-06,7.988863468170166,8.11955312470413,7.964592358993536,8.11675203686729,9980800
2005-07-07,7.962726593017578,7.9897973687347275,7.908583617180453,7.9655269689744275,9904800
2005-07-08,8.050475120544434,8.050475120544434,7.918852459799842,7.96272691744852,7953600
2005-07-11,8.129823684692383,8.139159222907596,8.074747712670804,8.116754785832972,10056000
2005-07-12,8.124222755432129,8.130757204720199,8.046742348015314,8.09901865452144,8228800
2005-07-13,8.128890037536621,8.167163034730986,8.102752241949931,8.150360064396468,8828800
2005-07-14,8.176494598388672,8.206367166801916,8.122352348642744,8.144756062751446,13930400
2005-07-15,8.261445045471191,8.261445045471191,8.169029079972143,8.17743020765324,10699200
2005-07-18,8.20637035369873,8.252111495492667,8.184899614863982,8.214771482676563,10916000
2005-07-19,8.203569412231445,8.236242369157186,8.168096791131081,8.216638310121134,7934400
2005-07-20,8.255844116210938,8.26144486787794,8.114885930913244,8.168095208353893,11690400
2005-07-21,8.099955558776855,8.234379394563103,8.028076581820095,8.233445697869614,17286400
2005-07-22,8.086882591247559,8.128890374928153,8.019671419321387,8.059811098351588,13268800
2005-07-25,7.956194877624512,8.06541385066161,7.893650040234259,8.046743484201215,14856000
2005-07-26,7.878711223602295,7.957124593927821,7.813366036129659,7.952457538380654,12884000
2005-07-27,7.841371059417725,7.893646638576077,7.788161784288301,7.888045887152353,26172800
2005-07-28,7.88804817199707,7.895516317526152,7.819902590396931,7.86471075136986,12499200
2005-07-29,7.8227033615112305,7.917919720435675,7.815235216285364,7.871244881076304,6834400
2005-08-01,7.734954357147217,7.868444424848947,7.715351010279322,7.8236362661498156,14940000
2005-08-02,8.012202262878418,8.012202262878418,7.465173145447596,7.734953631938049,37156000
2005-08-03,8.1139554977417,8.308123038560042,8.007536900066615,8.035542094066024,27108800
2005-08-04,7.953394889831543,8.097153526575765,7.944060061409556,8.046744598454927,10752800
2005-08-05,7.937524795532227,7.955261466254618,7.861911767213286,7.954327769847733,6570400
2005-08-08,7.870306491851807,7.983259450284068,7.860037976339683,7.9375183344034905,10556800
2005-08-09,7.81336784362793,7.9141856678273745,7.811501163417509,7.911385291410978,7538400
2005-08-10,7.720017910003662,7.861909816166905,7.7032149398580545,7.860042423816557,20727200
2005-08-11,7.650941371917725,7.764828120545521,7.579995400080432,7.748025145957785,14964000
2005-08-12,7.615464210510254,7.697611641722995,7.558520870080549,7.627599407968565,11182400
2005-08-15,7.670539855957031,7.720015051901988,7.60799576720402,7.621064660012076,12602400
2005-08-16,7.542653560638428,7.670542151708063,7.52771727170102,7.670542151708063,11117600
2005-08-17,7.464236259460449,7.581856991575682,7.427829961077354,7.561319959215752,22760800
2005-08-18,7.537052154541016,7.595862902435574,7.425966531565167,7.4539710052374435,20251200
2005-08-19,7.499712944030762,7.6079989146107945,7.481976989140371,7.5799937257500165,15278400
2005-08-22,7.3998284339904785,7.566924437932934,7.346619147655847,7.566924437932934,19744800
2005-08-23,7.380225658416748,7.450237920176689,7.348487108275655,7.4212997465537445,16293600
2005-08-24,7.439969062805176,7.491311670662287,7.357821602435322,7.388627167149589,17479200
2005-08-25,7.45583963394165,7.518383752270287,7.427834443423548,7.43996964614055,9432800
2005-08-26,7.441834926605225,7.474507164802538,7.396093793128987,7.455837517890181,10021600
2005-08-29,7.415699005126953,7.447437555317734,7.365290091116692,7.393294568543577,7834400
2005-08-30,7.309275150299072,7.360617011305142,7.221526284163659,7.355949957868796,21540800
2005-08-31,7.366223335266113,7.372757784151498,7.255136992013039,7.309279975464245,10447200
2005-09-01,7.3046112060546875,7.395160494062799,7.286874541994957,7.3662223261349595,10367200
2005-09-02,7.189792156219482,7.36062224430374,7.183257707002127,7.323282229261051,12255200
2005-09-06,7.274739742279053,7.283140870642311,7.1440500630838875,7.1907248976392,17560800
2005-09-07,7.194459438323975,7.313946908613584,7.182324236941952,7.313946908613584,24559200
2005-09-08,7.340787410736084,7.358552173010586,7.1780946318380945,7.199600245149319,27604000
2005-09-09,7.341719627380371,7.43335118861444,7.34171962738037,7.349199900411335,16885600
2005-09-12,7.480106353759766,7.567997831691173,7.356684627457071,7.381929672523256,22596000
2005-09-13,7.412783145904541,7.629706139107054,7.40623808326578,7.536204836634275,21124000
2005-09-14,7.338918209075928,7.431485026996823,7.325828081697741,7.41278433548624,18700800
2005-09-15,7.380993366241455,7.395017991535198,7.32676243724446,7.363227889724905,27280000
2005-09-16,7.3361124992370605,7.453924346401548,7.328632223432694,7.424003956542449,55197600
2005-09-19,7.80268669128418,7.970989391941347,7.6577600394458765,7.817647248390873,83732000
2005-09-20,7.480106353759766,7.853176458413145,7.443640892353869,7.8494363196332415,36563200
2005-09-21,7.424004554748535,7.5614516019558184,7.423069341858041,7.498805178744331,20348800
2005-09-22,7.568933963775635,7.604464933168495,7.470757974723829,7.480107967010855,18862400
2005-09-23,7.598851203918457,7.661497624216808,7.449249249525119,7.531530859460246,13378400
2005-09-26,7.6063313484191895,7.713857996496574,7.586696159122021,7.690482669234464,17570400
2005-09-27,7.629707336425781,7.670848144244634,7.608202432962972,7.653082665712232,10240000
2005-09-28,7.601657390594482,7.66710802743654,7.584827124926747,7.634382709015511,10922400
2005-09-29,7.582958221435547,7.612878620478446,7.537142766448299,7.596983564534096,15942400
2005-09-30,7.637186050415039,7.637186050415039,7.566124864183173,7.583890339080713,14119200
2005-10-03,7.695159435272217,7.723209405130486,7.637188356191516,7.674589029361049,18812800
2005-10-04,7.7278828620910645,7.852239766713009,7.7147927366948945,7.7278828620910645,18534400
2005-10-05,7.619424819946289,7.75687191873136,7.614750180456479,7.726951515233559,12077600
2005-10-06,7.676456451416016,7.79800842460725,7.6138107527311565,7.620355815080943,13666400
2005-10-07,7.739105701446533,7.78772679837775,7.664305056461108,7.699835309327288,10734400
2005-10-10,7.721339225769043,7.833540525137157,7.691418831713649,7.739103991597942,9730400
2005-10-11,7.75874137878418,7.830737095515915,7.697030152992464,7.7353660441707,11959200
2005-10-12,7.659628868103027,7.7699604672719484,7.639058461135485,7.754065412200136,12796000
2005-10-13,7.551169395446777,7.669915798737683,7.474498315258005,7.653085526825088,13408000
2005-10-14,7.639057159423828,7.665238126876663,7.526855866631082,7.582956513027455,10551200
2005-10-17,7.683002471923828,7.69702781109629,7.600721575928243,7.629706753755182,8544000
2005-10-18,7.6156816482543945,7.686742845779086,7.583891544289226,7.682068208150422,9300800
2005-10-19,7.709181785583496,7.713857135857638,7.548360151184161,7.606330499777054,12868800
2005-10-20,7.779309272766113,7.830735282351798,7.713858636346547,7.713858636346547,16002400
2005-10-21,7.8054890632629395,7.877484752464176,7.765283474567662,7.780243312053311,10356800
2005-10-24,7.863462448120117,7.884032856787508,7.741911135730649,7.812037139810243,13207200
2005-10-25,7.809228897094727,7.877485165522334,7.783048645103326,7.826059160997536,10634400
2005-10-26,7.838217735290527,7.877488128046228,7.738171327065116,7.789596637571306,10240800
2005-10-27,7.704509258270264,7.839150680061027,7.703574045287701,7.838216180436957,12271200
2005-10-28,7.741909980773926,7.790530355804688,7.706379020791353,7.706379020791353,8842400
2005-10-31,7.858785152435303,7.879354840790248,7.756868356680743,7.760608494570286,17168000
2005-11-01,7.855052947998047,7.876557870884526,7.800821963864961,7.854117734241522,8879200
2005-11-02,7.999038219451904,8.02802340040658,7.846630611147997,7.85411088796161,14633600
2005-11-03,8.143960952758789,8.156116575122061,8.036434343270345,8.036434343270345,17344000
2005-11-04,8.209418296813965,8.227183067107985,8.130876796828344,8.13461693619515,15567200
2005-11-07,8.228116035461426,8.247751226761217,8.203805492889014,8.209416057087846,14751200
2005-11-08,8.117785453796387,8.204741719356386,8.092540408537662,8.204741719356386,10942400
2005-11-09,8.09814739227295,8.15331281510483,8.079447418211565,8.14396282807414,6972800
2005-11-10,8.164536476135254,8.180431531747725,8.083190058548999,8.087865410603758,6687200
2005-11-11,8.127138137817383,8.181369098476244,8.112178290983874,8.181369098476244,5204000
2005-11-14,8.088798522949219,8.158924505406816,8.085058384948475,8.12713368907968,4581600
2005-11-15,8.002779006958008,8.116850751031489,7.963508617038522,8.111240899145443,9471200
2005-11-16,8.038311958312988,8.061687298094817,7.970055652272191,8.022416898467446,6026400
2005-11-17,8.123395919799805,8.148641680326707,8.074775538329556,8.106565650568067,6660800
2005-11-18,8.200064659118652,8.204740009994767,8.098148572916498,8.204740009994767,11841600
2005-11-21,8.082256317138672,8.146771758724352,8.025220440840377,8.109371792211519,22252000
2005-11-22,8.134615898132324,8.157056018110916,8.082255380396095,8.10189057454718,12028000
2005-11-23,8.198196411132812,8.228116807352482,8.134615479996203,8.13555069301015,7104000
2005-11-25,8.247753143310547,8.279543969963076,8.155187016142168,8.21689752980155,3697600
2005-11-28,8.083189964294434,8.271127843638903,8.083189964294434,8.271127843638903,11467200
2005-11-29,8.031763076782227,8.097213711740109,8.022413087982303,8.083188371861015,7916800
2005-11-30,7.975660800933838,8.10095219464017,7.972855162844568,8.036436072394158,9443200
2005-12-01,8.000906944274902,8.05700758673453,7.952286577705458,8.017737208348628,9410400
2005-12-02,8.190714836120605,8.24868590670647,8.022412901557722,8.022412901557722,16309600
2005-12-05,8.165471076965332,8.222506943635675,8.121525339036525,8.134615467778062,8869600
2005-12-06,8.146770477294922,8.206611270333282,8.139290913184018,8.181366225572123,11436000
2005-12-07,8.106566429138184,8.18417271768013,8.085996732198144,8.161732594335485,7938400
2005-12-08,8.046146392822266,8.08080337564692,8.026476039550891,8.08080337564692,12310400
2005-12-09,8.046146392822266,8.077057254235529,7.987134618372238,8.069563582140937,12073600
2005-12-12,8.187590599060059,8.210070912192064,8.125768844651708,8.177286973325334,15633600
2005-12-13,8.235358238220215,8.255965482340653,8.13513268106391,8.188523852359586,14662400
2005-12-14,8.56507396697998,8.5744407025942,8.249409902864315,8.252219852084968,45728800
2005-12-15,8.406773567199707,8.563200268748023,8.37398963493451,8.556643482294984,16780000
2005-12-16,8.289685249328613,8.437682061450717,8.283128464722491,8.430188389147743,15298400
2005-12-19,8.173541069030762,8.374929165982843,8.166047392251997,8.374929165982843,14775200
2005-12-20,8.287812232971191,8.313102483834315,8.113588281491227,8.148245265465288,18155200
2005-12-21,8.032095909118652,8.071436615528249,7.844758395203349,7.9506038332965705,69370400
2005-12-22,8.077993392944336,8.111714202590804,7.985261523734504,7.989945247432697,15634400
2005-12-23,8.149186134338379,8.193210587566838,8.10703545742907,8.121085206641322,16156800
2005-12-27,8.157612800598145,8.266268916348228,8.143563056868391,8.19133361482155,13765600
2005-12-28,8.205384254455566,8.266269098961523,8.157612980811075,8.157612980811075,9968800
2005-12-29,8.186649322509766,8.254090940390403,8.186649322509766,8.214749520202773,5332000
2005-12-30,8.129510879516602,8.23254636135192,8.118270372273606,8.170725358105068,5108800
2006-01-03,8.050829887390137,8.18665002241027,7.993691884836141,8.129512019856273,18468800
2006-01-04,8.013364791870117,8.092983115688813,7.994630606207058,8.022731527383591,15832000
2006-01-05,8.062074661254883,8.112655905748477,8.01336719320716,8.01336719320716,9256000
2006-01-06,8.036782264709473,8.11359064198255,8.02741481423733,8.083616658525644,7573600
2006-01-09,8.149186134338379,8.22599452678922,8.03303701482068,8.036783852822706,10441600
2006-01-10,8.166043281555176,8.229738072838705,8.09110798076185,8.097664765983566,11837600
2006-01-11,8.17728328704834,8.248471032314667,8.149182372323878,8.17728328704834,10372800
2006-01-12,8.084549903869629,8.257837669938466,8.056449706538702,8.257837669938466,11159200
2006-01-13,8.074249267578125,8.160425095958646,8.003997676335961,8.121083661739567,9612000
2006-01-17,7.980579376220703,8.055514682376295,7.971212641610265,8.055514682376295,11075200
2006-01-18,7.928131580352783,8.003066947847545,7.901904416120605,7.966536152718922,9202400
2006-01-19,7.933741092681885,7.958095162418833,7.868173267969747,7.889717390166988,8888800
2006-01-20,7.886911392211914,8.020857783025802,7.852254399212228,7.971213441436759,16132000
2006-01-23,7.816664218902588,7.868182365483576,7.6312003204840675,7.830714687482541,38273600
2006-01-24,7.870050430297852,7.916884819400075,7.786685274866778,7.897214461733468,16800000
2006-01-25,7.892532825469971,7.918759973590845,7.858812002275649,7.873798637786354,10268800
2006-01-26,7.866300582885742,7.974955942537338,7.847566407334966,7.974955942537338,15965600
2006-01-27,7.7885589599609375,7.927188349893548,7.782002174148396,7.889721410756771,17025600
2006-01-30,7.662107944488525,7.75483985419537,7.549704958367423,7.738916330084983,78979200
2006-01-31,7.582488536834717,7.68552478124234,7.575931749884793,7.662107582901731,20348000
2006-02-01,7.786683559417725,7.879416143948598,7.606839716398424,7.610586552457481,35525600
2006-02-02,7.807288646697998,7.859743622418608,7.774504733519936,7.791365133816612,20464800
2006-02-03,7.839139938354492,7.851316621726663,7.750154174118368,7.765141521009686,15826400
2006-02-06,7.882228374481201,8.032098287055895,7.871924750994555,7.999314355342074,19246400
2006-02-07,7.817598819732666,7.933747944374572,7.794181617164104,7.896280991973918,10368800
2006-02-08,7.904707431793213,7.95716171423447,7.821342283783645,7.841012639699116,18636800
2006-02-09,7.857874393463135,7.909392511572307,7.829773471833382,7.849444545755882,9232800
2006-02-10,7.912199974060059,7.932807214827019,7.780126684400486,7.932807214827019,10339200
2006-02-13,7.894404888153076,7.900961674353757,7.789496308942175,7.88222820367641,9512800
2006-02-14,7.868176460266113,7.928124414221072,7.831645698157185,7.89440360079191,11758400
2006-02-15,7.893464088439941,7.961842580334305,7.84475666003527,7.891591028154885,9453600
2006-02-16,7.939365863800049,7.969339844327213,7.899088260469539,7.957162445758134,6254400
2006-02-17,7.952481746673584,7.983392624066576,7.877546416260804,7.8915968800427345,8001600
2006-02-21,7.969341278076172,7.98901163933885,7.915013205272855,7.9431141297259344,8744000
2006-02-22,8.049893379211426,8.14262525054719,7.9721481377088335,7.985261706801329,12035200
2006-02-23,8.108906745910645,8.187588897474953,8.032098370255742,8.049895668214504,10108000
2006-02-24,8.167916297912598,8.196017214215733,8.092981712164217,8.1089052312392,11014400
2006-02-27,8.17728328704834,8.214750220499692,8.11827150905416,8.168852726776622,7179200
2006-02-28,8.128576278686523,8.226928779483092,8.113589646115608,8.130450054405419,18676000
2006-03-01,8.084549903869629,8.16229514096003,8.07424628379086,8.116397651741067,10713600
2006-03-02,8.060197830200195,8.092044868523875,7.994629263347223,8.03209691374378,13876000
2006-03-03,8.083620071411133,8.12296080731361,8.035848769451587,8.041468670398674,8387200
2006-03-06,8.141690254211426,8.246599545958222,8.07893234259897,8.102349537794908,14712800
2006-03-07,7.952481746673584,8.023670239102096,7.870989628447407,8.023670239102096,24400000
2006-03-08,7.961849689483643,7.969343366586476,7.9150152795455035,7.938432484514573,19901600
2006-03-09,8.009236335754395,8.022373866142233,7.951993932232368,7.95762481378552,11776000
2006-03-10,7.975451469421387,8.046769981087646,7.956683779165708,8.0092338846348,9075200
2006-03-13,7.924776554107666,7.979203849290385,7.906947466055059,7.9754501686631585,9057600
2006-03-14,7.940732002258301,7.942608485103741,7.900380819636434,7.9200871112506155,8360000
2006-03-15,7.978267669677734,8.002666243183251,7.9210259915919154,7.977329786192532,11728000
2006-03-16,8.07210636138916,8.11433473799406,7.97638999644606,7.97638999644606,12339200
2006-03-17,8.015802383422852,8.062722323455917,8.004542056017454,8.048646198257703,11220800
2006-03-20,8.024250030517578,8.090876273447272,7.967007634377404,7.976391481166924,15207200
2006-03-21,7.971696853637695,8.025185552131388,7.947299002353841,8.025185552131388,19258400
2006-03-22,8.147176742553711,8.180959149951441,7.9294682926246285,7.967004380393365,38750400
2006-03-23,8.071173667907715,8.17345886174557,8.070235068017457,8.140615025005982,23581600
2006-03-24,8.066478729248047,8.139673745872637,8.024251055331309,8.080554859200863,12403200
2006-03-27,8.018619537353516,8.056155642267909,7.981084148380774,8.056155642267909,8194400
2006-03-28,7.995162487030029,8.055219990493882,7.955749884620985,8.004547053649063,8464000
2006-03-29,8.027059555053711,8.027998153865266,7.976385958346574,7.985769798638757,6694400
2006-03-30,7.9763875007629395,8.06365859264423,7.944482294411692,8.060843511606327,11872000
2006-03-31,7.985779285430908,7.9951631368707385,7.943551595980686,7.976395433991079,8536800
2006-04-03,7.967945098876953,8.057092704591547,7.943546527946263,7.985774190454962,11781600
2006-04-04,7.980144500732422,7.99328202833568,7.883489526533494,7.9670069731291635,7724000
2006-04-05,7.93604040145874,7.990467715882057,7.90319657928661,7.967007740624589,7793600
2006-04-06,7.963257312774658,7.987655897476316,7.873171056886141,7.9482425788222795,11317600
2006-04-07,7.8478312492370605,8.009236005566981,7.83938600116806,7.990468310341415,10429600
2006-04-10,7.797161102294922,7.891939652264116,7.760563579068183,7.8656645808133305,10723200
2006-04-11,7.740852355957031,7.8769206265549325,7.723961147053208,7.840323126586905,10032000
2006-04-12,7.746484279632568,7.769005655890671,7.697687129141432,7.7408533986118115,11932800
2006-04-13,7.816863059997559,7.854398442939987,7.747421026482682,7.755866988803805,13517600
2006-04-17,7.677041053771973,7.812170722395785,7.624490945281171,7.811232123046583,16674400
2006-04-18,7.671408653259277,7.7080061418527315,7.6470100888832,7.671408653259277,17185600
2006-04-19,7.706136703491211,7.734288258019126,7.65170936241847,7.676107949096246,9879200
2006-04-20,7.772759437561035,7.788712049450781,7.698625827321939,7.699564426827704,7444800
2006-04-21,7.790592193603516,7.802791845086565,7.743672219448986,7.798099561294317,9226400
2006-04-24,7.76055908203125,7.79152641941436,7.741791389282352,7.79058781999444,11511200
2006-04-25,7.696751117706299,7.772761951541462,7.666722367284347,7.751178451577926,9793600
2006-04-26,7.625428676605225,7.739913442163644,7.597276426866074,7.720206437781368,12454400
2006-04-27,7.679855823516846,7.689240384744106,7.540973195028035,7.540973195028035,10345600
2006-04-28,7.679855823516846,7.731468046500764,7.626367117852377,7.708946674626646,6699200
2006-05-01,7.666719913482666,7.734284759292801,7.650767301539066,7.697687253802587,9552800
2006-05-02,7.65452241897583,7.723963760883516,7.65452241897583,7.704257463150596,7672800
2006-05-03,7.613226890563965,7.676100135152171,7.55880032083714,7.655455253282126,11987200
2006-05-04,7.59727668762207,7.6854864049536165,7.596338088347497,7.633874183974206,8754400
2006-05-05,7.65264368057251,7.65545876285602,7.59446268826087,7.617922661878883,6836000
2006-05-08,7.718330383300781,7.736160190187191,7.649826953638385,7.657334316110714,7833600
2006-05-09,7.7136406898498535,7.774636777497412,7.708010524078049,7.727716820221095,6925600
2006-05-10,7.725841522216797,7.781206736644764,7.713641873250618,7.73241028860557,7316000
2006-05-11,7.630120277404785,7.798093745517315,7.614167669915693,7.782141138028223,8680000
2006-05-12,7.647955894470215,7.686430617468789,7.594467151821416,7.601035919657513,10314400
2006-05-15,7.6610894203186035,7.665781701720728,7.601031941267867,7.601031941267867,9813600
2006-05-16,7.570065021514893,7.70331751579208,7.555051008891523,7.6770424567449345,12880000
2006-05-17,7.535344123840332,7.5916479196617015,7.487485575218444,7.512822032758498,15206400
2006-05-18,7.483730792999268,7.597276967393862,7.4612094211704765,7.4612094211704765,11856800
2006-05-19,7.385201930999756,7.474350290761897,7.298869370424441,7.469658008059008,31140800
2006-05-22,7.317633628845215,7.418042264554816,7.2622677313548545,7.366430047906295,23106400
2006-05-23,7.412413597106934,7.647951949639234,7.385199939839394,7.385199939839394,26717600
2006-05-24,7.43774938583374,7.4668395206924,7.357985627841562,7.413350815597269,13388000
2006-05-25,7.474348068237305,7.486546997318869,7.41053690853833,7.474348068237305,6053600
2006-05-26,7.601968765258789,7.650765187112756,7.494052761688885,7.499682925303182,12556800
2006-05-30,7.507196426391602,7.590713929359844,7.50625782637453,7.586960245233604,7715200
2006-05-31,7.536281585693359,7.564433839999739,7.507191447933917,7.507191447933917,10692000
2006-06-01,7.640442371368408,7.650764814786578,7.53252637305026,7.545664614080003,11068000
2006-06-02,7.675167560577393,7.709888590606771,7.607602699948229,7.636692847630637,10720800
2006-06-05,7.530655384063721,7.6761075812853425,7.521271533004055,7.675168981396793,14556800
2006-06-06,7.5259599685668945,7.574757119276892,7.497808427103415,7.55411222597202,9316800
2006-06-07,7.576635360717773,7.617925156910061,7.52971539811447,7.530653997830243,18972000
2006-06-08,7.5827412605285645,7.613768147733092,7.441710737582534,7.578039956169697,13960800
2006-06-09,7.627874374389648,7.683346780345548,7.587445575919649,7.610950674627353,6504800
2006-06-12,7.627874374389648,7.737878781503908,7.615651981296368,7.639157080004074,11844000
2006-06-13,7.6504387855529785,7.730355967248663,7.606249090987982,7.615650985778311,11875200
2006-06-14,7.717194080352783,7.729416473288448,7.634455674884659,7.634455674884659,13356000
2006-06-15,7.85540246963501,7.920276039381674,7.700268710354818,7.716252001646132,13504800
2006-06-16,7.817793846130371,7.924036605141815,7.804631051821643,7.822494434201493,8332800
2006-06-19,7.810273170471191,7.902413461234994,7.765143071107195,7.897712155167576,10402400
2006-06-20,7.726594924926758,7.847881302269794,7.700269333066609,7.83471850633972,13354400
2006-06-21,7.78018856048584,7.827198763268232,7.700271359219528,7.723776460610724,11139200
2006-06-22,7.885488986968994,7.896770972709846,7.730355227165578,7.780185910370401,13156800
2006-06-23,7.931559085845947,7.988911573380327,7.860103398253865,7.885489301821438,11575200
2006-06-26,7.921219348907471,7.986093659763976,7.895834154448151,7.977631450065013,8483200
2006-06-27,7.862926006317139,7.94002270770848,7.816856209921015,7.94002270770848,14756800
2006-06-28,7.495309352874756,7.662665615974069,7.418212623222746,7.662665615974069,68290400
2006-06-29,7.613771438598633,7.638216223339068,7.4765010390259405,7.5216311414951145,20777600
2006-06-30,7.6156535148620605,7.701212435700093,7.607192021936364,7.6250554127746675,10331200
2006-07-03,7.646681308746338,7.686169714941793,7.620355704616034,7.620355704616034,4727200
2006-07-05,7.526332855224609,7.6062500469645276,7.488724554017976,7.592146844347204,18497600
2006-07-06,7.501888751983643,7.5601816655995595,7.492486854256899,7.549839362904496,15312000
2006-07-07,7.4351348876953125,7.512231602385737,7.42291177417244,7.475563696454857,15615200
2006-07-10,7.4257354736328125,7.488729003120545,7.400349550375953,7.43513737519053,9697600
2006-07-11,7.389063358306885,7.438894776001471,7.356156359692551,7.404106967569878,11295200
2006-07-12,7.390944004058838,7.417269602365925,7.34393380213368,7.347694704365943,18676800
2006-07-13,7.405047416687012,7.437954415497803,7.3401731066609,7.390944212248452,14193600
2006-07-14,7.388124465942383,7.444536572113018,7.364619361928048,7.371200762359307,19474400
2006-07-17,7.417270660400391,7.437014861947112,7.333592546422868,7.333592546422868,18280000
2006-07-18,7.380600929260254,7.4426547336154085,7.352394524131788,7.417268825536053,26272800
2006-07-19,7.408806324005127,7.468979310575601,7.395643528025246,7.4182082186595295,23887200
2006-07-20,7.484023571014404,7.505648578271949,7.354275679425274,7.366498072985539,19197600
2006-07-21,7.5272698402404785,7.549835243254183,7.434189884093827,7.484020560441849,19664800
2006-07-24,7.581805229187012,7.61095132453139,7.516930921672108,7.521632228742571,14479200
2006-07-25,7.555479526519775,7.588386523601038,7.440774521849029,7.535735328271018,14226400
2006-07-26,7.521636009216309,7.533858409496406,7.440778364731704,7.521636009216309,12033600
2006-07-27,7.4238505363464355,7.644798328073905,7.396584534861616,7.5639407284482205,11748800
2006-07-28,7.512230396270752,7.545137394089635,7.3947048916899165,7.44453559086119,13740800
2006-07-31,7.427612781524658,7.545138300219669,7.389064067079652,7.485905697032166,14180800
2006-08-01,7.398461818695068,7.491541767461653,7.365554121238853,7.427607898628822,17888800
2006-08-02,7.345809459686279,7.440770211093454,7.332646668479541,7.40880363739661,26112800
2006-08-03,7.347695827484131,7.365559219169412,7.234870895226856,7.300685618373316,31386400
2006-08-04,7.396581649780273,7.437010433823624,7.334528584340729,7.380598360519012,17887200
2006-08-07,7.3260698318481445,7.359917235248042,7.237691138365098,7.358976830342831,19957600
2006-08-08,7.249908447265625,7.420085032477808,7.208539268280813,7.366493467573967,16034400
2006-08-09,7.228291034698486,7.304448077460798,7.210427639207243,7.264019260319008,14115200
2006-08-10,7.164357662200928,7.225471095257046,7.1004237305500615,7.202906389179997,21132800
2006-08-11,7.1935014724731445,7.22170716391546,7.169055966034786,7.187859760329664,21436800
2006-08-14,7.256495475769043,7.297864686869937,7.2358108702185975,7.239571772802208,13384000
2006-08-15,7.302565097808838,7.312907400330125,7.228288887573601,7.281880492766265,20831200
2006-08-16,7.310088634490967,7.332653337465164,7.192563093743524,7.330773244433553,25273600
2006-08-17,7.235809803009033,7.312906501305001,7.183158609241656,7.310086004112994,20446400
2006-08-18,7.21230411529541,7.2423906117550505,7.171875318429144,7.226407317424323,17783200
2006-08-21,7.217945575714111,7.2442718894715865,7.1878590773099855,7.213244986246447,9718400
2006-08-22,7.225464344024658,7.2997405126678085,7.220763756531843,7.234866236328692,11890400
2006-08-23,7.225464344024658,7.243328441525204,7.202899659031297,7.21794254325407,11848800
2006-08-24,7.224528789520264,7.248033894718836,7.183160292147617,7.217947388757419,12147200
2006-08-25,7.217945575714111,7.238630177864204,7.178457181055953,7.217945575714111,12555200
2006-08-28,7.319484710693359,7.330767411863101,7.2292252532906325,7.2320457492534675,13697600
2006-08-29,7.5188117027282715,7.5282135995145625,7.308206201976616,7.310086294406377,24609600
2006-08-30,7.499065399169922,7.562999283615649,7.448294309993738,7.507526888706681,25898400
2006-08-31,7.593085289001465,7.610948671541243,7.500004606146922,7.502825819797042,15069600
2006-09-01,7.628811359405518,7.65043635614295,7.591203074868189,7.593083883620156,14891200
2006-09-05,7.654200553894043,7.657021050918749,7.553598044555037,7.615651848373264,14392800
2006-09-06,7.612832069396973,7.6899287703916785,7.587446159142852,7.639157667202178,11811200
2006-09-07,7.5916337966918945,7.627430521376828,7.5228676906184955,7.627430521376828,13287200
2006-09-08,7.729169845581055,7.732937242164922,7.603882707679659,7.611418938236398,16472000
2006-09-11,7.7640204429626465,7.782861011561963,7.71597861009635,7.724456326945389,13384800
2006-09-12,7.861052989959717,7.908153369093555,7.6839558231465945,7.76402632393517,22070400
2006-09-13,7.828080177307129,7.8525725672716975,7.799820390758321,7.818660248457526,30132800
2006-09-14,7.796989440917969,7.816772214833081,7.732932954095329,7.813945590920848,19131200
2006-09-15,7.815829753875732,7.845031731776647,7.775323436774101,7.799815812361945,18136800
2006-09-18,7.754600524902344,7.8158311151896855,7.72445633381085,7.78191881037498,19940800
2006-09-19,7.727282524108887,7.755543018727016,7.604822057716869,7.755543018727016,24771200
2006-09-20,7.780979633331299,7.804529814254634,7.706560975370218,7.771559704700861,27616800
2006-09-21,7.767790794372559,7.898729729407398,7.72163264572218,7.811123036592525,28671200
2006-09-22,8.135173797607422,8.182274155065226,7.991988308466824,8.115391733718475,61566400
2006-09-25,8.14930248260498,8.191692508693523,8.037203423414269,8.144592160286573,28031200
2006-09-26,8.326400756835938,8.358429372177934,8.072059125559365,8.09655079286834,33953600
2006-09-27,8.300025939941406,8.375386807443682,8.246331555421746,8.251983368941342,30388000
2006-09-28,8.317924499511719,8.339590264299504,8.269881927403672,8.29908392285439,10926400
2006-09-29,8.253865242004395,8.33676159575199,8.248212711532455,8.33676159575199,11379200
2006-10-02,8.240682601928711,8.286840771978984,8.186988198773772,8.192640014254899,9556800
2006-10-03,8.276479721069336,8.286841863279163,8.18887297610115,8.217133494617922,11223200
2006-10-04,8.412128448486328,8.437562338346536,8.261406652280627,8.261406652280627,18701600
2006-10-05,8.384804725646973,8.426252546009561,8.3282844479203,8.360312341777496,13629600
2006-10-06,8.303792953491211,8.359371028912156,8.23314241909173,8.359371028912156,12823200
2006-10-09,8.332996368408203,8.353720643698031,8.244447453513311,8.261403613414577,7760800
2006-10-10,8.344298362731934,8.416832587108022,8.326399999354553,8.326399999354553,9226400
2006-10-11,8.331117630004883,8.359377434201829,8.26894476712069,8.336769447105281,7115200
2006-10-12,8.460165977478027,8.479948041369054,8.304735372806467,8.321690811546418,16012800
2006-10-13,8.440387725830078,8.4808940802912,8.412127929805063,8.43096779382174,8913600
2006-10-16,8.52799129486084,8.548715568806639,8.440384594168266,8.440384594168266,12733600
2006-10-17,8.454514503479004,8.509151092812667,8.410240050698086,8.478064683154432,11596000
2006-10-18,8.384804725646973,8.468643293325309,8.309443876215193,8.462049272902101,14620800
2006-10-19,8.421545028686523,8.438501188075136,8.310388143515496,8.346184160582792,6892000
2006-10-20,8.346186637878418,8.428141552364803,8.304738794943967,8.421547528350592,9458400
2006-10-23,8.510093688964844,8.513861804446151,8.343358711410604,8.346184618347948,9538400
2006-10-24,8.584513664245605,8.596760221104585,8.393286266193398,8.435677032813889,10454400
2006-10-25,8.793636322021484,8.795520738730467,8.609945221087537,8.609945221087537,22471200
2006-10-26,8.82378101348877,8.861461444132644,8.719218159831874,8.765377028750478,16076000
2006-10-27,8.653279304504395,8.784218264571885,8.637265352540929,8.757842174586283,11157600
2006-10-30,8.667409896850586,8.690960080786072,8.575092859597868,8.602411159206381,10457600
2006-10-31,8.655166625976562,8.675890910696031,8.580747930254313,8.647631110465271,9246400
2006-11-01,8.609002113342285,8.675884525635949,8.580741615215127,8.675884525635949,14890400
2006-11-02,8.741827011108398,8.752189147694464,8.532701299926984,8.552483364674625,16651200
2006-11-03,8.720159530639648,8.830374186763601,8.678710989043209,8.760665863919526,11793600
2006-11-06,8.744649887084961,8.77196817237204,8.680593391613861,8.718273809895837,11483200
2006-11-07,8.710738182067871,8.780446493536378,8.702259745991103,8.747476394780614,14104800
2006-11-08,8.758785247802734,8.796464969390712,8.624078158911313,8.625961857512864,8949600
2006-11-09,8.738059043884277,8.793637124063624,8.687190568518142,8.793637124063624,9478400
2006-11-10,8.861459732055664,8.86428563803645,8.733346723835206,8.752187294864273,8728000
2006-11-13,8.866171836853027,8.949068209962682,8.821897384402101,8.826606989085416,11998400
2006-11-14,8.920807838439941,8.929286276905858,8.82566562931941,8.887837730393498,7215200
2006-11-15,8.995220184326172,9.036668701769191,8.92080158195982,8.92080158195982,13675200
2006-11-16,8.970736503601074,9.033850824924533,8.91892581075669,9.028198291990408,6719200
2006-11-17,9.003701210021973,9.023483266673447,8.930224794261022,8.951890548296095,10045600
2006-11-20,9.075297355651855,9.089427607913628,8.965082681660107,8.996169092897109,9708800
2006-11-21,9.097904205322266,9.127106193710123,8.998993178204051,9.043267624272312,7824000
2006-11-22,9.140297889709473,9.141240098364838,9.055517078092256,9.076241356342535,4570400
2006-11-24,9.112034797668457,9.169496568328217,9.051745683372117,9.09319422485886,5413600
2006-11-27,9.031961441040039,9.125220636876707,9.014063799558555,9.088482427132877,8764000
2006-11-28,9.043270111083984,9.052690040377456,8.952837496216489,8.968851447884845,7517600
2006-11-29,9.125226020812988,9.15442802048123,9.083777464875137,9.104501742844063,7023200
2006-11-30,9.321158409118652,9.35412922706354,9.094135109683558,9.125221511274544,17116800
2006-12-01,9.19399356842041,9.34000502653198,9.054576853123105,9.297614255453752,13722400
2006-12-04,9.244856834411621,9.26275519776921,9.075295283377413,9.137468091654728,13048000
2006-12-05,9.279712677001953,9.324928617933425,9.199642212636052,9.219424276630374,14239200
2006-12-06,9.25051212310791,9.303265024752289,9.217542008764292,9.303265024752289,14532800
2006-12-07,9.243431091308594,9.305720530729289,9.223611691490605,9.24909357124206,7474400
2006-12-08,9.158491134643555,9.267026570342455,9.12640206528302,9.197185951166965,8344800
2006-12-11,9.197186470031738,9.245319716762545,9.099976709808454,9.149053943351895,14856000
2006-12-12,9.114136695861816,9.188695838004572,9.095261273569232,9.17925812685828,13992000
2006-12-13,9.046184539794922,9.112249961691749,8.980119837949342,9.091486563954211,14917600
2006-12-14,9.154714584350586,9.178309209567985,9.052785630599228,9.065055296544799,11707200
2006-12-15,9.065057754516602,9.176424444541604,9.06033854017319,9.16887398961255,10960800
2006-12-18,9.077325820922852,9.183030019496309,9.068831379941038,9.143390494999423,8676000
2006-12-19,9.078269004821777,9.093369191824832,8.94613894830336,9.077325018118186,13292000
2006-12-20,9.41709041595459,9.445404265403662,9.125461078864218,9.15471819525745,28552800
2006-12-21,9.465219497680664,9.551103555044662,9.321763779813303,9.362346562098713,34651200
2006-12-22,9.432191848754883,9.454842497534813,9.346307028718808,9.412372441066053,9952000
2006-12-26,9.447291374206543,9.48315567896454,9.387833155338257,9.432191182769827,6452800
2006-12-27,9.392550468444824,9.461447108350516,9.37367505151091,9.461447108350516,6652800
2006-12-28,9.362348556518555,9.424638723084493,9.360461303009407,9.400100107159949,6076000
2006-12-29,9.346308708190918,9.428418314843055,9.324602042557853,9.361409623458504,6665600
2007-01-03,9.217948913574219,9.410481160687077,9.136783337240832,9.249093994736054,17299200
2007-01-04,9.312331199645996,9.340645052192034,9.1415062574248,9.217952651227447,15085600
2007-01-05,9.327428817749023,9.382168529305183,9.220780634880827,9.258532184921314,14996800
2007-01-08,9.299112319946289,9.342526338078628,9.214171536621835,9.296281080510594,10109600
2007-01-09,9.415205955505371,9.432194126204982,9.283075818958547,9.299120002382812,15167200
2007-01-10,9.415205955505371,9.423699680829518,9.334040331057379,9.366128697905912,13012800
2007-01-11,9.43596363067627,9.47088321811462,9.38405516279375,9.428413177156834,14316000
2007-01-12,9.415205955505371,9.439743864253785,9.37367915600603,9.395386543031044,9296800
2007-01-16,9.43502426147461,9.436911515752652,9.363296358038093,9.3906662254027,9264800
2007-01-17,9.420866966247559,9.42841742316728,9.348195798536045,9.41897971204323,10762400
2007-01-18,9.406706809997559,9.461446523795336,9.343473375119585,9.42086373184884,16351200
2007-01-19,9.432191848754883,9.455786484582227,9.38877780523871,9.43785433093708,11123200
2007-01-22,9.220783233642578,9.452011092777395,9.197188598223788,9.452011092777395,19514400
2007-01-23,9.132068634033203,9.277411686395578,9.080160143885502,9.22078398076129,13594400
2007-01-24,9.139616966247559,9.181143751984264,9.116022332542808,9.135842458499747,8871200
2007-01-25,9.045235633850098,9.217948471963204,9.044292367230424,9.14527733945132,10141600
2007-01-26,8.984837532043457,9.12263084654242,8.958411653663223,9.060340658887997,10981600
2007-01-29,9.090536117553711,9.118849952541474,8.998988867150773,8.999932853663895,16308000
2007-01-30,9.225503921508789,9.22927915018461,9.107530725581567,9.107530725581567,19752800
2007-01-31,9.325543403625488,9.367070192072195,9.201907745360593,9.225502380605107,17216800
2007-02-01,9.502026557922363,9.53505888595425,9.290618938467547,9.307607095748338,24736800
2007-02-02,9.45672607421875,9.571867967490078,9.419918514245241,9.532229167526433,10944000
2007-02-05,9.383111953735352,9.468052762741443,9.29156467736495,9.400100115536569,11786400
2007-02-06,9.5482759475708,9.55865764373614,9.383113515914477,9.383113515914477,11491200
2007-02-07,9.711548805236816,9.720986512209366,9.571868293870057,9.613395068610343,20092000
2007-02-08,9.75779914855957,9.787056271406643,9.649263661797715,9.692677712492205,15504000
2007-02-09,9.777616500854492,9.827637011339155,9.727595990369828,9.727595990369828,16579200
2007-02-12,9.850286483764648,9.85500497777821,9.742695027562242,9.778558606279386,20028800
2007-02-13,9.928618431091309,9.963538737135387,9.76156879417958,9.76156879417958,18204000
2007-02-14,9.945610046386719,9.983361605487488,9.905027246362335,9.928621880793928,13357600
2007-02-15,9.95787239074707,9.975803810087521,9.890863764668214,9.932389801080822,11341600
2007-02-16,10.032437324523926,10.146635251421374,9.973922380802914,10.051312741181805,15173600
2007-02-20,10.080572128295898,10.10794199266315,9.970149403816785,10.032439588939045,14660800
2007-02-21,10.108885765075684,10.13342438778927,10.052258783472215,10.07868466021709,11065600
2007-02-22,10.214587211608887,10.22119367899677,10.064524995154212,10.089063611188179,11451200
2007-02-23,10.196656227111816,10.214588377805208,10.115490635622074,10.214588377805208,7232000
2007-02-26,10.176836967468262,10.277821964821111,10.117378033292065,10.277821964821111,13248800
2007-02-27,9.81253433227539,10.177778724958717,9.74458168618056,10.140027894951302,18844000
2007-02-28,9.859723091125488,9.92012528014329,9.748356420114373,9.886148958814415,17872000
2007-03-01,9.937115669250488,10.00129309948034,9.642654391716272,9.730426454823997,16936800
2007-03-02,9.802153587341309,9.993741876382778,9.802153587341309,9.928620464226437,11324800
2007-03-05,9.670026779174805,9.839908468308376,9.670026779174805,9.803100889004641,11975200
2007-03-06,9.91918659210205,9.956938160417206,9.703059601550349,9.71627254245296,12863200
2007-03-07,9.871050834655762,9.957879635894571,9.771953802882093,9.901252657730891,18889600
2007-03-08,9.889487266540527,10.058724279154664,9.880032833931345,9.946214583522584,12782400
2007-03-09,10.007667541503906,10.048322243053066,9.917849367101425,9.9603946662759,10588800
2007-03-12,9.984028816223145,10.031301680619398,9.94621038044081,9.993483244837062,8794400
2007-03-13,9.889487266540527,9.965124170067918,9.729705407862541,9.928251377963232,11155200
2007-03-14,9.910286903381348,9.940541518854879,9.714577201746682,9.890432379601243,13520800
2007-03-15,9.989702224731445,10.04642951873127,9.90366526379248,9.90366526379248,11751200
2007-03-16,10.160831451416016,10.1835222285144,9.989703881755183,10.002940228506475,19292800
2007-03-19,10.241198539733887,10.268616901633697,10.159889113776387,10.192035053058833,11548800
2007-03-20,10.32912540435791,10.337634177447203,10.209997531818932,10.241197809133638,8747200
2007-03-21,10.291309356689453,10.409491597168953,10.226073250447232,10.328182158012885,15316000
2007-03-22,10.267666816711426,10.303594658150319,10.100321180863794,10.285630737430871,25697600
2007-03-23,10.310213088989258,10.33101254557916,9.928248218259004,10.117339695571403,35017600
2007-03-26,10.28563117980957,10.34330413913243,10.156103255845213,10.30926761489839,11599200
2007-03-27,10.075742721557617,10.259161746937913,10.055888196335058,10.258216087262463,17855200
2007-03-28,9.939596176147461,10.06061536322691,9.916905394150607,10.059669703590012,18037600
2007-03-29,9.924469947814941,9.998215535644253,9.880033318910868,9.936760638677491,13173600
2007-03-30,10.046432495117188,10.08708720010477,9.904613857438678,9.946213500655421,12464800
2007-04-02,10.062504768371582,10.133414084867297,10.013341292985043,10.097486957520474,9031200
2007-04-03,10.05966854095459,10.17312315915342,10.031304525741447,10.069122972250014,10764800
2007-04-04,10.133417129516602,10.210944643325806,10.059671533616026,10.106944425483276,11908400
2007-04-05,10.1126127243042,10.178795178113774,10.067231170980795,10.133412903463585,9134000
2007-04-09,10.19202995300293,10.22795707062124,10.099374820487627,10.099374820487627,11630800
2007-04-10,10.212835311889648,10.222290467389827,10.086144307050679,10.159889903458687,13752000
2007-04-11,10.209052085876465,10.364107083739192,10.175015552557628,10.27145191607637,10686400
2007-04-12,10.254434585571289,10.27145285378435,10.097488975452626,10.178798398989805,8052400
2007-04-13,10.144760131835938,10.418942253242134,10.097487252789781,10.418942253242134,8572800
2007-04-16,10.28090763092041,10.305489735012193,10.146652800151584,10.21094395762676,9806400
2007-04-17,10.23930835723877,10.286581247676017,10.131526224748008,10.284689928115371,8610000
2007-04-18,10.190141677856445,10.229850723082517,10.142868798874868,10.226069527531653,8291600
2007-04-19,10.1126127243042,10.305486129245624,10.086140031311082,10.305486129245624,9158800
2007-04-20,10.122071266174316,10.15988972352398,10.036980638796422,10.112616832168671,14458000
2007-04-23,10.127742767333984,10.25632506748238,10.105051264018183,10.105051264018183,9939200
2007-04-24,10.11828899383545,10.18825338994576,9.98403416020818,10.18258015267946,9717200
2007-04-25,10.13908863067627,10.210943621092559,10.097488980500113,10.182579600280942,9505200
2007-04-26,10.180685043334961,10.216612163909037,10.084248708464159,10.13530277194905,12355200
2007-04-27,10.23363208770752,10.2695599354439,10.116395556131346,10.1447595705204,7848000
2007-04-30,10.184470176696777,10.400034410892044,10.176906342188568,10.258215759834426,10242400
2007-05-01,10.019960403442383,10.184469831115507,9.897050621498925,10.184469831115507,12098800
2007-05-02,10.1126127243042,10.184467691947503,10.035085242827165,10.053994103157454,9485200
2007-05-03,10.07479476928711,10.192032017247323,10.038867644392294,10.125849560238786,5989200
2007-05-04,10.076690673828125,10.178800302198717,10.059672402433026,10.099381461912541,7687200
2007-05-07,10.186361312866211,10.23363419904979,10.074797272619882,10.074797272619882,10214800
2007-05-08,10.163667678833008,10.301704381214222,10.157995164906605,10.20148612143821,10196400
2007-05-09,10.195813179016113,10.252541205216586,10.150431623647917,10.173122401332014,12282000
2007-05-10,10.080466270446777,10.214721037633117,10.076684354583215,10.214721037633117,10914400
2007-05-11,10.02752685546875,10.082363590062382,9.955672570132792,10.082363590062382,13996800
2007-05-14,9.997267723083496,10.122068088225813,9.976467542005302,10.074795211712408,14686400
2007-05-15,9.942434310913086,10.069125306561482,9.927306640271883,10.021852417798282,13916000
2007-05-16,10.019960403442383,10.086142149826129,9.959450450756897,9.963232367882673,10677200
2007-05-17,10.01239013671875,10.076681243899177,9.959444052300091,9.984026137161381,8446400
2007-05-18,10.069121360778809,10.069121360778809,9.942430414776744,10.00672082582728,9664800
2007-05-21,10.339524269104004,10.388687746434204,10.116396220003384,10.135305083285717,16391600
2007-05-22,10.424619674682617,10.470001252844433,10.305491769685288,10.341418912507322,15042000
2007-05-23,10.365996360778809,10.475669781125902,10.33195983179708,10.475669781125902,8990800
2007-05-24,10.299817085266113,10.473780967156296,10.271453063888483,10.405707892911606,11262400
2007-05-25,10.263888359069824,10.30548872787855,10.233633742116288,10.290361058738299,9115200
2007-05-29,10.347086906433105,10.447305168628857,10.286577685334523,10.324395407526026,12687600
2007-05-30,10.538071632385254,10.539962951763314,10.256325636521671,10.34330757341063,14638800
2007-05-31,10.730945587158203,10.800909259499386,10.545635952564758,10.583454407269489,21175600
2007-06-01,10.719598770141602,10.795235672042073,10.679889721240984,10.730944521824759,16765200
2007-06-04,10.821706771850586,10.887889231563408,10.664761197395201,10.887889231563408,9418400
2007-06-05,10.757420539855957,10.872766526242355,10.729057233888154,10.823603029768522,12096000
2007-06-06,10.534287452697754,10.759306802782064,10.534287452697754,10.759306802782064,16855200
2007-06-07,10.263934135437012,10.55231093810519,10.263934135437012,10.55231093810519,26093600
2007-06-08,10.047652244567871,10.119746629971772,9.840855744019214,10.10267166300059,35568400
2007-06-11,10.131125450134277,10.25064943937095,10.112152871400767,10.169069160141545,20000000
2007-06-12,10.091287612915039,10.207017858488317,10.047651749191212,10.13112968303695,23488000
2007-06-13,10.1463041305542,10.248753898067585,10.066621460530436,10.157687679299011,12826000
2007-06-14,10.18425464630127,10.233581939502677,10.104571205000036,10.197535099229741,16084000
2007-06-15,10.13492488861084,10.224094249012477,10.129233473684872,10.22219735194725,12562400
2007-06-18,10.174764633178711,10.239269974572101,10.136820186994932,10.218400492984516,7524000
2007-06-19,10.339822769165039,10.366383665986254,10.102670870789694,10.150101250464763,12092000
2007-06-20,10.174764633178711,10.432785998752271,10.169072495826569,10.377766587972296,10204800
2007-06-21,10.165283203125,10.273424452202462,10.081805239815775,10.184255072751405,11491200
2007-06-22,10.045750617980957,10.189938597172647,10.034367070782979,10.165275330505173,15773200
2007-06-25,10.208916664123535,10.430890525842642,10.093186405115688,10.16907458937655,19765600
2007-06-26,10.210808753967285,10.434680131040736,10.170967421707585,10.294285934472839,21800400
2007-06-27,11.058866500854492,11.136652287553519,10.527646441173578,10.766695214724457,56502800
2007-06-28,11.058866500854492,11.242895865251645,10.960211233184737,11.034202503004531,20503200
2007-06-29,11.058866500854492,11.178390525764886,10.908986340910243,11.060763397429062,11669600
2007-07-02,11.079741477966309,11.26946307365936,11.077843856720325,11.136657811928133,14157600
2007-07-03,11.189776420593262,11.223926355930464,11.060765714592778,11.0854297176097,9467200
2007-07-05,11.25997543334961,11.269462091291665,11.022823459406018,11.189778651706815,12194400
2007-07-06,11.320683479309082,11.377600517954887,11.19546729700269,11.259972646901753,8476000
2007-07-09,11.208749771118164,11.313096481196922,11.123374926969982,11.313096481196922,10976400
2007-07-10,11.089223861694336,11.246692359350636,11.066457480146603,11.146140177428778,11587600
2007-07-11,11.089223861694336,11.146140177428778,10.952624124947496,11.022820890228969,15405200
2007-07-12,11.280841827392578,11.294122276390835,11.07973747185886,11.083531265518197,12102000
2007-07-13,11.195467948913574,11.242898334726805,11.142346148396436,11.222029572902395,8435200
2007-07-16,11.151830673217773,11.201158673526244,11.060764430798473,11.062662051280425,8343600
2007-07-17,11.278943061828613,11.305503955424427,11.039893572006148,11.041791192251603,12642400
2007-07-18,11.32258129119873,11.33586174077905,11.140448790899876,11.153729240480196,14374000
2007-07-19,11.351040840148926,11.44969541062436,11.297918313281052,11.354834634318506,16358800
2007-07-20,11.102506637573242,11.364322613286806,11.083534045866248,11.261872789260146,19228400
2007-07-23,11.269455909729004,11.347241685565953,11.174595172184922,11.204950579249829,14269600
2007-07-24,11.070246696472168,11.269454804766513,11.036096776406275,11.222024440644986,19211200
2007-07-25,10.971596717834473,11.110093351554442,10.838791498571554,11.072148899803576,18154400
2007-07-26,10.795154571533203,10.865351329949485,10.57318002102853,10.757210123511106,34760800
2007-07-27,10.518158912658691,10.821713724189685,10.518158912658691,10.709778018613699,21394800
2007-07-30,10.783775329589844,10.80085030183705,10.548520236820613,10.687017636009303,18933200
2007-07-31,10.7097806930542,10.935549057001786,10.63578941090878,10.63578941090878,19502400
2007-08-01,10.795154571533203,10.857762295599036,10.620610400123615,10.853967778423812,24376800
2007-08-02,10.804640769958496,10.861557081534915,10.679424594998304,10.861557081534915,13747200
2007-08-03,10.719265937805176,10.901398424292113,10.645274660402993,10.649069177671077,17859200
2007-08-06,10.90329647064209,10.926062851409604,10.595947073494779,10.595947073494779,14806000
2007-08-07,11.015233039855957,11.123374261396194,10.779978008249849,10.817922461570866,15945200
2007-08-08,10.740132331848145,11.07214489814544,10.597841232006447,10.956414687810732,18205600
2007-08-09,10.225987434387207,10.624402228462566,9.903460793420027,10.578868757613684,34845200
2007-08-10,10.582670211791992,10.643381063572356,9.865522822804914,10.055244415551163,22112800
2007-08-13,10.652865409851074,10.948830567104654,10.603537401155288,10.64337875328861,14322400
2007-08-14,10.370179176330566,10.774286252506789,10.358795623575523,10.652864584707228,12666800
2007-08-15,10.163381576538086,10.476422368117513,10.136820680036589,10.305672713850525,13448800
2007-08-16,10.091287612915039,10.205120961687358,9.941408158813262,10.059035301187498,17456000
2007-08-17,10.334135055541992,10.525753539600842,9.99453324177202,10.317060083795726,12576800
2007-08-20,10.317052841186523,10.428988527670473,10.24495848623163,10.339819212955998,13122000
2007-08-21,10.267727851867676,10.40622446642054,10.189942062222093,10.339822227843866,10607200
2007-08-22,10.281009674072266,10.434684377262096,10.212710529718116,10.311365090584184,14485200
2007-08-23,10.250655174255371,10.419507238936143,10.191841956602232,10.332235499126124,9080800
2007-08-24,10.267727851867676,10.32274726310556,10.205120130313972,10.250652887129371,7920800
2007-08-27,10.222193717956543,10.336026318390058,10.218399201444756,10.26772646863794,7053200
2007-08-28,10.155799865722656,10.318960603295992,10.117856114061512,10.222202878591,18553600
2007-08-29,10.521954536437988,10.521954536437988,10.224091830273846,10.227886347236906,11531600
2007-08-30,10.578873634338379,10.624407126177616,10.398638735289248,10.415713704262675,9425200
2007-08-31,10.688908576965332,10.774283390625206,10.548514358532424,10.675628130810466,12354800
2007-09-04,10.70409107208252,10.85966343171043,10.58646389649106,10.631997393604415,13048000
2007-09-05,10.523850440979004,10.662347030764746,10.446064665243725,10.660449410727548,9819600
2007-09-06,10.6218843460083,10.760844396479472,10.519091741171481,10.519091741171481,9376800
2007-09-07,10.412494659423828,10.498155179999511,10.31350924966437,10.48673353520542,10242800
2007-09-10,10.498156547546387,10.585720323918286,10.30780013309334,10.479120470409825,8439600
2007-09-11,10.570490837097168,10.60285180323953,10.452470070438311,10.526708951500368,6804800
2007-09-12,10.675188064575195,10.776076731805166,10.498156541149564,10.562877751070248,9981200
2007-09-13,10.827472686767578,10.903614814251057,10.608562527179435,10.743715402538065,8672000
2007-09-14,10.894095420837402,10.932166841650444,10.722775116406645,10.768460240460731,9575600
2007-09-17,10.718971252441406,10.850316932845274,10.677092603840675,10.850316932845274,18174800
2007-09-18,11.19105052947998,11.257674964726341,10.732291732942784,10.797012924104342,18737200
2007-09-19,11.147273063659668,11.522274745771384,11.071130199412973,11.291943634345783,25739200
2007-09-20,11.101588249206543,11.231030694969556,11.008313994147812,11.173923904462871,16824000
2007-09-21,10.899807929992676,11.609837992175107,10.878869334451439,11.463263466473903,41142000
2007-09-24,11.004505157470703,11.061611939568019,10.787498223657492,10.993083510590388,24655200
2007-09-25,11.126330375671387,11.20818367583522,10.835084625214412,10.85031348392022,22343200
2007-09-26,11.114910125732422,11.192956221008757,11.059706595227881,11.162499225929018,10460400
2007-09-27,11.073030471801758,11.107294678899654,10.907420621596572,11.10348819024609,14309600
2007-09-28,11.166302680969238,11.21008455126886,11.042570771662458,11.055896383290149,12752800
2007-10-01,11.305265426635742,11.35285452220242,11.158690925152136,11.191051887736503,16150800
2007-10-02,11.26148509979248,11.396637975574729,11.213895997659119,11.286231636224407,9663200
2007-10-03,11.272903442382812,11.421381165161314,11.191050152607009,11.194857366800285,12736400
2007-10-04,11.299558639526367,11.322401209498915,11.154887335345082,11.299558639526367,10562000
2007-10-05,11.488006591796875,11.516560337640222,11.229122539629106,11.295746978394355,16045600
2007-10-08,11.42329216003418,11.510856693589503,11.358570927137993,11.451845922781924,7972400
2007-10-09,11.758315086364746,11.838264426976004,11.413769735932686,11.421384166320058,23422000
2007-10-10,11.775444984436035,11.872526412145625,11.665037942970315,11.699302147138855,17946000
2007-10-11,11.613641738891602,11.821130209892345,11.58508871926789,11.802094863476539,23566000
2007-10-12,12.02100658416748,12.076209386609841,11.604125616132999,11.604125616132999,21796000
2007-10-15,12.167579650878906,12.323671826822013,11.96009189054768,11.992452127099606,19207600
2007-10-16,12.165679931640625,12.190426471919725,11.935348815783666,12.156162254964718,17908000
2007-10-17,12.022912979125977,12.291315536234459,11.80209953303781,12.277990643240948,13084000
2007-10-18,12.04194450378418,12.10666570323682,11.889659542175611,11.91250283103088,8748400
2007-10-19,12.055273056030273,12.177101055001234,11.876337547158542,11.981033438389701,18352000
2007-10-22,12.024815559387207,12.081923070376726,11.798291664866435,11.899180342284163,17367200
2007-10-23,12.205652236938477,12.255143852628137,11.889659932761113,12.16377359881338,15898000
2007-10-24,12.080018997192383,12.163776291987224,11.876337673099373,12.144740213101052,19608800
2007-10-25,12.152351379394531,12.220879066515312,12.02671619711182,12.074305292312118,19069600
2007-10-26,12.29892635345459,12.371261258115677,12.066691327563746,12.083823431541791,14576800
2007-10-29,12.415043830871582,12.462632927768635,12.266566080921418,12.270372569659429,9694400
2007-10-30,12.359843254089355,12.458827960245918,12.182811713288459,12.228496850568078,8095200
2007-10-31,12.613017082214355,12.672027109016781,12.42837111825343,12.48167068469488,11764400
2007-11-01,12.148540496826172,12.576842224318591,12.118083514139446,12.552096425114952,12705600
2007-11-02,12.158061027526855,12.439788365183633,11.92963324057079,12.437884394857512,9771200
2007-11-05,12.064790725708008,12.169486616881995,11.80209864922523,11.80209864922523,10694400
2007-11-06,12.180904388427734,12.234203213299883,11.946765415224753,12.074304560227676,9244000
2007-11-07,11.950577735900879,12.180909592994896,11.866821159054474,11.992456387400196,11726400
2007-11-08,12.049561500549316,12.112379469056641,11.594609763125227,11.96009447500391,15632800
2007-11-09,11.842072486877441,11.961997232500737,11.693594714492857,11.866819024325572,12809200
2007-11-12,11.916309356689453,12.25895142906264,11.638389210121849,11.746892290989365,16968000
2007-11-13,12.180904388427734,12.205650919754019,11.859201659641805,11.9924512633539,12602400
2007-11-14,12.034330368041992,12.335093791798407,12.019101509352172,12.230397203685763,11415600
2007-11-15,12.001973152160645,12.179004695844787,11.8573025802161,11.992455475585059,8388800
2007-11-16,11.923917770385742,12.165670343410651,11.72785102601149,12.10665963268514,14151200
2007-11-19,11.80209732055664,12.040042831051734,11.731665652772673,11.872528988340608,12268400
2007-11-20,11.855401992797852,11.977230030500861,11.706924162616358,11.830656171869192,11240400
2007-11-21,11.969615936279297,12.167586128078359,11.670756314016176,11.670756314016176,9668400
2007-11-23,12.135220527648926,12.182809627757353,11.971513907091609,12.017199762702598,3479200
2007-11-26,11.836360931396484,12.159966954475353,11.82493928605769,12.159966954475353,7994000
2007-11-27,12.068596839904785,12.165678290748284,11.874433212065702,11.874433212065702,10461200
2007-11-28,12.413139343261719,12.491186156027632,12.068594760816882,12.182808298151267,14082400
2007-11-29,12.317962646484375,12.397911987078658,12.150449534910056,12.397911987078658,6916000
2007-11-30,12.496892929077148,12.599685518050489,12.371257058453011,12.371257058453011,10806400
2007-12-03,12.753876686096191,12.930908166846098,12.344610203469651,12.363645549853803,13298800
2007-12-04,12.525449752807617,12.822405225884097,12.47405271951124,12.822405225884097,14831600
2007-12-05,12.552099227905273,12.706287419494503,12.435981728561543,12.647277410822836,10892800
2007-12-06,12.494792938232422,12.538727334064651,12.399281607864843,12.487151856916546,10533200
2007-12-07,12.492886543273926,12.630423138861062,12.437489777974232,12.492886543273926,7061600
2007-12-10,12.580751419067383,12.622776633824554,12.489059908925638,12.492881177932896,7772400
2007-12-11,12.263653755187988,12.7240190490473,12.254103496958194,12.624686453224584,11172800
2007-12-12,12.311408996582031,12.576930358898062,12.114655903667417,12.391639615808442,13623600
2007-12-13,12.408833503723145,12.468050070000313,12.221631358945986,12.22736253503589,15991600
2007-12-14,12.286577224731445,12.437485298461059,12.208257964606164,12.437485298461059,9867200
2007-12-17,12.043981552124023,12.370630935484767,12.003866958468883,12.233094353017085,9237200
2007-12-18,12.177694320678711,12.183424767177076,11.88925043072782,12.13948964373786,13237600
2007-12-19,12.187250137329102,12.349619896498536,12.097469948937471,12.256019166029448,12203600
2007-12-20,12.609411239624023,12.87493272666672,12.571205817905904,12.571205817905904,25314000
2007-12-21,12.659076690673828,12.733576902142943,12.573117038237916,12.733576902142943,11972000
2007-12-24,12.775595664978027,12.804249357000431,12.624687580554863,12.624687580554863,5818000
2007-12-26,12.62277603149414,12.7946966939393,12.527264714289833,12.754580658212895,7418800
2007-12-27,12.416472434997559,12.651430939248641,12.389729380190076,12.571200317439013,8405600
2007-12-28,12.284668922424316,12.584574492186624,12.236913249166703,12.575024231967596,17604400
2007-12-31,12.271294593811035,12.37635763397377,12.227360200570006,12.227360200570006,7368400
2008-01-02,12.08791732788086,12.359169236905373,11.977124530673077,12.28658112892897,9781600
2008-01-03,11.97903060913086,12.177694346692784,11.91599351143336,12.087913464994037,10636000
2008-01-04,11.793741226196289,12.01150697666637,11.786100143693615,11.889252571398517,22335200
2008-01-07,11.864420890808105,11.904535485887543,11.709692230038208,11.843408275663496,20808400
2008-01-08,11.810935974121094,12.030611680653747,11.755539206463073,11.919818874031604,16714400
2008-01-09,11.837677001953125,11.849137897637299,11.677217904130728,11.849137897637299,23320400
2008-01-10,11.94655990600586,12.068814318163119,11.70969143593084,11.82812530662146,22925600
2008-01-11,11.595076560974121,11.851046975565286,11.501475129253922,11.851046975565286,22223200
2008-01-14,11.600805282592773,11.744072268061684,11.432705148941716,11.665753011819755,14272400
2008-01-15,10.89975357055664,11.44034733573483,10.88829194828137,11.436526794976405,28277600
2008-01-16,11.016277313232422,11.128980720586744,10.718282406711193,10.876830847979393,23447600
2008-01-17,10.693449974060059,11.148084174992798,10.689629432861363,11.02582977140941,17617600
2008-01-18,10.792780876159668,11.436527071287534,10.697269540972414,10.783229888379674,17035600
2008-01-22,10.943692207336426,11.079318168652364,9.837670442855117,9.925540722409623,22090800
2008-01-23,10.987626075744629,11.094599052842279,10.317135973327396,10.601760124317215,31090000
2008-01-24,10.966611862182617,11.199659761405757,10.745025585914178,11.006726449483546,21211200
2008-01-25,10.697271347045898,11.113700897065687,10.618952068117062,11.113700897065687,18719200
2008-01-28,10.943692207336426,11.027741944906753,10.634234864862753,10.703003163190235,10897600
2008-01-29,10.95515251159668,10.99717774245397,10.750758263017044,10.99717774245397,14388800
2008-01-30,11.346750259399414,11.449901978027723,11.094600318407771,11.128983738821292,22191200
2008-01-31,11.715424537658691,11.877793568856868,11.304725371177806,11.342930063428522,29711600
2008-02-01,11.940824508666992,11.940824508666992,11.556869335661087,11.774635021428034,16319600
2008-02-04,11.602715492248535,11.963748165818389,11.50720417210017,11.94464546457259,12340000
2008-02-05,11.423161506652832,11.623735269526254,11.367764728435267,11.421251599577142,14421600
2008-02-06,11.467092514038086,11.726883504129328,11.430798463158252,11.522489272244496,15425200
2008-02-07,11.606537818908691,11.661934571485517,11.375400548949294,11.381131724911736,15486400
2008-02-08,11.58361530303955,11.730702855408843,11.4250668561309,11.566423232536811,11468000
2008-02-11,11.587434768676758,11.707779251026661,11.461359839589024,11.602716931569155,10993600
2008-02-12,11.723060607910156,11.83767464276633,11.568332717460084,11.616088383143415,12473600
2008-02-13,11.948466300964355,11.984761069884167,11.617997212503564,11.818570844047638,13797600
2008-02-14,11.900712966918945,12.034428990327998,11.856777837413373,12.013416378674528,12611600
2008-02-15,11.898801803588867,12.01914555611813,11.782277863053297,11.873968653468099,10672400
2008-02-19,11.675311088562012,12.032524180583533,11.633286576149018,12.013421467037615,9342800
2008-02-20,11.69058609008789,11.75362318439657,11.549229011312093,11.602715847745577,9100800
2008-02-21,11.522488594055176,11.681037776411904,11.396413647895374,11.396413647895374,13146400
2008-02-22,11.574061393737793,11.610355431775714,11.396410286274648,11.54731834163685,13349200
2008-02-25,11.765090942382812,11.791834010202447,11.516761518593992,11.595080815220326,9977600
2008-02-26,11.95993423461914,12.034432988911849,11.730706793853459,11.730706793853459,10002800
2008-02-27,11.915999412536621,12.019151144278922,11.85296155492758,11.864423182318488,9118800
2008-02-28,11.851044654846191,11.921722826981975,11.745982349521427,11.839583034218686,8518000
2008-02-29,11.499567031860352,11.78801099691687,11.453721261855195,11.711602351833335,11806800
2008-03-03,11.478548049926758,11.558777192061523,11.339101639530579,11.50720173137111,10357200
2008-03-04,11.543502807617188,11.633283717485979,11.3658516231117,11.3906847802721,16664000
2008-03-05,11.616090774536133,11.826215455323494,11.484284643751419,11.616090774536133,11769200
2008-03-06,11.42434024810791,11.62759255424038,11.395577770486051,11.62375750846012,18622000
2008-03-07,11.167401313781738,11.451188201763184,11.061939352487613,11.311212281226009,17196800
2008-03-10,10.923880577087402,11.309293621744237,10.885530842088924,11.15589541321068,16182400
2008-03-11,11.106038093566895,11.159728003330459,10.872106151344932,11.148222865925367,14697200
2008-03-12,11.458852767944336,11.556644594492903,11.121376827436968,11.121376827436968,18241200
2008-03-13,11.70237922668457,11.76757357048757,11.121383069369362,11.284368563146606,19245600
2008-03-14,11.497203826904297,11.811670263640277,11.372568131664403,11.811670263640277,18881600
2008-03-17,11.362982749938965,11.535556190761435,11.073443678626102,11.201914448991444,18276800
2008-03-18,11.825096130371094,11.838519160274341,11.42242571416506,11.556649430053874,13800800
2008-03-19,11.855778694152832,12.064783303190023,11.853860804615303,12.039856590886464,20753600
2008-03-20,12.898880958557129,12.914221142097146,11.85577334748309,12.408006788639934,43300400
2008-03-24,13.245944023132324,13.537400159723735,12.747399823138466,12.845190189533866,29827600
2008-03-25,13.109806060791016,13.288131688223295,13.040776691273967,13.276625818023415,20459600
2008-03-26,12.707132339477539,13.115556291502344,12.668783345701469,13.067619317822087,20653600
2008-03-27,12.65152645111084,12.9065500334999,12.65152645111084,12.760822690111953,15341200
2008-03-28,12.628515243530273,12.73781147444716,12.482786448001026,12.718636979411253,21333200
2008-03-31,13.038859367370605,13.088714239275385,12.607426520656137,12.607426520656137,23122800
2008-04-01,13.339906692504883,13.405101765360444,12.896969334064053,13.153910920871176,18046800
2008-04-02,13.03310489654541,13.422352896475955,12.952571130267444,13.207594723481007,15547600
2008-04-03,13.211433410644531,13.295801509790923,12.896966904839013,12.929563703666497,12903600
2008-04-04,13.136649131774902,13.278542169163416,13.029269312227571,13.259367671611518,12564800
2008-04-07,12.814509391784668,13.221013904659198,12.812591503633366,13.205675188208856,13005600
2008-04-08,12.756988525390625,12.931479829893778,12.701381454601284,12.701381454601284,13129200
2008-04-09,12.739728927612305,12.89887854760164,12.6457714181818,12.78958232041853,12546400
2008-04-10,12.91805648803711,13.042691452106345,12.636186842314261,12.716720608829254,17466000
2008-04-11,12.787668228149414,13.038857515084898,12.770410156013773,12.789584653893051,13063600
2008-04-14,12.666869163513184,12.801093606844717,12.626602269389956,12.714806151219996,8822000
2008-04-15,12.620850563049316,12.772331625731953,12.500049875911893,12.772331625731953,9449600
2008-04-16,12.668790817260742,12.760830504693207,12.553742305161062,12.684131008986352,11082000
2008-04-17,12.952576637268066,12.983255553356495,12.655366683028547,12.655366683028547,13870400
2008-04-18,13.017765998840332,13.067620866995817,12.893129559911877,13.067620866995817,16032800
2008-04-21,13.157744407653809,13.203763504469128,12.868204603394307,12.937233980077643,14613600
2008-04-22,13.044608116149902,13.188419026963702,12.906549407701416,13.125141875104774,11544400
2008-04-23,12.958328247070312,13.221022031391007,12.91997777507103,13.119395840704525,14086000
2008-04-24,13.050362586975098,13.153906636309852,12.927644038782903,13.002425608371256,14331600
2008-04-25,13.180753707885742,13.201846099474619,12.985171442058897,13.138568924707993,12367200
2008-04-28,13.00434684753418,13.236361708201926,12.96216206142716,13.236361708201926,11620800
2008-04-29,13.082964897155762,13.136654095756912,12.942988232584815,13.00434752568912,10004400
2008-04-30,12.808765411376953,13.173085396276655,12.772332827718598,13.082965076203346,16749600
2008-05-01,13.002422332763672,13.136646716792528,12.751233096294417,12.808758041295372,12510400
2008-05-02,12.97366714477539,13.15199133587238,12.849030683292733,13.15199133587238,11914000
2008-05-05,12.843280792236328,13.132819198836314,12.760829099442434,12.87012539333936,8763600
2008-05-06,12.958328247070312,13.004347350548526,12.691798684089228,12.839443978253923,7838800
2008-05-07,12.799173355102539,13.165412575779971,12.762740783035854,12.989003381762725,10034800
2008-05-08,12.42526912689209,12.849031967965182,12.337063772713144,12.82218736901365,18050800
2008-05-09,12.438692092895508,12.521143783499367,12.30830340689222,12.521143783499367,9467200
2008-05-12,12.528813362121582,12.641945440531883,12.43485725365687,12.496216553887862,33614800
2008-05-13,12.590168952941895,12.67070272711223,12.398421035629374,12.586333175360156,15700800
2008-05-14,12.931480407714844,13.113640349572144,12.590169338513258,12.65536293019421,15339200
2008-05-15,13.042695999145508,13.123231256657657,12.904638692526568,13.017769290225605,11500400
2008-05-16,12.94873332977295,13.090626342889527,12.810674630342703,13.090626342889527,8302800
2008-05-19,12.996674537658691,13.163495764389806,12.883543960496198,12.94873755487717,9700800
2008-05-20,12.854783058166504,13.069541294074105,12.791505882016835,12.885461970198563,14901200
2008-05-21,12.488542556762695,12.914223209149966,12.43677125767914,12.868204114084511,11214400
2008-05-22,12.465534210205078,12.557572403802613,12.384998962156349,12.480872933857528,10782800
2008-05-23,12.419511795043945,12.519221529952404,12.287206728648423,12.442522071466012,8026800
2008-05-27,12.659196853637695,12.785751181229317,12.294876981185356,12.448274437238839,10364000
2008-05-28,12.919974327087402,13.052280860064355,12.768493294688412,12.768493294688412,12643200
2008-05-29,13.113638877868652,13.205678514353057,12.833687116987496,12.921890976203171,11737200
2008-05-30,13.109806060791016,13.207596448506367,12.877791248827823,13.176917541454657,10415600
2008-06-02,12.873957633972168,13.09063229735101,12.659199396848134,13.09063229735101,11579600
2008-06-03,12.84135627746582,12.985167193287067,12.712885543766374,12.944900312407553,11148400
2008-06-04,13.02735710144043,13.115560989053314,12.79534224127854,12.84136134287638,14140000
2008-06-05,13.481412887573242,13.521816546430363,13.035046769103293,13.09276712055033,19548400
2008-06-06,13.069683074951172,13.387142178727741,13.069683074951172,13.34481410250553,12819600
2008-06-09,13.194738388061523,13.254381674404076,12.933075340787195,13.05813512289308,13671200
2008-06-10,13.175505638122559,13.275552635299473,13.083153321744408,13.088925066288617,15384800
2008-06-11,12.975407600402832,13.185122105964503,12.956166498554257,13.185122105964503,18232800
2008-06-12,12.848421096801758,13.198587657188126,12.786853398312607,13.017733368564212,12115600
2008-06-13,13.273622512817383,13.4140745970769,12.908063680969121,12.908063680969121,13591600
2008-06-16,13.156261444091797,13.248613738790732,13.060061809896622,13.244764931404566,12796000
2008-06-17,13.083149909973145,13.314028438875539,13.038897433523744,13.314028438875539,13029600
2008-06-18,13.060065269470215,13.265932482465923,12.97733350343136,13.025433333270454,12700000
2008-06-19,13.052364349365234,13.175501219200738,12.894597023879161,13.092769483403787,11810000
2008-06-20,12.838805198669434,12.986952005302731,12.671417288827323,12.935004843153157,16980000
2008-06-23,12.871511459350586,13.040822288546678,12.80224760470447,12.896522836015595,12956400
2008-06-24,12.692580223083496,12.96578683733946,12.681036736475203,12.906143532676667,14776800
2008-06-25,12.692580223083496,12.988875278446002,12.663720038672807,12.746451784442142,19211600
2008-06-26,11.447754859924316,11.92875296328248,11.08796848411697,11.707493542159781,74110000
2008-06-27,11.609375,11.89605030978136,11.359256030749343,11.490087627085716,30551600
2008-06-30,11.468916893005371,11.649771884095447,11.445829193576682,11.632455926037746,19787200
2008-07-01,11.349630355834961,11.474689408965032,11.087967298164044,11.466993263987703,29830400
2008-07-02,11.176481246948242,11.528571769551899,11.155317195381402,11.415056827412432,19503200
2008-07-03,11.25920581817627,11.436212801352504,11.045642502515163,11.214954072382211,9906400
2008-07-07,10.862862586975098,11.393884982153894,10.682007537746214,11.26690149355809,33076400
2008-07-08,11.220724105834961,11.228420251916267,10.705094061505593,10.849393497778104,19264000
2008-07-09,10.957138061523438,11.178396771322317,10.884026136833622,11.178396771322317,25130400
2008-07-10,10.710868835449219,10.957140442135813,10.585809728986153,10.9379000714872,21954000
2008-07-11,10.824386596679688,10.941750312066231,10.512699869909607,10.608899540364776,25430400
2008-07-14,10.73780632019043,11.02640530037239,10.697401905166632,10.974457395866219,16366000
2008-07-15,11.089896202087402,11.189943932182846,10.714717397715772,10.905193039116643,22334400
2008-07-16,11.18994426727295,11.228424277530447,10.851321791686289,11.080276715103425,24480400
2008-07-17,11.2669038772583,11.307307556281177,10.953292795912613,11.259207728698193,25974400
2008-07-18,11.197637557983398,11.309228751907495,10.835926728199677,11.299608935284809,16460000
2008-07-21,11.064885139465332,11.136073419967923,10.866714064533442,11.016785306990974,11886400
2008-07-22,11.288063049316406,11.288063049316406,10.897492827296738,11.009084738699418,15262400
2008-07-23,11.390037536621094,11.626688563235083,11.255357893668538,11.268825784569293,15138400
2008-07-24,11.18416976928711,11.532411978221306,11.143765364793692,11.416972709812892,13551200
2008-07-25,11.191864967346191,11.345784967527974,11.078350104826807,11.25150900411388,12376400
2008-07-28,11.012933731079102,11.332316466527697,11.011009327510875,11.18416895140556,10239200
2008-07-29,11.363101959228516,11.397733889009162,10.985998805388709,10.985998805388709,9439200
2008-07-30,11.482389450073242,11.622840840815037,11.291913833949693,11.409277515870311,10321600
2008-07-31,11.289987564086914,11.588206241996742,11.141840059872838,11.495854694034367,10873600
2008-08-01,11.42851734161377,11.503552942174723,11.111058241145889,11.239965404377273,12630400
2008-08-04,11.501626968383789,11.57858696221766,11.311152121259548,11.468919448068577,9850000
2008-08-05,11.847943305969238,11.847943305969238,11.453524351567033,11.565116241910706,18087600
2008-08-06,11.965310096740723,12.034573949980661,11.620915968156512,11.830631197601901,18742000
2008-08-07,11.707494735717773,11.851794181436292,11.551651804066532,11.851794181436292,17508400
2008-08-08,12.111532211303711,12.17694798175658,11.640153930153167,11.747897767941673,11874800
2008-08-11,12.173103332519531,12.467474749319928,11.992248261671325,12.125003509363035,13809200
2008-08-12,11.94799518585205,12.198114841015459,11.851795544310747,12.065358865963645,12808000
2008-08-13,11.922982215881348,12.053813769628293,11.724810481677782,12.011485698138127,8266400
2008-08-14,11.928756713867188,12.092295826850233,11.801773204012855,11.86911266607762,10138000
2008-08-15,11.984551429748535,12.099990705156902,11.909515827338597,11.932603535631268,11118800
2008-08-18,11.861408233642578,12.073047011177032,11.80368789981997,12.02494722228788,6478400
2008-08-19,11.742127418518066,11.836403385402022,11.692103930379321,11.776759346439112,7378800
2008-08-20,11.670939445495605,11.813315225262766,11.565119995991003,11.753671188586193,12656000
2008-08-21,11.657474517822266,11.684410304473978,11.401583076740717,11.563198530596132,10855200
2008-08-22,11.75751781463623,11.928753022855723,11.719037819386433,11.732505707632132,9777200
2008-08-25,11.488157272338867,11.786375917128419,11.432361322283882,11.670936678482391,10201600
2008-08-26,11.336164474487305,11.51894392517042,11.303456951347199,11.50355236544124,11962400
2008-08-27,11.480463027954102,11.505475136247885,11.293836252378679,11.370795512901616,9242800
2008-08-28,11.778680801391602,11.840248494738894,11.505473519961287,11.528561221480322,9265200
2008-08-29,11.661316871643066,11.801768214531164,11.644000912440712,11.770984368609728,6644400
2008-09-02,11.770988464355469,12.07113161698363,11.694028455801059,11.844100399087656,13534400
2008-09-03,11.911436080932617,11.946068000411442,11.545877257076036,11.684404934991338,12368400
2008-09-04,11.53679370880127,11.921095586776266,11.519413173732731,11.774327196950054,11733600
2008-09-05,11.359124183654785,11.527135505623487,11.291533633633394,11.473063065606375,13754400
2008-09-08,11.650728225708008,11.668108017556994,11.37457134832322,11.586999375535404,12672400
2008-09-09,11.641074180603027,11.886332472534253,11.488512550884105,11.650730604733035,14018800
2008-09-10,11.561893463134766,11.743423583003159,11.418987556729377,11.565755884481066,14780400
2008-09-11,11.774322509765625,11.783978195030613,11.378432783766995,11.442161632542739,13285600
2008-09-12,11.957784652709961,11.988684029191345,11.587000975113536,11.702870690191999,13172400
2008-09-15,11.68355941772461,12.104553849066411,11.397746812932487,11.67004130873781,14310400
2008-09-16,11.816808700561523,11.961646202184749,11.403539147132314,11.415126412467558,14528800
2008-09-17,11.502031326293945,11.851572094249615,11.335950840517944,11.492374901605102,19561200
2008-09-18,12.48306655883789,12.743773875760947,11.34367817979861,11.635284147147228,50457200
2008-09-19,12.301534652709961,12.873160677829972,11.944268294924731,12.865435832577129,28968400
2008-09-22,12.195321083068848,12.709010788766687,12.06013923261487,12.591209472466533,16620800
2008-09-23,11.74729061126709,12.24360053033987,11.693217427894629,12.24360053033987,17416800
2008-09-24,11.446024894714355,11.78784148230922,11.361053826786998,11.74921800173074,18742000
2008-09-25,12.554520606994629,12.70321985949483,12.054347447311594,12.054347447311594,46048800
2008-09-26,13.091382026672363,13.131936359213363,12.359469514553753,12.394230581497979,30228000
2008-09-29,12.562243461608887,13.006411041944345,12.481133317927041,12.934958797153246,31568400
2008-09-30,12.919508934020996,13.02379214020054,12.523619066489227,12.732185478848315,21366000
2008-10-01,12.776601791381836,12.942680800645318,12.5815535086011,12.784325162950214,14877200
2008-10-02,12.311187744140625,12.745700252757352,12.282219948893523,12.575758113131366,21488800
2008-10-03,12.21463394165039,12.745704982591713,12.21463394165039,12.434786909844235,16807600
2008-10-06,11.807157516479492,12.166354775334668,11.088762998769138,11.971307189584422,34281200
2008-10-07,11.196905136108398,11.963578599533765,11.17566218321525,11.963578599533765,18095200
2008-10-08,10.756601333618164,11.36878097571131,10.652318129155782,11.013446185332754,36857600
2008-10-09,10.250635147094727,10.99799659588782,10.213942501338764,10.829985267299369,24248400
2008-10-10,10.530655860900879,11.18532150807132,9.468513764229046,9.721496965187283,38996000
2008-10-13,10.785571098327637,10.882129481434177,10.484309414511715,10.754672445200825,26116000
2008-10-14,11.030827522277832,11.49044555057162,10.870541017840228,11.212357721780066,32041200
2008-10-15,9.72535514831543,10.916884590932531,9.694456512078336,10.818395418139795,28835600
2008-10-16,10.808745384216309,10.8550929944658,9.636526700051672,10.163735370902026,33808000
2008-10-17,11.100348472595215,11.241323583384908,10.401266184245218,10.54996614028739,24772800
2008-10-20,11.538725852966309,11.538725852966309,10.980618561378137,11.252913150365796,21467200
2008-10-21,11.030827522277832,11.53099988747587,10.95358127151,11.39581802777983,17496800
2008-10-22,10.138627052307129,10.789430144441472,9.848951993669782,10.717977169581822,26076400
2008-10-23,9.796806335449219,10.29697842558618,9.302427508346424,10.082618853144417,29143600
2008-10-24,9.229050636291504,9.69253044334634,9.120904979637702,9.19042713486643,30127200
2008-10-27,8.989582061767578,9.43954431757056,8.974133109144372,9.113176629480167,15547200
2008-10-28,10.123177528381348,10.138627218702815,9.005032343568276,9.203942318025609,25963200
2008-10-29,10.134763717651367,10.600174907173965,9.798741092416206,10.076828858474446,17874000
2008-10-30,10.77784538269043,10.887921864106469,10.331745453958874,10.52679303465059,24024000
2008-10-31,11.129314422607422,11.401608910666349,10.65617841148444,10.65617841148444,21066000
2008-11-03,10.783637046813965,11.297327462657265,10.704459225688254,11.075242952906674,12396400
2008-11-04,10.85702133178711,11.055931301117077,10.627211982610707,10.982546747345319,12760800
2008-11-05,10.19270133972168,10.889852891607651,10.146353734489571,10.812606637326834,16672800
2008-11-06,9.77943229675293,10.03048392941276,9.644250421726266,10.03048392941276,28529600
2008-11-07,9.541897773742676,9.895301749691086,9.184632111403921,9.78329369064234,24364000
2008-11-10,9.263808250427246,9.796810013436371,9.061035127927308,9.796810013436371,21672400
2008-11-11,8.81964111328125,9.31208938689578,8.562796233580233,9.252222932622301,29281600
2008-11-12,8.568591117858887,8.833161630556585,8.400579729539075,8.717291123312343,19592000
2008-11-13,9.435685157775879,9.449203272250928,8.423752995545108,8.59948922040274,24962400
2008-11-14,8.985719680786133,9.39512760907,8.871780800024014,9.24063366203668,17134400
2008-11-17,8.943236351013184,9.275396637536337,8.883369897368913,8.893025586877503,17845200
2008-11-18,9.006958961486816,9.161452108822157,8.603345199689935,8.908469810273486,19340000
2008-11-19,8.466239929199219,9.12669898382821,8.4507902327091,8.97993055058246,16256800
2008-11-20,8.421820640563965,9.238704313019728,8.242222024277748,8.356160923462747,27161600
2008-11-21,9.246430397033691,9.302433695871388,8.44885799594549,8.576315024245618,25641600
2008-11-24,9.717635154724121,9.84895460843785,9.252223799753455,9.304365412552903,18595200
2008-11-25,9.518723487854004,10.186907175043753,9.319812761501916,9.903025355470223,23982800
2008-11-26,10.283465385437012,10.329813722581802,9.315950938102096,9.393197184434312,15838400
2008-11-28,10.283465385437012,10.42830292607697,9.970616503925614,10.42830292607697,7490400
2008-12-01,9.273466110229492,10.09421227001224,9.246429884011638,10.09421227001224,14166000
2008-12-02,9.657770156860352,9.748535282142111,9.344921169385668,9.402856057928078,16110000
2008-12-03,10.044001579284668,10.12317941523566,9.23291183995526,9.44920238799764,17430800
2008-12-04,10.082810401916504,10.511659557993678,9.710235770457599,9.929511141159146,21545200
2008-12-05,10.35059642791748,10.3952277071354,9.60738676991172,9.89263966343474,13825200
2008-12-08,10.899759292602539,11.124857407391511,10.536886960407294,10.581518253437508,32329200
2008-12-09,10.272979736328125,10.79497333829429,10.12550244960196,10.725115403440821,19459600
2008-12-10,9.799500465393066,10.080872408982087,9.49678295680734,10.01101446544383,25456400
2008-12-11,9.456027030944824,9.943091432153217,9.351240178863373,9.735457896255657,16479600
2008-12-12,9.580223083496094,9.644259770307208,9.238696307890327,9.250338803499579,14694400
2008-12-15,9.351241111755371,9.873234515732323,9.188239572336213,9.704410990456918,13592800
2008-12-16,9.632615089416504,9.741283053654673,9.265861727942612,9.366767536112352,24551200
2008-12-17,9.826665878295898,10.168193389083333,9.450210140957976,9.450210140957976,15446800
2008-12-18,10.224465370178223,10.527182782103893,9.770389622409676,9.836366465768863,24660800
2008-12-19,9.94697093963623,10.478666569029464,9.785910338407243,10.340891686242331,24400800
2008-12-22,9.52783203125,10.022658945941838,9.34154465220191,9.948919914145211,13785600
2008-12-23,9.306614875793457,9.70635715666919,9.13585182980398,9.551117687478675,13102000
2008-12-24,9.533651351928711,9.582163722907042,9.244517295192246,9.324077553987106,4384800
2008-12-26,9.655902862548828,9.70635614743992,9.566640269575482,9.566640269575482,4919200
2008-12-29,9.49677848815918,9.696649897065459,9.366765730159768,9.64425646406516,9346000
2008-12-30,9.64232063293457,9.663666199127807,9.467676504539364,9.572463425720603,9626400
2008-12-31,9.89651870727539,10.003245721756898,9.61320678076385,9.665600203925244,15089600
2009-01-02,10.296260833740234,10.401046941084903,9.76262501466846,9.88681650503227,12028800
2009-01-05,10.370002746582031,10.43403942289856,10.148786483379366,10.21088225058573,12913200
2009-01-06,10.160429954528809,10.478670953951156,10.05176198926071,10.439860913481123,15290400
2009-01-07,9.79173755645752,10.090573963019963,9.760689666180907,10.01489477673573,20164400
2009-01-08,9.972204208374023,9.97414511801004,9.64814188173216,9.758750043300711,15730000
2009-01-09,9.626795768737793,10.04788282646729,9.580223563248401,9.983846876689482,13246400
2009-01-12,9.725757598876953,9.7936753461364,9.500660281017929,9.586042507259535,13730400
2009-01-13,9.605450630187988,9.886822564372833,9.529771440630988,9.66560624405541,15579200
2009-01-14,9.052408218383789,9.403637291025495,8.959263819862237,9.357065832004714,27404000
2009-01-15,9.112563133239746,9.192123388073671,8.871942199701047,9.052408269975071,16433600
2009-01-16,9.081514358520508,9.197944475825599,8.901048305901556,9.194063397891435,14116800
2009-01-20,8.56534194946289,9.108680219859043,8.53817514697906,8.951500651134069,14745600
2009-01-21,8.860297203063965,8.87582151323266,8.44891260671159,8.672069013587707,13943600
2009-01-22,8.854475975036621,9.09315669257112,8.573104144690475,8.738045869252085,14369600
2009-01-23,8.864179611206055,8.978668825046658,8.545938607375218,8.68759462784919,11378800
2009-01-26,8.862238883972168,9.135849345585582,8.73222609520322,8.885525353198828,8005200
2009-01-27,8.831188201904297,8.957320612765,8.703115622675774,8.9107484293002,9689200
2009-01-28,9.23675537109375,9.38229248769863,8.9844911836933,8.988372262298236,11910800
2009-01-29,8.924334526062012,9.252277829886635,8.891345734656273,9.145550780496128,8737600
2009-01-30,8.780734062194824,9.02135560861012,8.720578490531098,8.982545586254156,10670000
2009-02-02,8.621617317199707,8.790440135240722,8.503247031591206,8.648784122374131,10016400
2009-02-03,8.984491348266602,9.021361225568835,8.55952322648242,8.670131377908989,11098400
2009-02-04,8.883583068847656,9.009715500127543,8.78267727187172,9.007774591205775,15054800
2009-02-05,9.159135818481445,9.203767111097548,8.796263489653093,8.88358516550545,14454000
2009-02-06,9.446330070495605,9.531711587184214,9.081516789662231,9.182422622243383,13866800
2009-02-09,9.269742965698242,9.45797118228119,9.147491596353856,9.45797118228119,11381200
2009-02-10,8.74193000793457,9.269744895738658,8.685655474111906,9.172720143729972,18016400
2009-02-11,8.598328590393066,8.807901543085668,8.41592169315802,8.805961374924294,23980000
2009-02-12,8.62744140625,8.656549130092044,8.332486049595278,8.478023188325164,14872800
2009-02-13,8.427572250366211,8.738051242914691,8.384881111300679,8.582811746640452,12082400
2009-02-17,8.138433456420898,8.289792526876717,8.027825331995427,8.289792526876717,22278000
2009-02-18,8.445033073425293,8.526533495994531,8.140375462933635,8.2121735599932,23450400
2009-02-19,8.307256698608398,8.61191425673169,8.216053225966697,8.526532030347168,13044400
2009-02-20,8.330540657043457,8.413981956818525,8.134550351901197,8.212170406653723,12084000
2009-02-23,8.074398040771484,8.518771475870615,8.035588001243886,8.431449071993503,12916800
2009-02-24,8.33248233795166,8.367411294907196,7.857061822065442,8.080218224570439,13858000
2009-02-25,8.17918586730957,8.375175516145497,8.064696644650954,8.274269697849766,15884800
2009-02-26,7.96184778213501,8.252921923702585,7.956026536180401,8.247100677747977,12648800
2009-02-27,8.058874130249023,8.185006579935953,7.777502995199671,7.806609971115136,18738400
2009-03-02,7.715404510498047,8.012300622497703,7.690178619207448,7.92303806814686,17423200
2009-03-03,7.771679401397705,8.00453886178861,7.765858155465873,7.833775158803303,17107600
2009-03-04,8.256803512573242,8.406221669996112,7.905574500410791,7.905574500410791,16695200
2009-03-05,7.796141147613525,8.186533807386931,7.698542982670174,8.075271958920702,23676800
2009-03-06,7.796141147613525,7.985481825880397,7.612656865581392,7.856652277939769,23967200
2009-03-09,7.528721809387207,7.823468661998284,7.4643074126420075,7.680974696798451,20695200
2009-03-10,8.12211799621582,8.198244432522305,7.6067998938813535,7.6067998938813535,22955600
2009-03-11,8.477376937866211,8.576926741663952,8.149447033591997,8.194342101549012,19248000
2009-03-12,8.703803062438965,8.752602137526733,8.27827506810444,8.47737538381631,18112400
2009-03-13,8.7194185256958,8.748698269086086,8.446144147383976,8.73698622280701,19899600
2009-03-16,8.571076393127441,8.799456634911984,8.51251760497756,8.783840560943807,16622800
2009-03-17,8.863863945007324,8.910711384594451,8.498847072837478,8.559357449227978,21866400
2009-03-18,8.96341609954834,9.082485993049712,8.772123764515722,8.969272496428973,23451600
2009-03-19,9.076631546020508,9.174229734687396,8.442243319685742,8.545697161395815,32281600
2009-03-20,8.787740707397461,9.34209843054599,8.649151462764095,9.168373779580916,24951200
2009-03-23,9.295249938964844,9.312817640174709,8.758459978748403,8.973176409603967,14384800
2009-03-24,8.900951385498047,9.215217561877292,8.856056323817416,9.1234758030581,12832000
2009-03-25,9.051252365112305,9.223025320310768,8.813113381698432,9.002453289343466,13444000
2009-03-26,9.291345596313477,9.426031549063897,9.084437950013916,9.111765318799522,14117600
2009-03-27,9.142996788024902,9.3011060948176,9.092246066186174,9.256210280410507,7961600
2009-03-30,9.029780387878418,9.064915780970981,8.78773739614607,8.97902967819737,13288800
2009-03-31,9.152754783630371,9.299152014960645,8.939990777645779,9.12347578413321,17907600
2009-04-01,9.17422866821289,9.213268088064456,8.908761506760245,9.014167716974972,13006800
2009-04-02,9.85546588897705,10.021382519773198,9.293300086967731,9.293300086967731,23882000
2009-04-03,10.124832153320312,10.128736168782366,9.79885468069442,9.810565982465766,14375600
2009-04-06,10.007719039916992,10.052614120421369,9.84960969539843,10.00967067619321,11080000
2009-04-07,9.732490539550781,9.833992735174427,9.664171367407839,9.832040354607907,11580000
2009-04-08,9.806663513183594,9.88083757918091,9.652458240594914,9.752008036862302,13103200
2009-04-09,10.398106575012207,10.443001632865146,9.873028817047219,10.0038099754082,18044400
2009-04-13,10.368829727172852,10.43714889527999,10.070179555028567,10.292703271105875,13202000
2009-04-14,10.033092498779297,10.267327518673314,9.794952717990082,10.267327518673314,16975600
2009-04-15,10.171679496765137,10.189247193868601,9.964771146948205,10.033090299957147,11099600
2009-04-16,10.495708465576172,10.558171241796279,10.136547130003043,10.189250237054075,11566000
2009-04-17,10.659671783447266,10.735798233601692,10.38834900177281,10.546457553750491,13864000
2009-04-20,10.220479965209961,10.517178476374843,10.154113183178147,10.517178476374843,9961200
2009-04-21,10.398106575012207,10.472281374541515,10.156062845049885,10.210718313204787,10292400
2009-04-22,10.735799789428711,10.929044513269035,10.199009799957274,10.327839367645819,14134400
2009-04-23,10.616728782653809,10.819733154372313,10.396156710601684,10.73579866884668,12211600
2009-04-24,10.683094024658203,10.782644560373482,10.546456457869196,10.683094024658203,8396000
2009-04-27,10.5659761428833,10.790451445690435,10.456665944593649,10.542552050283142,9206400
2009-04-28,10.850966453552246,10.989555700296599,10.4234866628252,10.427389935041456,9880400
2009-04-29,10.337596893310547,10.882194802964689,10.247806765123698,10.85291505721839,21858000
2009-04-30,10.241950988769531,10.739701448075197,10.185343878145769,10.450810988339418,19326400
2009-05-01,10.329789161682129,10.417627656855933,10.247807062596502,10.320029494355014,13902000
2009-05-04,10.788500785827637,10.788500785827637,10.320029316070393,10.32783734764315,14549600
2009-05-05,10.735799789428711,10.770935193763314,10.608921857707635,10.62258554332498,13247600
2009-05-06,10.659671783447266,10.888051133910544,10.58744934927703,10.823636731708689,14808400
2009-05-07,10.361021995544434,10.866579796967951,10.234144077789189,10.798261376401243,18546400
2009-05-08,10.622583389282227,10.708470246735171,10.150208651750514,10.49375384771768,11371600
2009-05-11,10.372732162475586,10.503514082017828,10.304413749396332,10.46252228955542,15055600
2009-05-12,9.951109886169434,10.316126854103846,9.806665003391426,10.247808429089245,24275200
2009-05-13,9.666121482849121,9.837894446314538,9.517771868387904,9.837894446314538,18298800
2009-05-14,9.945250511169434,10.027232590499095,9.642696429248764,9.642696429248764,16698000
2009-05-15,9.711017608642578,10.072130528404424,9.689545892781563,9.777384391933476,14714800
2009-05-18,9.994049072265625,10.009664386508721,9.759813401701848,9.783236745373824,10860000
2009-05-19,10.158019065856934,10.267328554268786,9.86327213619773,10.052612849504039,14625600
2009-05-20,9.89450454711914,10.255618308310863,9.865225535962052,10.214627245921866,14862800
2009-05-21,10.023334503173828,10.03895057206099,9.773483357900423,9.830090490693664,15340800
2009-05-22,10.230236053466797,10.323930169798226,9.992096375740259,10.023327747850736,14839200
2009-05-26,10.573785781860352,10.651864618670901,10.14435441324725,10.14435441324725,16771200
2009-05-27,10.620633125305176,10.792406117779704,10.509371267976723,10.573785674770317,15127200
2009-05-28,10.75727367401123,10.80607277378837,10.46447907534839,10.628444080384186,15040400
2009-05-29,11.13594913482666,11.15351683219298,10.677238112483076,10.78654756754922,16568800
2009-06-01,11.567330360412598,11.702016260097091,11.23549730491173,11.294056035611021,17614400
2009-06-02,11.288203239440918,11.57904533143496,11.272587176845745,11.514630934766991,18942400
2009-06-03,11.354571342468262,11.36433175567777,11.087152550980393,11.202318427471736,14018400
2009-06-04,11.280074119567871,11.397697114910702,11.101678819528276,11.397697114910702,13098000
2009-06-05,11.427104949951172,11.589816809484546,11.360451709848267,11.487876515925462,16451200
2009-06-08,11.370250701904297,11.491794551739515,11.22714246384391,11.393775149136893,10683200
2009-06-09,11.499637603759766,11.556489043275583,11.29967790975256,11.368291948149547,9716400
2009-06-10,11.184015274047852,11.57805374719593,11.027184357200099,11.540805890312289,23840000
2009-06-11,11.099722862243652,11.348692367401325,11.089921066320565,11.205584053002806,15452000
2009-06-12,11.097760200500488,11.17225517814417,10.909563070712268,11.06051233776419,15486400
2009-06-15,10.966413497924805,11.070314601668082,10.862513142010426,11.054631133997814,12912800
2009-06-16,10.846831321716309,11.125206165489601,10.80958345682484,10.968375214925143,9774000
2009-06-17,10.709606170654297,10.88604074603034,10.66255650185655,10.811546496525153,13586400
2009-06-18,11.036986351013184,11.25851044576323,10.723324511584739,10.82134392988473,17699600
2009-06-19,11.115402221679688,11.362410827570873,11.082075230476086,11.140887479914346,15353200
2009-06-22,10.833106994628906,11.017384000279813,10.8037016145432,11.017384000279813,12300000
2009-06-23,10.495923042297363,10.833109446811468,10.45867517213025,10.823307651230833,16074000
2009-06-24,10.393977165222168,10.656669184594893,10.343006658931031,10.576293307285333,20202000
2009-06-25,10.052873611450195,10.1097250666062,9.833310273399913,9.929369654450715,59606800
2009-06-26,9.966617584228516,10.070517960654675,9.901924389060422,9.947013993599482,21366800
2009-06-29,10.145010948181152,10.225386850417838,9.958773882658424,10.02738793197148,13824800
2009-06-30,10.150894165039062,10.288121546799566,10.052874713471427,10.166577636247837,11700400
2009-07-01,10.276351928710938,10.388094715224678,10.066590505366573,10.221461312606934,12364800
2009-07-02,10.009743690490723,10.160693690813414,10.009743690490723,10.148931090900232,15326400
2009-07-06,10.176377296447754,10.252832332974684,9.947012186866964,9.947012186866964,14878800
2009-07-07,10.039148330688477,10.16461306255915,9.97641596475314,10.135207686680657,12185600
2009-07-08,10.0979642868042,10.137172219774602,9.948975038911616,9.996024708041924,10413600
2009-07-09,10.009743690490723,10.166574616855582,9.952892245986948,10.166574616855582,8537600
2009-07-10,10.056796073913574,10.152855470200192,9.92348955342514,9.93329134949624,9436000
2009-07-13,10.103843688964844,10.176377862547316,9.960735401484204,10.088160220174606,12468800
2009-07-14,10.174417495727539,10.25087253419962,10.039150198896385,10.094041590176259,8017200
2009-07-15,10.376338005065918,10.388100607114776,10.060715287796887,10.262635095413902,15544400
2009-07-16,10.427310943603516,10.484162415651024,10.1940248743513,10.346935008161223,13356000
2009-07-17,10.280277252197266,10.41946540712626,10.190099558681322,10.41946540712626,13101200
2009-07-20,10.356735229492188,10.437111146899092,10.211666117479488,10.309685565430787,10645600
2009-07-21,10.207743644714355,10.476316680477256,10.131288606987093,10.474356620871214,11007200
2009-07-22,10.10188102722168,10.278316279581892,10.080316635507787,10.19401951987966,14300800
2009-07-23,10.025428771972656,10.209705808231408,9.997983446869188,10.09600289242673,21532800
2009-07-24,10.22734546661377,10.276355174422719,9.91760450213218,10.01954478411425,14730800
2009-07-27,10.266555786132812,10.272437460970542,10.123447495564227,10.23518959570448,6276400
2009-07-28,10.372416496276855,10.378297423023112,10.082279060808215,10.19010028885355,10552800
2009-07-29,10.6586332321167,10.68411849479915,10.264595429518383,10.292040751870742,21214800
2009-07-30,10.995817184448242,11.082073993996085,10.69979890227256,10.76841218852326,20059600
2009-07-31,11.10364055633545,11.325164670456818,10.891918983164322,10.913482628899763,21796800
2009-08-03,11.099722862243652,11.189901329091686,11.025228614964922,11.170296989416421,13509600
2009-08-04,11.280074119567871,11.285955044986382,11.007580273688259,11.068351830556255,14842800
2009-08-05,11.17813777923584,11.40358205770294,11.121286320732777,11.280078093432323,16333200
2009-08-06,11.295754432678223,11.33104147333708,11.138923556321414,11.223220292581063,14561200
2009-08-07,11.383974075317383,11.423181988393184,11.199697856038485,11.362409685734256,11448000
2009-08-10,11.20166015625,11.344768431953462,11.1173633880121,11.344768431953462,9543600
2009-08-11,11.133047103881836,11.19185861265944,10.98209709106101,11.158531617393823,7614400
2009-08-12,11.276156425476074,11.35065140899162,11.060513209579275,11.095800267674587,12197200
2009-08-13,11.333003997802734,11.336924863784555,11.170291424786393,11.248707248765378,8377600
2009-08-14,11.146768569946289,11.370252728051938,11.036986550250168,11.303599492491584,9124800
2009-08-17,10.868389129638672,11.068348764595164,10.815458572047667,10.991893764017679,10980800
2009-08-18,10.90172290802002,10.948771823334095,10.819386184476848,10.884079377819983,13312400
2009-08-19,11.12912654876709,11.158531930065402,10.79978119298928,10.79978119298928,11306000
2009-08-20,11.174214363098145,11.201659682232084,11.017383433883591,11.135006443837291,11903600
2009-08-21,10.909564018249512,11.0761967678376,10.829188107015531,10.976217267650544,22557200
2009-08-24,10.978175163269043,11.027184873819351,10.891918341918881,10.91936366017444,15237600
2009-08-25,10.813505172729492,11.070316388566175,10.801742570078149,11.035029328441164,18324800
2009-08-26,10.870355606079102,10.97817683615411,10.768415302861055,10.837028608955437,13399200
2009-08-27,11.140889167785645,11.19970067830517,10.742929759351355,10.887998849939857,19081600
2009-08-28,11.013463020324707,11.24870979774022,10.940928852796462,11.184016616123676,8578000
2009-08-31,10.85859203338623,10.978175854309004,10.81154312708051,10.962492386987842,7354400
2009-09-01,10.656668663024902,10.88407362778269,10.607658965897546,10.762529788298863,20162000
2009-09-02,10.45083236694336,10.65079210289704,10.43318883883483,10.609623372091182,17540800
2009-09-03,10.582797050476074,10.616281072556765,10.500073145369285,10.535526462230038,14086000
2009-09-04,10.6812744140625,10.710819084428813,10.52173454651833,10.61036780626509,9705600
2009-09-08,10.880208015441895,10.88414660395678,10.677336144721632,10.760060779227043,11600800
2009-09-09,10.901870727539062,10.927476055056767,10.74036158723123,10.819146863584745,15984000
2009-09-10,10.915663719177246,10.99050969553093,10.807334471326042,10.901876401342683,18652800
2009-09-11,10.830973625183105,11.008239513071787,10.785671566324888,10.943242246251742,17368000
2009-09-14,10.815214157104492,10.876272821290534,10.541436318476418,10.730520196058787,14298800
2009-09-15,10.771882057189941,10.832940720830626,10.630069525946062,10.785669376180977,14818400
2009-09-16,11.262313842773438,11.31549379864608,10.71672772291578,10.78566428533281,24346400
2009-09-17,11.441551208496094,11.583364443393934,11.201256727441928,11.226862061821212,14762000
2009-09-18,11.540035247802734,11.59715456472311,11.413979342428428,11.473067954153576,11525200
2009-09-21,11.53215217590332,11.69366133710108,11.356855702263227,11.4336709433997,9472400
2009-09-22,11.536093711853027,11.719268899294727,11.510488376148189,11.614879013397617,12374000
2009-09-23,11.48291301727295,11.670027533052258,11.469125703080477,11.581394262277609,43572000
2009-09-24,11.457310676574707,11.569580016456035,11.390344133773779,11.484886063516374,26221200
2009-09-25,11.549881935119629,11.788206401571262,11.4829146489466,11.488824035406124,17494400
2009-09-28,11.620796203613281,11.681854894831163,11.514436193628402,11.567616198620842,10106400
2009-09-29,11.835480690002441,11.855176646176258,11.644426759435657,11.666092762038394,34763200
2009-09-30,12.743474960327148,12.792715592326411,12.607571837848472,12.607571837848472,67174800
2009-10-01,12.310157775878906,12.684386872806586,12.310157775878906,12.6056015625,33036000
2009-10-02,12.215616226196289,12.288492152069344,12.030471718097674,12.119104255700275,22568000
2009-10-05,12.365312576293945,12.392887221836375,12.162441325786576,12.188046675798578,11873200
2009-10-06,12.426370620727539,12.688330491326967,12.377129970106706,12.390917292172324,14605600
2009-10-07,12.491364479064941,12.550453844762426,12.369247909238299,12.396822545842461,8762400
2009-10-08,12.609538078308105,12.676506107003283,12.516966217975483,12.548480186645536,9364800
2009-10-09,12.524847030639648,12.643024996789217,12.408639110503064,12.629237680107963,8869600
2009-10-12,12.457876205444336,12.605598057682807,12.453936865889046,12.576053386694234,6200000
2009-10-13,12.54256820678711,12.576051460851293,12.410602981626193,12.459843591498519,7062000
2009-10-14,12.782869338989258,12.847867338816997,12.587876090858519,12.621360113865906,14631600
2009-10-15,12.794685363769531,12.804534091039947,12.631206108391343,12.749384824817138,14647200
2009-10-16,12.822261810302734,12.841957764924317,12.656813988235415,12.672569850309673,14616800
2009-10-19,13.017250061035156,13.068460728477348,12.686354525051986,12.810440351045676,18513200
2009-10-20,12.820291519165039,12.958166204292782,12.733629019944297,12.906955521090765,13559600
2009-10-21,12.753327369689941,12.960138684875128,12.743478639364831,12.822263973849914,13313200
2009-10-22,12.83998966217041,12.940439485000573,12.68438906071939,12.767112974593077,9990800
2009-10-23,12.639086723327637,12.83408073363956,12.516970150286276,12.81241473249379,12698000
2009-10-26,12.556363105773926,12.79468762126087,12.524849126464517,12.621361110735384,11814000
2009-10-27,12.62332534790039,12.741504044860713,12.310155707987379,12.536662873555256,15711600
2009-10-28,12.323945045471191,12.656812191326805,12.266825733284414,12.53272559104059,14820400
2009-10-29,12.54848575592041,12.627271088238226,12.329857172523456,12.408642504841271,10848800
2009-10-30,12.247133255004883,12.564243128257385,12.215619272334905,12.477579112400484,14672000
2009-11-02,12.310157775878906,12.530755592843983,12.178193245170638,12.278643802026753,11526400
2009-11-03,12.341675758361816,12.418491047616863,12.172287812131387,12.260921127176687,10989200
2009-11-04,12.355462074279785,12.566211966601882,12.205770849877696,12.373188735846718,8674800
2009-11-05,12.755290031433105,12.761198665125175,12.422422974872172,12.505147603322133,10578000
2009-11-06,12.715900421142578,12.767111099559818,12.581966592353263,12.733627830200595,7635200
2009-11-09,12.865595817565918,12.867565864146668,12.676511918855532,12.704086560165052,9146800
2009-11-10,12.698175430297852,12.938469973997828,12.605602794344094,12.869531881552296,9898000
2009-11-11,12.78878116607666,12.914837104813259,12.71787451269916,12.725753196708363,6680400
2009-11-12,12.62332534790039,12.87937718770835,12.568176842113614,12.790744667692664,6617200
2009-11-13,12.688326835632324,12.794686790654096,12.550453654699455,12.658782153231003,7310800
2009-11-16,13.0192232131958,13.066493800657751,12.70802204843613,12.73559818571922,10380000
2009-11-17,12.794685363769531,12.999526568814826,12.69029546660424,12.97786057098375,7854000
2009-11-18,12.688326835632324,12.761203518528252,12.564240972792742,12.761203518528252,8098000
2009-11-19,12.518939971923828,12.664692589791795,12.385005377564887,12.59181590518156,9852800
2009-11-20,12.589842796325684,12.62135751801684,12.349549054249184,12.475604935604526,12614400
2009-11-23,12.702116012573242,12.90695727043956,12.613483455103623,12.767114022827064,9432000
2009-11-24,12.708024024963379,12.82226267324387,12.668632113069126,12.739538756642872,6448800
2009-11-25,12.940436363220215,12.97392113212406,12.709990586148896,12.709990586148896,7986000
2009-11-27,12.81241512298584,12.889230401132885,12.60560383400221,12.708023703963244,4698800
2009-11-30,12.78089714050293,12.908923072411838,12.68241588560449,12.763171235919463,9260800
2009-12-01,12.881352424621582,13.017255576568246,12.751356406658074,12.855746328698682,7950400
2009-12-02,12.871499061584473,13.025129570998066,12.709989871854205,12.709989871854205,5936800
2009-12-03,12.790413856506348,12.97237083286651,12.76470303667485,12.907104673457408,11034800
2009-12-04,12.717229843139648,13.023787340907438,12.62229496404346,12.911053020758741,10180000
2009-12-07,12.764698028564453,12.853698262165398,12.717231337906544,12.717231337906544,8948000
2009-12-08,12.564945220947266,12.735035898842415,12.535278715981443,12.657901929673626,14510800
2009-12-09,12.252450942993164,12.560986751265398,12.212894857338638,12.560986751265398,23438000
2009-12-10,12.400786399841309,12.539232330229064,12.301896557345716,12.301896557345716,11972400
2009-12-11,12.630210876464844,12.695478535030517,12.477920427614562,12.491764945285531,10860000
2009-12-14,12.689541816711426,12.72118577294209,12.483850065456794,12.659874570349734,9257600
2009-12-15,12.727123260498047,12.873479814468869,12.582744171539945,12.644056149509689,9604800
2009-12-16,12.667786598205566,12.79238722870523,12.584718756736335,12.79238722870523,7639600
2009-12-17,12.509562492370605,12.667786811264701,12.47396209606638,12.572851918140456,11679600
2009-12-18,12.740967750549316,12.924902929578206,12.667790228196962,12.737012820532707,20323200
2009-12-21,12.831945419311523,12.90907937574476,12.746900094405746,12.760744611997884,7399200
2009-12-22,12.875454902648926,12.920944886044756,12.693497986943562,12.831943138254386,8238800
2009-12-23,12.942702293395996,12.96050173968815,12.8339228695912,12.869523271114664,6148400
2009-12-24,12.905123710632324,12.966434926626905,12.855678792200782,12.942702331500827,2302000
2009-12-28,12.954567909240723,12.964457495953178,12.81216631064019,12.905122993556597,5648000
2009-12-29,13.094988822937012,13.138500581976071,12.899187416200038,12.95456546990837,8083200
2009-12-30,13.081147193908691,13.100924859031394,12.996101875835851,13.023790908795462,6932000
2009-12-31,13.067304611206055,13.17608404888744,13.06334968117189,13.094993648263252,6347600
2010-01-04,12.924899101257324,13.067300682705795,12.879410629312831,13.065322463813763,11972400
2010-01-05,12.976325988769531,13.011926394444126,12.796345740931487,12.883369290122571,6275200
2010-01-06,12.89721393585205,12.99214885490151,12.843814081282531,12.934792561362784,13399200
2010-01-07,13.023788452148438,13.053455698705992,12.865565652072881,12.879410165941229,7187600
2010-01-08,12.998078346252441,13.023789156558879,12.843810466535965,13.011922860869587,7249600
2010-01-11,12.837879180908203,13.039613781583666,12.786456043897147,13.037635562368857,10678000
2010-01-12,12.82008171081543,12.87545979237073,12.7132804782704,12.776569929896393,11485600
2010-01-13,12.934791564941406,12.988191415397312,12.812167618311124,12.877435275821076,5648800
2010-01-14,12.853702545166016,13.019838281235366,12.806235838691656,12.952592397202245,7311600
2010-01-15,12.73503303527832,12.857656975867373,12.648010250688625,12.812166987102984,11293200
2010-01-19,12.798322677612305,12.816123633135067,12.649987920325739,12.697454620154469,7453200
2010-01-20,12.693504333496094,12.73899433963621,12.572858566058969,12.69943748452747,8008400
2010-01-21,12.58669662475586,12.72514177419457,12.466050919271144,12.719208626209905,13983200
2010-01-22,12.456164360046387,12.705366428964707,12.450231210979403,12.560987350734383,13320000
2010-01-25,12.592632293701172,12.66581132101956,12.52143224022298,12.533298538567864,10749600
2010-01-26,12.606477737426758,12.679656011271277,12.470009268846585,12.525388094931575,6711200
2010-01-27,12.657896995544434,12.69151917229351,12.509562265127897,12.59262935201582,13560400
2010-01-28,12.562967300415039,12.855681181393477,12.533300042054703,12.707346398531245,7158000
2010-01-29,12.608453750610352,12.78645575240679,12.568897666381192,12.586697866560836,10402400
2010-02-01,12.6776762008667,12.746898781698679,12.5609861685574,12.651965387683132,6407600
2010-02-02,12.64405632019043,12.715257133124252,12.580766876353627,12.715257133124252,9539200
2010-02-03,12.657896995544434,12.67767465781219,12.523406779609218,12.596585035363262,7889200
2010-02-04,12.280138969421387,12.60845317082809,12.272227602045438,12.56494140472989,17924800
2010-02-05,12.203007698059082,12.30783069811983,12.04280586869953,12.266297141997988,13110800
2010-02-08,12.123891830444336,12.286071075546769,12.110047315945552,12.187181255144337,8177200
2010-02-09,12.363204956054688,12.479894973754384,12.197070028388502,12.21882590948887,9438000
2010-02-10,12.388919830322266,12.450231806669873,12.311785870882485,12.363208259019121,7698400
2010-02-11,12.45022964477539,12.493740656575733,12.286072166189646,12.34738413189086,7010000
2010-02-12,12.359251022338867,12.371117318825833,12.206960596843546,12.36518417058235,11152000
2010-02-16,12.588677406311035,12.588677406311035,12.327608279269224,12.424519903603878,9628000
2010-02-17,12.752830505371094,12.794364044315536,12.58273915773568,12.632184062517931,10640400
2010-02-18,12.744925498962402,12.774591249483295,12.640101735480174,12.754813579489534,6468000
2010-02-19,12.727123260498047,12.776568184982452,12.659878887490141,12.685589705003867,9498000
2010-02-22,12.719210624694824,12.810189095612099,12.663832556218152,12.77063376353996,6864800
2010-02-23,12.68360710144043,12.766675692655525,12.580762357994402,12.717230785261721,7738800
2010-02-24,12.84183406829834,12.859633514355847,12.657898914341747,12.657898914341747,11618000
2010-02-25,13.085101127624512,13.108833717653354,12.659874618654642,12.857654249902131,15967600
2010-02-26,13.369905471801758,13.419350389603494,13.098948287969291,13.098948287969291,19633200
2010-03-01,13.49648380279541,13.589440485988417,13.371883158118727,13.43121766069186,10674000
2010-03-02,13.454950332641602,13.514284835559023,13.385727751864005,13.460883481145526,9844800
2010-03-03,13.37781810760498,13.443085767434406,13.302662368641549,13.3896844061415,8670400
2010-03-04,13.429442405700684,13.514828544504644,13.391714703661417,13.506885471710529,6306400
2010-03-05,13.566462516784668,13.604191747038614,13.469162492167756,13.469162492167756,7460000
2010-03-08,13.665750503540039,13.693550514264643,13.496964291287233,13.496964291287233,7084000
2010-03-09,13.68758773803711,13.73723080954965,13.608158520619781,13.653830813005298,6042400
2010-03-10,13.725319862365723,13.751133719621086,13.584333691226487,13.683619855267073,5592800
2010-03-11,13.850421905517578,13.870278838227042,13.64390647236807,13.72134957042578,6960000
2010-03-12,13.880205154418945,13.898075935617795,13.782905144034395,13.784889776398797,7208400
2010-03-15,13.97750473022461,14.0450201031786,13.844461646592304,13.850418573473378,9514000
2010-03-16,13.975523948669434,14.10856859836912,13.919923923117121,13.965596238384848,10107200
2010-03-17,14.07480239868164,14.164160832007958,13.955659335899458,13.977502407491254,14751600
2010-03-18,14.825411796569824,14.962425682503534,14.555353289965694,14.565280998084134,43696000
2010-03-19,14.599038124084473,14.75789660592987,14.519610398148536,14.745982750036832,18789600
2010-03-22,14.670527458190918,14.726128999337249,14.460041212020336,14.473941218560146,11696000
2010-03-23,14.791650772094727,14.811507699861682,14.688393838714669,14.773779991600408,8986000
2010-03-24,14.571231842041016,14.771790248130154,14.497761075691114,14.76384717595982,11069200
2010-03-25,14.608966827392578,14.849239174267144,14.601023752084323,14.72810992704299,11321600
2010-03-26,14.672510147094727,14.84328248145827,14.56925319642657,14.654639363608341,8661600
2010-03-29,14.68839168548584,14.759877826956629,14.61094861805686,14.726120903202716,6522400
2010-03-30,14.656620979309082,14.773779424110852,14.604993272095413,14.696336348303928,6461200
2010-03-31,14.595061302185059,14.71420435675669,14.55137516201203,14.593075155362794,7916000
2010-04-01,14.696338653564453,14.77179559401117,14.644709423265828,14.686409431011645,8376400
2010-04-05,14.716202735900879,14.85718897774884,14.618902670538532,14.732088893711538,7081600
2010-04-06,14.676481246948242,14.724138180683816,14.595065866621137,14.603008941408167,8428000
2010-04-07,14.612936973571777,14.732081583039813,14.555352331311973,14.688395428233084,8851200
2010-04-08,14.692367553710938,14.749953716230978,14.507695210107633,14.58712445203137,10410400
2010-04-09,14.928664207458496,14.94852113264275,14.624848858679202,14.730091925643398,12502000
2010-04-12,14.998167037963867,15.08156704849329,14.93263780898222,14.950510105516562,8867200
2010-04-13,14.994202613830566,15.077602659711141,14.84328716296057,14.978316457952207,7025200
2010-04-14,15.05178451538086,15.06369837141046,14.892926031714525,15.01405528463808,6804400
2010-04-15,15.020009994506836,15.055753072303906,14.886966905201405,15.006109992862784,7014400
2010-04-16,14.926679611206055,15.091494985832284,14.888951903932252,15.010079614636277,13739200
2010-04-19,15.008095741271973,15.051781892416686,14.743994202069121,14.88299421481456,8790400
2010-04-20,15.162984848022461,15.20667100765321,15.071641748333988,15.095469460869445,9584400
2010-04-21,15.234468460083008,15.317868469940715,15.125253079326566,15.170925379002865,10800800
2010-04-22,15.534311294555664,15.593882074025915,15.133194410518621,15.14908055770524,13848800
2010-04-23,15.468785285949707,15.576014529247395,15.349642187281175,15.452899135464119,10151200
2010-04-26,15.4926118850708,15.581970338900604,15.44495495202019,15.470770323453651,6050400
2010-04-27,15.23843765258789,15.585939172452006,15.212623799364517,15.42310994945799,11016800
2010-04-28,15.178872108459473,15.494601442511502,15.119299792795696,15.278158291241155,10812000
2010-04-29,15.403249740600586,15.427078956565948,15.234463627057645,15.309920538468845,9083600
2010-04-30,15.073633193969727,15.464819590456218,15.069660897159803,15.379433388890927,9869600
2010-05-03,15.442973136901855,15.5660885563896,15.073629908412641,15.093486843172082,8428400
2010-05-04,15.359565734863281,15.59785338264539,15.309922664281961,15.492608800424511,14530400
2010-05-05,14.934623718261719,15.349640646875432,14.833351412812586,15.264254490317642,17310400
2010-05-06,14.356778144836426,15.08950891434587,13.302358183369707,14.803565827580467,26330000
2010-05-07,14.021188735961914,14.384576369987965,13.856373380859004,14.168131798168886,21502400
2010-05-10,15.220569610595703,15.244397320937852,14.64272339501187,14.672509547926227,26477600
2010-05-11,15.176887512207031,15.30397371796121,15.043844377274857,15.051787454507876,13755200
2010-05-12,15.458861351013184,15.484676733129358,15.093488854785342,15.232488931613931,9956000
2010-05-13,15.002137184143066,15.486652543769456,14.962421816969526,15.419138692053963,20976800
2010-05-14,14.642720222473145,14.892921731762938,14.531520225004943,14.819449439157824,19014000
2010-05-17,14.620878219604492,14.664564368946504,14.303162835735025,14.640736662022826,16944400
2010-05-18,14.481881141662598,14.894911981724677,14.4362088358439,14.726125791935747,18855600
2010-05-19,14.34684944152832,14.440178669912573,14.098634053266585,14.404435593403424,23478800
2010-05-20,13.961614608764648,14.215786849936173,13.814671565897248,14.005300746775891,25056400
2010-05-21,14.176082611083984,14.253525720948057,13.530722352225327,13.729294739566452,17064000
2010-05-24,14.166152954101562,14.279340665824954,14.041052899283608,14.132396012878994,22684400
2010-05-25,14.477904319763184,14.495775096112997,13.755099893786204,13.917929087691041,21164000
2010-05-26,14.400467872619629,14.61889869565631,14.28132475140952,14.599040246298806,16727200
2010-05-27,14.674497604370117,14.686411461090994,14.448125236752219,14.551382196635858,14743600
2010-05-28,14.372668266296387,14.666556054212919,14.289268230599124,14.618899107384056,15556800
2010-06-01,14.134374618530273,14.420319179799883,14.039059259778327,14.186003834312004,14684000
2010-06-02,14.495784759521484,14.507698618363563,14.16019692892298,14.16019692892298,12660800
2010-06-03,14.675154685974121,14.7209965298856,14.53763219546063,14.589451559139118,11356800
2010-06-04,14.10512924194336,14.443956222540802,13.983551875245546,14.42203206118289,15403600
2010-06-07,13.86994743347168,14.15496008049545,13.848024787341375,14.059292371634932,11056400
2010-06-08,14.003482818603516,14.037365061211537,13.682594472467624,13.869944327283452,12263200
2010-06-09,13.953653335571289,14.216741716982797,13.88588734003562,14.055300047959427,12914000
2010-06-10,14.300456047058105,14.459904248858454,14.17887713532276,14.18884321816431,11831200
2010-06-11,14.416056632995605,14.477842091970377,14.156953672359961,14.208774568609256,8808400
2010-06-14,14.394131660461426,14.53962673711838,14.332346204944972,14.447944553877251,8746400
2010-06-15,14.744918823242188,14.744918823242188,14.408085250940372,14.408085250940372,8697600
2010-06-16,14.715022087097168,14.84855909928505,14.565539948513761,14.623339891239326,12700400
2010-06-17,14.862507820129395,14.888417505035214,14.675156422871568,14.83261109409305,11802400
2010-06-18,14.936249732971191,14.99404965231992,14.842574054047748,14.908346533369784,11196400
2010-06-21,14.818665504455566,15.131581453307875,14.713031680792424,15.045878281552847,11192000
2010-06-22,14.44196605682373,14.948212364715387,14.384166119873536,14.836599532320967,10388000
2010-06-23,14.453920364379883,14.585465328719591,14.250625398394439,14.481825085799844,11658800
2010-06-24,13.877922058105469,14.085204152251153,13.792218899185723,13.953660652869129,36104000
2010-06-25,13.975581169128418,14.045339182427822,13.73242336224708,13.923760278987155,18090000
2010-06-28,14.051321029663086,14.125066098798989,13.877921201451558,14.051321029663086,12720400
2010-06-29,13.586929321289062,13.885893594860333,13.441434226359831,13.877921031758454,23320800
2010-06-30,13.463361740112305,13.78026321894826,13.413534348802653,13.541092348906457,18551200
2010-07-01,13.566995620727539,13.652698754022468,13.30789270036317,13.53111985514802,20482400
2010-07-02,13.52514362335205,13.740398261535322,13.439440472257465,13.5909161273432,11626800
2010-07-06,13.395587921142578,13.786234259768673,13.222188152622605,13.59489737068306,16874800
2010-07-07,13.664660453796387,13.670639496207668,13.355731604529266,13.447413802927889,17171600
2010-07-08,14.007472038269043,14.047334852404399,13.75634163135437,13.798197966349214,17801600
2010-07-09,13.9815673828125,13.993525471052504,13.85600137384678,13.983560904389643,10962400
2010-07-12,13.913793563842773,14.045338543460662,13.808159788422055,13.945683808820652,8889600
2010-07-13,14.045336723327637,14.135025364636679,13.955646561408217,14.031385123110445,12129600
2010-07-14,14.059292793273926,14.07125087708741,13.84603168180524,13.983555728103754,11656000
2010-07-15,14.081215858459473,14.111112586263866,13.82211291163572,14.019428882167528,14103200
2010-07-16,13.744379043579102,14.08320600995184,13.690566162893694,14.021419048441478,13703600
2010-07-19,13.674620628356934,13.846026866253668,13.590911029554436,13.780254386932992,9580000
2010-07-20,13.919780731201172,13.951670994797066,13.477314728394093,13.533121169075448,14804000
2010-07-21,13.881904602050781,14.164923678641346,13.81413859293709,13.977572294127047,15788800
2010-07-22,14.262588500976562,14.374202864128952,14.023417689641752,14.029396731833481,13528000
2010-07-23,14.497772216796875,14.58148336022403,14.18286437087655,14.250628869172452,11518800
2010-07-26,14.593448638916016,14.738943790225264,14.44595996590607,14.49180032074155,10491600
2010-07-27,14.685126304626465,14.719008559949174,14.517705507871892,14.68911182617753,10412400
2010-07-28,14.571518898010254,14.752889767619319,14.523685039739096,14.677152698639073,8456400
2010-07-29,14.655228614807129,14.770828500190325,14.485815828634347,14.679146304386359,9664400
2010-07-30,14.67715072631836,14.73893618164131,14.477841236259055,14.551586295000861,8702800
2010-08-02,14.8126802444458,14.942231708396044,14.736943190735344,14.82663184698748,10268000
2010-08-03,14.569526672363281,14.788766856259317,14.51969928872277,14.788766856259317,12723600
2010-08-04,14.748908996582031,14.822654088985056,14.575509113661562,14.585475200957877,12157600
2010-08-05,14.760863304138184,14.820656771378278,14.609389156189073,14.639284369198082,8065600
2010-08-06,14.740931510925293,14.766841200392083,14.505746222975244,14.633304190614838,7698800
2010-08-09,14.772820472717285,14.948212282748315,14.724985098572724,14.776805993590605,7893600
2010-08-10,14.730966567993164,14.826634280952328,14.509732890935133,14.633303813558294,9386400
2010-08-11,14.366230964660645,14.5057470242825,14.246645553468912,14.503753503256187,12152000
2010-08-12,14.254617691040039,14.308432118606166,14.091183928384487,14.148983877698308,9752000
2010-08-13,14.067266464233398,14.246645338621365,14.047335816103843,14.232693732869578,8794400
2010-08-16,14.162932395935059,14.244650019746581,13.905822961865024,13.97358898168565,9525600
2010-08-17,14.29247760772705,14.491787017714502,14.244643775100895,14.300450166599763,10123600
2010-08-18,14.398116111755371,14.49179180871638,14.139014705478555,14.288496812388088,8782800
2010-08-19,14.218742370605469,14.352280922924487,14.063281167051713,14.312418101108673,9880800
2010-08-20,14.202788352966309,14.232685067263443,14.049319262525708,14.097154613645147,7151600
2010-08-23,14.141014099121094,14.428020381045945,14.141014099121094,14.27654467440656,7856000
2010-08-24,13.961629867553711,14.097160376577001,13.834071920309515,13.957642826358823,10616000
2010-08-25,13.97757339477539,14.023415244604172,13.616823719737077,13.84204288648636,12604400
2010-08-26,14.029397964477539,14.294480009414935,14.019431879541731,14.08121886904382,13606400
2010-08-27,14.139013290405273,14.182861614007969,13.89186847021016,14.097158487132827,10624800
2010-08-30,14.023414611816406,14.230696645764581,13.943690518665477,14.095166143591182,10087600
2010-08-31,13.951662063598633,14.103137677488641,13.86795245616356,13.953655583950084,11941600
2010-09-01,14.376190185546875,14.39412882689465,14.115095290744929,14.176880734098564,13737200
2010-09-02,14.596259117126465,14.618265660874835,14.358189158207354,14.420208293463807,9632000
2010-09-03,14.85433578491211,14.892347368273747,14.654277390502518,14.75230557639238,12278000
2010-09-07,14.80832290649414,14.898350107213682,14.754307807122053,14.760309315238446,8101200
2010-09-08,14.832322120666504,14.946355289696916,14.78430855642309,14.852327645240951,9198000
2010-09-09,14.788320541381836,15.008384535338585,14.724301897206693,14.970374467010293,7006800
2010-09-10,14.754303932189941,14.974367821167945,14.73829889719994,14.834327580815799,8159200
2010-09-13,14.940359115600586,15.060393832198736,14.880340994139395,14.886344027344899,9858400
2010-09-14,15.058391571044922,15.180427288580674,14.878340274256926,14.89834580430847,9995200
2010-09-15,15.3164701461792,15.346479210524418,14.990375513649681,15.034388604512746,15811600
2010-09-16,15.33246898651123,15.378483070084595,15.188426756936632,15.264449892725336,8692800
2010-09-17,15.456503868103027,15.512519944929368,15.30045864656576,15.390484266276147,12146400
2010-09-20,15.678571701049805,15.8126104143742,15.462508340682058,15.464509351330994,15101600
2010-09-21,15.5425386428833,15.61856029058363,15.448510944268024,15.590552234782216,13273600
2010-09-22,15.466516494750977,15.60255628609188,15.344480732239663,15.498526575689855,10488800
2010-09-23,15.53853702545166,15.628564229727129,15.322473566780065,15.384492714523061,17721600
2010-09-24,15.918648719787598,16.344772612979952,15.900644194282473,16.27475246991895,33384400
2010-09-27,15.826618194580078,15.904640838853416,15.63456233742076,15.888635802509071,18776000
2010-09-28,16.132709503173828,16.168720076783238,15.718588669827886,15.818617871373519,21709600
2010-09-29,15.990667343139648,16.086696042939597,15.850627079185978,16.058686463824458,14574000
2010-09-30,16.032672882080078,16.16471209965139,15.906636695936012,16.00666585119048,13493200
2010-10-01,16.0546817779541,16.196723016132886,15.970657641508739,16.196723016132886,14170000
2010-10-04,15.980656623840332,16.056679755492976,15.812608382695219,15.988659139083964,10353200
2010-10-05,16.264747619628906,16.298757179406344,16.058686197056748,16.124705831677215,13471200
2010-10-06,16.266748428344727,16.266748428344727,16.16872023722811,16.210732319135232,9634400
2010-10-07,16.202730178833008,16.268749820370644,16.066690399145397,16.258746289352988,12183600
2010-10-08,16.412784576416016,16.52481674596684,16.18471821621679,16.19272073208811,19038400
2010-10-11,16.400779724121094,16.464798317579152,16.30475107077217,16.328758615690315,9902800
2010-10-12,16.382780075073242,16.684868646267955,16.36477555410349,16.604844991645773,22497200
2010-10-13,16.408790588378906,16.55483390346053,16.304760883770793,16.480811740155517,10490800
2010-10-14,16.35877227783203,16.458801463043077,16.27274711749756,16.34877027510547,9410000
2010-10-15,16.40479278564453,16.496819488844043,16.32877112465141,16.456808409652893,8276800
2010-10-18,16.33677101135254,16.4287976997122,16.304760932101566,16.40479014027397,6297600
2010-10-19,16.150711059570312,16.31475884340958,16.02067282847629,16.09669445102286,10816400
2010-10-20,16.25274658203125,16.338771768811007,16.174723915687363,16.212735506176585,7533200
2010-10-21,16.42679214477539,16.572833893572387,16.30275541147145,16.328763975250432,11593200
2010-10-22,16.388774871826172,16.510810551735624,16.346762813773946,16.426786435631172,4240400
2010-10-25,16.414785385131836,16.610841679435108,16.406782869358914,16.51881503753221,8882800
2010-10-26,16.368776321411133,16.448799977360242,16.25674411887695,16.332765752550248,10289600
2010-10-27,16.210731506347656,16.27475013170933,16.058686698742022,16.252743586148338,8974000
2010-10-28,16.226734161376953,16.344767864485014,16.11870246075773,16.266745223980724,6505600
2010-10-29,16.292753219604492,16.302755221744178,16.134706933085663,16.192724040262764,8051600
2010-11-01,16.2247314453125,16.40478426075634,16.12270126217365,16.380776709922483,7583200
2010-11-02,16.35477638244629,16.452804584156713,16.306762787410012,16.364779914310986,7117600
2010-11-03,16.370779037475586,16.438798160005362,16.1967276821341,16.350773502985913,7029200
2010-11-04,16.68686294555664,16.702866448984715,16.4848036423312,16.548822235014434,9876000
2010-11-05,16.826913833618164,16.826913833618164,16.652862458686357,16.652862458686357,9038800
2010-11-08,16.726882934570312,16.772895511796882,16.5968446693951,16.7368864650932,7300400
2010-11-09,16.644851684570312,16.742881360742228,16.580833082949805,16.734878844749183,9705200
2010-11-10,16.780899047851562,16.802905595275913,16.568837619570985,16.632856250353303,8811200
2010-11-11,16.738880157470703,16.764888717299883,16.602840431589538,16.674861552722152,6689600
2010-11-12,16.528825759887695,16.734885670199176,16.41279152014888,16.64285898823116,7630400
2010-11-15,16.364763259887695,16.592829512112758,16.344756216519475,16.58682800963154,7975600
2010-11-16,16.106698989868164,16.452799097902943,16.05668439987159,16.320761374000543,12930800
2010-11-17,16.282752990722656,16.390784709462466,16.118705164412084,16.160717245090154,10762000
2010-11-18,16.49881362915039,16.592841305045553,16.438795509035632,16.438795509035632,8432000
2010-11-19,17.167007446289062,17.26903763763493,16.57883690362714,16.57883690362714,19276800
2010-11-22,17.189014434814453,17.20501947040706,17.0209661400647,17.0209661400647,7275600
2010-11-23,17.056983947753906,17.181019210439633,16.980960759578934,17.01497185623214,6632000
2010-11-24,17.311050415039062,17.39907658577034,17.092987525594676,17.092987525594676,8905600
2010-11-26,17.197010040283203,17.32504722091118,17.185007031575452,17.267030134951067,4050400
2010-11-29,17.036975860595703,17.08498945425241,16.788902319666043,17.08498945425241,9700400
2010-11-30,17.231027603149414,17.325055285324083,16.87892595568909,16.90493299543609,13166000
2010-12-01,17.533111572265625,17.661148778826963,17.4850980013861,17.50110303378724,7963600
2010-12-02,17.633502960205078,17.667633247724513,17.458833761896845,17.63550954294677,6449200
2010-12-03,17.573270797729492,17.663617563561942,17.430725312163585,17.569256100727866,8116400
2010-12-06,17.613418579101562,17.6595944695101,17.474887844392207,17.569249270542528,4806400
2010-12-07,17.5050048828125,17.75797207373903,17.490951149983246,17.745926454668815,7686800
2010-12-08,17.531112670898438,17.59736667115086,17.346405941475982,17.55721203535724,5462800
2010-12-09,17.561222076416016,17.768013399718164,17.515044644461483,17.69573661250197,6420400
2010-12-10,17.627471923828125,17.745924583507392,17.567240771343926,17.619441001380775,5095200
2010-12-13,17.914567947387695,18.173557877979295,17.870398647056856,17.996882208397512,12956400
2010-12-14,17.924617767333984,18.016971126151546,17.77002664168652,17.864388115101296,7558800
2010-12-15,17.784080505371094,17.988863775189696,17.753964913171774,17.922609778699723,7000800
2010-12-16,17.914567947387695,17.91858264208069,17.621444687326946,17.776037238484893,7224400
2010-12-17,18.07920265197754,18.13943227831585,17.924610061051045,17.940671907438055,11552400
2010-12-20,18.123371124267578,18.243833445029995,17.9948794117469,18.17557136114849,8692800
2010-12-21,18.53093910217285,18.569084087814332,18.16554037632613,18.26993935582123,25000000
2010-12-22,17.45682144165039,17.717821118989605,17.38655276905666,17.46686047991043,33224000
2010-12-23,17.276134490966797,17.466864002434313,17.15165743745319,17.452810265081364,13772800
2010-12-27,17.231964111328125,17.282156246198536,17.165710125681006,17.262079698598853,6373600
2010-12-28,17.332347869873047,17.422693097278213,17.28817854741102,17.314277905346604,8459600
2010-12-29,17.11952781677246,17.374504647143695,17.115513121091748,17.374504647143695,6960400
2010-12-30,17.217910766601562,17.2901875649989,17.089419020949066,17.125557420147732,5910000
2010-12-31,17.149646759033203,17.233969170543993,17.089417121557894,17.145632062565088,5796000
2011-01-03,17.284162521362305,17.382540206813317,17.117525800680177,17.23196380487989,8566400
2011-01-04,16.858539581298828,17.215907444097446,16.814370244235114,17.185791847759198,13797600
2011-01-05,16.968952178955078,17.031191452726187,16.7661771059758,16.794284572165836,11598800
2011-01-06,16.816373825073242,16.964942120077158,16.776219196867828,16.95490308009019,8057200
2011-01-07,16.770193099975586,16.854515505072936,16.717992859406785,16.804323378456587,8174400
2011-01-10,16.8986873626709,16.962933233130947,16.675834164443962,16.713980676566056,8914400
2011-01-11,16.868574142456055,17.025174909681716,16.788267941920953,16.904712545393885,5563200
2011-01-12,16.81035041809082,16.962933404637162,16.800311378459597,16.94486497139183,9653600
2011-01-13,16.575441360473633,16.830418128499666,16.553356710274794,16.830418128499666,9774400
2011-01-14,16.878610610961914,16.924788047800124,16.537304715477653,16.587496849033712,8390800
2011-01-18,16.876604080200195,17.061312313141165,16.838459096703392,16.94888088184177,9024400
2011-01-19,16.796295166015625,16.898686008651254,16.629656926325445,16.882624159387614,10901200
2011-01-20,16.677845001220703,16.794291139107916,16.56340697791572,16.703944363819165,9431200
2011-01-21,16.52325439453125,16.77622169708492,16.501169728662532,16.76618418734448,7430400
2011-01-24,16.59552001953125,16.643704016342003,16.362627893419596,16.463012113624625,8115600
2011-01-25,16.639698028564453,16.653751766771094,16.446960390983698,16.57746026389827,7434000
2011-01-26,16.86454963684082,16.89867990539261,16.621619998500094,16.691888648971922,10357600
2011-01-27,16.617616653442383,16.932823299965737,16.601556329271787,16.87861645093635,9769600
2011-01-28,16.354598999023438,16.65976792404543,16.32247684108218,16.64571419274454,8968000
2011-01-31,16.559389114379883,16.575449432739138,16.264259128668137,16.366649976645505,7680800
2011-02-01,16.774211883544922,16.804325938709095,16.58749708281516,16.6135964412049,9705200
2011-02-02,16.846492767333984,16.852515579828292,16.687885400765268,16.750123172196794,7764400
2011-02-03,16.824398040771484,16.92478227363589,16.740074121041587,16.77822061968745,10352400
2011-02-04,17.213890075683594,17.24400565583286,16.826406824842852,16.866561442289218,9636400
2011-02-07,17.366477966308594,17.42670913842625,17.19783313516689,17.22594060702384,8380800
2011-02-08,17.408641815185547,17.428718365023165,17.30223472247786,17.402619003408518,6836800
2011-02-09,17.517047882080078,17.607393075078914,17.356432503702408,17.408632731436416,8368800
2011-02-10,17.424705505371094,17.555205390692045,17.31829840144166,17.450804869738192,6752400
2011-02-11,17.308256149291992,17.408640422190153,17.25806401284291,17.356440171395224,7392800
2011-02-14,17.21992301940918,17.374515707008,17.15567712542787,17.33034636769405,7376000
2011-02-15,17.175756454467773,17.18378585152128,16.98904157224134,17.119539952891916,8109600
2011-02-16,17.21589469909668,17.256047776660274,17.089411126203807,17.169717281330996,8908800
2011-02-17,17.274124145507812,17.282155070349756,16.944863885699615,17.01312444924269,11937200
2011-02-18,17.832258224487305,17.834266338388126,17.26609111208175,17.36246066667385,14709200
2011-02-22,17.513036727905273,17.731873655156676,17.448790869912543,17.58732009173751,10978800
2011-02-23,17.304231643676758,17.633491749606765,17.223923964531046,17.444768933375574,11854400
2011-02-24,17.3704891204834,17.45079682301511,17.165705934182448,17.250028332556838,8765200
2011-02-25,17.663616180419922,17.727862049612437,17.374509003182435,17.400608361005464,8998400
2011-02-28,17.87441635131836,17.90051723231304,17.657586039590367,17.725848114797405,10352800
2011-03-01,17.60739517211914,18.031016789595345,17.56925020231125,17.998894629139123,13718400
2011-03-02,17.733890533447266,17.914582577022664,17.513045383185258,17.599375941130013,9465200
2011-03-03,18.100570678710938,18.13079233200302,17.91118462321236,17.913199810001736,10421200
2011-03-04,18.108625411987305,18.132803036071298,17.999828409314464,18.094522182222498,10181600
2011-03-07,17.915212631225586,18.358459939026325,17.784253164440436,18.132806680302107,16266400
2011-03-08,17.9696102142334,18.06631764659434,17.897078871394232,17.961551005347165,9622000
2011-03-09,17.921249389648438,18.064298381487557,17.780217120825082,17.882970080760067,9950400
2011-03-10,17.76612091064453,17.945434096312166,17.63717663189785,17.780224143096916,9078400
2011-03-11,17.5626277923584,17.64724717597204,17.220119885082116,17.625086274000054,14917200
2011-03-14,17.369211196899414,17.504199479251028,17.19795724525994,17.500170643613192,10236000
2011-03-15,17.191913604736328,17.290636219990805,16.923950683337306,17.050879760093064,9891200
2011-03-16,17.08916473388672,17.300714783251646,16.934029158253082,17.125430412716785,10024800
2011-03-17,17.20803451538086,17.274520305903813,17.02267576519495,17.240269817280307,13822000
2011-03-18,15.63249397277832,15.846059193740297,15.479373595046642,15.713084535190173,78895200
2011-03-21,15.481389999389648,15.705028119735825,15.437066642456648,15.638542315767626,23426000
2011-03-22,15.201335906982422,15.513623753233519,13.988453271706305,15.44310758905533,36628400
2011-03-23,15.557950973510742,15.654658431144727,15.120749152850737,15.146940435722998,48562000
2011-03-24,15.459221839904785,15.682858318239454,15.392734529978345,15.610328524026686,17726800
2011-03-25,15.445123672485352,15.634509733396689,15.43706446223465,15.479374163197944,18833600
2011-03-28,15.289989471435547,15.51161241547527,15.271857397777854,15.449155445582138,14793600
2011-03-29,15.384681701660156,15.443109828204374,15.23559014190368,15.332297599045113,15672400
2011-03-30,15.46325397491455,15.5136228803703,15.360500977386463,15.406841046746035,9911200
2011-03-31,15.251704216003418,15.435047772799882,15.235587334208162,15.410870144401448,13097200
2011-04-01,15.418926239013672,15.493472758663222,15.275878758445666,15.300056381959857,12892400
2011-04-04,15.59622859954834,15.626448713066463,15.382663395485903,15.469297974224201,9965200
2011-04-05,15.70098876953125,15.715091995734275,15.483394819139123,15.549882115726113,12783200
2011-04-06,15.850086212158203,15.91657353380723,15.76345163650137,15.844042189669556,15684000
2011-04-07,15.733241081237793,15.8440533621256,15.517662083350814,15.8440533621256,14822800
2011-04-08,15.59220027923584,15.916576195559356,15.525712946468042,15.850088862791557,10769600
2011-04-11,15.741299629211426,15.74331481708895,15.564001524438623,15.566016712316145,8329200
2011-04-12,15.755396842956543,15.789648875219674,15.584142830190416,15.618393325316166,8850000
2011-04-13,15.99917984008789,16.023355930898617,15.745320126616237,15.751364149318917,12069600
2011-04-14,16.134164810180664,16.17244412511554,15.846054669386843,15.888364356716982,14087600
2011-04-15,15.862168312072754,16.200647246008746,15.850078735661173,16.200647246008746,13746800
2011-04-18,15.831948280334473,15.846051506629617,15.553911051749653,15.729195324677631,11543200
2011-04-19,15.862168312072754,16.02737817642626,15.81381308069888,15.850078735661173,10802800
2011-04-20,16.132150650024414,16.168416318204923,15.968955911780508,16.00522157996102,14865200
2011-04-21,16.156328201293945,16.244976416449223,16.08581051444157,16.244976416449223,8706000
2011-04-25,16.140207290649414,16.301388354064045,16.09386723534833,16.240945070999423,6976000
2011-04-26,16.109981536865234,16.23892573982788,15.997155743556956,16.13617279970147,7317600
2011-04-27,16.343704223632812,16.365866666669476,16.10193253699753,16.130139003201077,9981200
2011-04-28,16.635839462280273,16.66807629461728,16.23893230266734,16.335641262541582,10064000
2011-04-29,16.585472106933594,16.627781800457825,16.47063107104299,16.573384062251503,8844400
2011-05-02,16.569353103637695,16.819183957241563,16.520999389481435,16.67815011334192,12402400
2011-05-03,16.452499389648438,16.641885421700156,16.428321762580648,16.591516518161633,8710800
2011-05-04,16.680164337158203,16.722474026745363,16.402128575383962,16.61770739593003,11956000
2011-05-05,16.643898010253906,16.790974324832202,16.539129846450603,16.662030074871762,9631200
2011-05-06,16.525028228759766,16.809109565905025,16.472645678886185,16.760755851738313,9624800
2011-05-09,16.704349517822266,16.716437566847695,16.460562590134717,16.48071138802705,6536800
2011-05-10,16.823204040527344,16.863498525171188,16.668068583798874,16.772835166154508,10405600
2011-05-11,16.653974533081055,16.855450141540473,16.561294400509247,16.756725986656786,8601600
2011-05-12,17.040802001953125,17.064978083638223,16.60964445768939,16.649938951922174,10240800
2011-05-13,17.37928581237793,17.43368354843204,17.064982828846546,17.069013201672394,14448800
2011-05-16,17.179824829101562,17.37928679253521,17.12945592589574,17.274518613070416,10656800
2011-05-17,17.103269577026367,17.12946086086977,16.91791232874064,17.089166341551092,9972400
2011-05-18,17.0911808013916,17.246316385018275,17.030737487848196,17.103268849245357,9857600
2011-05-19,17.349063873291016,17.35913826804954,17.133485044835222,17.163706691973978,8239600
2011-05-20,17.13550567626953,17.423615934554824,17.002531001459097,17.40548232565462,10130400
2011-05-23,16.847387313842773,17.07102531416512,16.815150485588184,16.944094724333393,9112400
2011-05-24,16.99044418334961,17.07103476144915,16.849410287391052,16.88164713348584,5756000
2011-05-25,16.76075553894043,16.883655777053878,16.744637122140052,16.879625404285367,9230400
2011-05-26,16.93805503845215,16.9723055243863,16.720461003452293,16.75672667595227,6762000
2011-05-27,17.048871994018555,17.085137676625735,16.962237393186815,16.97231025454929,6079600
2011-05-31,17.014616012573242,17.11535382564268,16.887686921475083,17.09319138379644,8879200
2011-06-01,16.551219940185547,17.06901214231771,16.537116710444078,16.9924504347468,10124800
2011-06-02,16.411678314208984,16.702901126094325,16.39347602055141,16.557290491631424,11829200
2011-06-03,16.251907348632812,16.452123294814058,16.223594044847964,16.282243472104962,11259200
2011-06-06,16.132587432861328,16.371229264316213,16.126520516097482,16.253931939976304,9092800
2011-06-07,16.563352584838867,16.648292482612003,16.209434801158373,16.217524535654736,13809200
2011-06-08,16.199329376220703,16.581560627369388,16.152815311095814,16.488530954159845,12223200
2011-06-09,16.314607620239258,16.448086001541373,16.22764485322848,16.237757412888325,9538800
2011-06-10,16.1103458404541,16.49459838074961,16.088099445852595,16.29842646996896,9920000
2011-06-13,16.28225326538086,16.561342374677626,16.114394618437903,16.128551278845123,10787600
2011-06-14,16.632116317749023,16.67054217850062,16.39752014258618,16.415720891599424,11731600
2011-06-15,16.257976531982422,16.565380363028662,16.158879954915992,16.49459555073595,11418800
2011-06-16,16.23775863647461,16.330788329107502,16.06585591002339,16.274161693849226,9092000
2011-06-17,16.403587341308594,16.500661090302465,16.340893814126744,16.34291509096786,10494400
2011-06-20,16.83232879638672,16.864686188194387,16.353022490129252,16.353022490129252,9140800
2011-06-21,17.091201782226562,17.155918137879652,16.795933313124365,16.816156884961025,9263200
2011-06-22,16.57346534729004,17.07097404216075,16.553241780391378,16.965809025552915,18370400
2011-06-23,16.622007369995117,16.656387595486763,16.306513794600008,16.454148796651772,17086000
2011-06-24,16.417739868164062,16.6826721059575,16.326733058482677,16.60582194540342,15564400
2011-06-27,16.506731033325195,16.73930441362967,16.365162950792516,16.365162950792516,22992800
2011-06-28,18.18126678466797,18.31878921795177,17.222655391372914,17.244900237838742,60456800
2011-06-29,18.156999588012695,18.27227564464901,17.83341780999493,18.13273191901113,25427600
2011-06-30,18.19744110107422,18.288447909873913,18.043739238496116,18.043739238496116,17715200
2011-07-01,18.569562911987305,18.603943130933555,18.08621239823001,18.130705172376587,16781200
2011-07-05,18.553386688232422,18.62821559811793,18.389573757438264,18.460357027351815,14938800
2011-07-06,18.67675018310547,18.70506348759333,18.478557051690455,18.482601148206133,14488000
2011-07-07,18.941679000854492,19.056955007984453,18.74955129366525,18.759663846712723,17198000
2011-07-08,18.85673713684082,18.876960699515518,18.6605653386825,18.80617745867461,12672400
2011-07-11,18.49068260192871,18.818309819486593,18.43001038065399,18.579668115009326,12599600
2011-07-12,18.450246810913086,18.601925914267333,18.33294793400882,18.460357825360923,7284000
2011-07-13,18.6160831451416,18.781918908224142,18.39968767937585,18.39968767937585,9458400
2011-07-14,18.59787940979004,18.79809538488398,18.45429005044311,18.640349371600294,10843200
2011-07-15,18.54529571533203,18.680796872090113,18.369348962266773,18.680796872090113,14330400
2011-07-18,18.330923080444336,18.5230493061962,18.298565677657248,18.38350559580274,11662400
2011-07-19,18.351144790649414,18.51091359742582,18.304630739551058,18.49473412619191,18579600
2011-07-20,18.322834014892578,18.399685742374793,18.23587127371395,18.381483448986025,9916000
2011-07-21,18.5736083984375,18.72528748003913,18.260139222236447,18.355191693580306,11621200
2011-07-22,18.54731559753418,18.664614442972074,18.490688994346012,18.61607757494782,7219200
2011-07-25,18.389570236206055,18.486645518470652,18.266204470996108,18.270248567234137,6965200
2011-07-26,18.268226623535156,18.46844255363093,18.239913322025014,18.40372621547072,7566800
2011-07-27,17.942626953125,18.316768432253603,17.908246726725856,18.189358541089916,12686400
2011-07-28,18.298559188842773,18.47652869846099,17.97295474178753,17.97295474178753,14810400
2011-07-29,18.231822967529297,18.36327845890881,18.049807790462214,18.16306099265544,9905200
2011-08-01,18.068010330200195,18.29451830002999,17.7990339482915,18.286428564361856,10046800
2011-08-02,17.212539672851562,18.039695397477388,17.186249191524197,17.849592026804185,17061600
2011-08-03,17.610946655273438,17.619036388561234,16.767611632745975,17.250962010240162,15954400
2011-08-04,16.492572784423828,17.544213801447892,16.48043740866288,17.41478110836676,18850800
2011-08-05,16.96177101135254,17.091203737465865,16.24786665446648,16.68672608262177,21511200
2011-08-08,16.01528549194336,16.854574985477555,15.774620909954841,16.458187260587625,23861600
2011-08-09,16.68470001220703,16.715036139002944,15.568342581201541,16.25190912926654,21544000
2011-08-10,16.043607711791992,16.76560031626658,15.984958262436253,16.516845861617053,19309600
2011-08-11,16.836374282836914,17.06692631174174,16.041576011730573,16.110337982311503,14950400
2011-08-12,17.03659439086914,17.200408851840194,16.86469173650444,16.959744209953946,10663200
2011-08-15,17.216577529907227,17.22264598613062,16.74131696101011,17.111414099747655,10026800
2011-08-16,16.830310821533203,17.297481890240707,16.81210852974805,17.006257565353238,14041200
2011-08-17,16.69481086730957,17.10737659503238,16.551219984640547,16.917273202874437,12017200
2011-08-18,16.162921905517578,16.460213140197215,15.970795693847005,16.33280327231709,16644000
2011-08-19,15.89192008972168,16.480434003385593,15.875740620689776,15.964726157406156,12648800
2011-08-22,16.027423858642578,16.296401815476447,15.982931078659893,16.185169865519736,11138800
2011-08-23,16.905141830444336,16.913231568211568,15.997089981768642,16.092142471833974,12045600
2011-08-24,17.35209083557129,17.390515160968175,16.757508229445875,16.828291505660875,15281600
2011-08-25,16.93951988220215,17.49163086268852,16.884914550003224,17.362198172752407,12359600
2011-08-26,17.451183319091797,17.485563539032675,16.644251074049983,16.846489840233048,12230800
2011-08-29,17.90622329711914,17.918357131209415,17.554328221865042,17.617021755277552,11164000
2011-08-30,17.46736717224121,17.904202214434232,17.46534435204336,17.85768815060169,18831200
2011-08-31,17.523990631103516,17.90419898280859,17.4228712408986,17.602863632026594,13958000
2011-09-01,17.566617965698242,17.881212725642435,17.459045235801444,17.526024044463668,15754400
2011-09-02,17.05716896057129,17.420476287119474,17.008457822209834,17.225630185174484,10301200
2011-09-06,17.000343322753906,17.030788372584862,16.27778710399747,16.470604720593805,11293200
2011-09-07,17.55849266052246,17.55849266052246,17.081525489777086,17.260134031377714,11406000
2011-09-08,17.318998336791992,17.757401792731578,17.211427168619302,17.404243238155306,11198800
2011-09-09,16.74460220336914,17.331170568795113,16.740543587204904,17.13632447443035,14903200
2011-09-12,17.122116088867188,17.13429348521449,16.53148759003866,16.594407750997448,9916800
2011-09-13,17.41844367980957,17.532103502343737,17.06122510377497,17.132264041357768,11845600
2011-09-14,17.757408142089844,18.021263272272506,17.335242101697755,17.509790584210755,15416000
2011-09-15,17.869029998779297,17.94209748672859,17.609235174292618,17.913682524581564,11005600
2011-09-16,18.22015953063965,18.262783524983544,17.927891109348874,17.98675111984825,16175600
2011-09-19,18.307432174682617,18.368322260138,17.866998741852818,17.90962118227191,14538000
2011-09-20,18.157241821289062,18.506341736523016,18.11258929048014,18.402829192238652,15854400
2011-09-21,17.40220832824707,18.18971305145223,17.363646054135895,18.112585406231602,20442800
2011-09-22,17.085586547851562,17.193157704671524,16.68777550164029,16.884651716272778,23763200
2011-09-23,17.990806579589844,18.26480885393429,17.595025688703323,17.81625666142986,36419200
2011-09-26,18.126792907714844,18.262780553952393,17.70259705248631,18.177534127632082,16838400
2011-09-27,18.384563446044922,18.786433134055457,18.262784799632623,18.34802969727128,17462800
2011-09-28,17.956302642822266,18.668709783835823,17.9116501228016,18.40282474603071,14258000
2011-09-29,17.858884811401367,18.26684477836474,17.34132513844747,18.22422232636851,14378000
2011-09-30,17.355531692504883,17.90962508726615,17.34944299233161,17.653890388991503,13958800
2011-10-03,16.856237411499023,17.493547143455206,16.846088545987197,17.241869524956986,14336000
2011-10-04,17.400178909301758,17.434682565409023,16.442184479388853,16.54975561225212,13781600
2011-10-05,17.8203182220459,17.909621721972613,17.31899468865349,17.440773314734823,14786400
2011-10-06,18.12070083618164,18.22421333912523,17.702593757407822,17.765512362874095,10604000
2011-10-07,17.891359329223633,18.24045926516939,17.77769791264854,18.122739231234274,10361600
2011-10-10,18.4129695892334,18.443414623373418,18.132877133343733,18.22218215388812,8209200
2011-10-11,18.236391067504883,18.40891087656553,18.151146203992408,18.224213672288496,8690400
2011-10-12,18.630151748657227,18.7742566680733,18.2566954594455,18.333823126527047,14055200
2011-10-13,18.715391159057617,18.774251159322958,18.455596363747926,18.555048720093236,8464800
2011-10-14,18.869647979736328,18.912270425127705,18.654505670094302,18.790491788509566,8570800
2011-10-17,18.47386360168457,18.85543858582543,18.410944981320586,18.72756971411898,8205600
2011-10-18,18.56723403930664,18.73975393461624,17.856856724561517,18.390653977895834,11126000
2011-10-19,18.52866554260254,18.77425288095512,18.484013017720386,18.605791645626727,8566800
2011-10-20,18.650449752807617,18.766139716220895,18.406892424095364,18.599708513617585,8444800
2011-10-21,19.14974021911621,19.14974021911621,18.78034412035195,18.8351455168469,12383600
2011-10-24,19.295866012573242,19.470415887416447,19.1030500466063,19.14770100774169,13173600
2011-10-25,19.027952194213867,19.350665520148354,18.971122291420276,19.101019654519547,9488800
2011-10-26,19.121320724487305,19.279633079530118,18.820933576072505,19.208595682844123,9555200
2011-10-27,19.450124740600586,19.584080755620146,19.36893847924069,19.519132056232056,15440800
2011-10-28,19.636852264404297,19.673386004975715,19.265426160011426,19.415621287082335,12221600
2011-10-31,19.55567169189453,19.825615434184364,19.391270585740386,19.43592312037475,12228000
2011-11-01,19.05434226989746,19.368938451529793,18.969097392416142,18.979246255758788,10651200
2011-11-02,19.269485473632812,19.44403538770841,19.096964093361073,19.41359034716051,11624400
2011-11-03,19.4196834564209,19.5333433152166,18.991427354673522,19.51507721583848,10792800
2011-11-04,19.15582275390625,19.48259629939349,18.99954049447708,19.32225387564207,8239200
2011-11-07,19.038105010986328,19.34255230935925,18.965037535496904,19.18423841346614,8730800
2011-11-08,19.366914749145508,19.411567284964274,19.017814794743867,19.157861102811875,9659200
2011-11-09,18.745845794677734,19.088857108556827,18.593622058719546,18.971137047775848,11706800
2011-11-10,19.062454223632812,19.18829296091629,18.788452045006103,18.96097182054895,9393600
2011-11-11,19.515073776245117,19.5678450793132,19.17003254664508,19.230922630838958,8108000
2011-11-14,19.433887481689453,19.665267323648955,19.322256177016378,19.452153577818233,6849200
2011-11-15,19.474483489990234,19.60641099792987,19.214688639678034,19.334438747915364,7013600
2011-11-16,19.01780891418457,19.383146322916698,18.98533533813014,19.310078841170274,8850000
2011-11-17,18.650449752807617,19.013757211228203,18.44951487919502,18.90212586561024,9039200
2011-11-18,18.824995040893555,18.9731601036872,18.561140043562155,18.798610160560152,9440800
2011-11-21,18.481983184814453,18.705245812240808,18.22421844473942,18.595644581094948,7354000
2011-11-22,18.597667694091797,18.798604000204193,18.467770320634667,18.508364217651792,7660000
2011-11-23,18.455604553222656,18.66668830520269,18.368329555274176,18.41501217913026,7470400
2011-11-25,18.323667526245117,18.644352380416205,18.323667526245117,18.40079516498189,3475600
2011-11-28,19.263402938842773,19.450130309484173,18.65247804410343,18.680893011440183,15442400
2011-11-29,19.255268096923828,19.36892787148027,19.141606773869096,19.334424232561105,11024400
2011-11-30,19.52117156982422,19.78908527779904,19.265435264961923,19.703840359011572,13492800
2011-12-01,19.405044555664062,19.62710678665911,19.254286639469374,19.4274547052181,9566800
2011-12-02,19.6087703704834,19.7024848267749,19.45801246725945,19.51301820413935,9465600
2011-12-05,19.680068969726562,19.86138625386698,19.545609677296515,19.70655452977382,8855600
2011-12-06,19.6087703704834,19.81046014479951,19.549689213498404,19.80231085890668,6987600
2011-12-07,19.535429000854492,19.759528930242546,19.407081240991968,19.716746343621708,11209200
2011-12-08,19.390779495239258,19.655625812101512,19.35410849066321,19.476344654477654,9393200
2011-12-09,19.900094985961914,20.016219556329776,19.415224272802874,19.4518952715673,12422800
2011-12-12,19.751379013061523,19.91436162249172,19.513018229081677,19.830832607721472,10852400
2011-12-13,19.364294052124023,19.92250680996405,19.23390861312952,19.788045951697637,10714000
2011-12-14,19.22983741760254,19.500795348968943,19.09945194996947,19.34799973336919,9455200
2011-12-15,19.166675567626953,19.5048622681303,19.030178572674302,19.443744976247846,10732000
2011-12-16,19.083148956298828,19.370405393140317,19.05870265823029,19.30928653933493,12788400
2011-12-19,19.02406883239746,19.17890213050926,18.95887611018993,19.134081842557126,8765200
2011-12-20,19.075000762939453,19.53746294919662,18.924242883733577,19.248170340518094,18300800
2011-12-21,19.62914276123047,19.82064709346172,19.20946464181375,19.52320515351112,25045200
2011-12-22,19.31743812561035,19.678035053948452,19.20131353299464,19.678035053948452,11711600
2011-12-23,19.741188049316406,19.74729962345494,19.307247633677363,19.409111347498072,7165200
2011-12-27,19.91843605041504,19.965294057101772,19.661740531646544,19.757492700815266,6448000
2011-12-28,19.64544105529785,19.965293138299963,19.614881622283924,19.95103227680244,6830000
2011-12-29,19.85527229309082,19.948986710929677,19.657656465647626,19.66988116662954,8571600
2011-12-30,19.633214950561523,19.871575694444363,19.633214950561523,19.841016266027236,6609200
2012-01-03,19.72285270690918,19.963251145087053,19.70044256446164,19.836941128728558,10944400
2012-01-04,20.01010513305664,20.118080404511705,19.661731471557275,19.702476329130878,9440800
2012-01-05,19.997896194458008,20.08346138874368,19.761571500543912,19.922516444643797,8393200
2012-01-06,19.963254928588867,20.067156376508567,19.867502766223392,19.951031777416183,7760800
2012-01-09,20.036592483520508,20.154754766274344,19.904169342800998,19.98566062588354,10045600
2012-01-10,20.0610408782959,20.15475531236909,19.900096017284227,20.134382879625697,9812400
2012-01-11,19.99380874633789,20.087523172419363,19.92250446065817,20.020292751214114,7002800
2012-01-12,20.189393997192383,20.197543283330273,19.912324485773773,20.02437522727299,7516400
2012-01-13,20.026409149169922,20.154756884349123,19.973439576452126,20.044743873773903,6534000
2012-01-17,20.217910766601562,20.258657187305058,19.97547616926311,20.10789776217766,8242000
2012-01-18,20.547954559326172,20.600924141402924,20.107902439274465,20.130312587294732,12278800
2012-01-19,20.694637298583984,20.774090889546375,20.478685117991205,20.523505411214558,9158000
2012-01-20,20.731307983398438,20.780202141463636,20.58054853502841,20.68852540080173,8949600
2012-01-23,20.690561294555664,20.977817772477405,20.6111077058363,20.763903307883886,8329600
2012-01-24,20.822980880737305,20.857614171544625,20.580544736452108,20.64573745327876,6564400
2012-01-25,21.026710510253906,21.04300907974135,20.75779033097965,20.763901905958154,11383600
2012-01-26,20.841320037841797,21.02874893032694,20.737418596746195,20.983928639881103,7528000
2012-01-27,20.802610397338867,20.908547989239516,20.678336526381745,20.8148335471651,6934000
2012-01-30,21.063383102416992,21.218216415586355,20.549990559394818,20.668151311294114,11892000
2012-01-31,21.185611724853516,21.379153685927612,21.077636452389914,21.30377398896401,24751600
2012-02-01,21.1367244720459,21.356750507056095,21.134686762189173,21.271185344880088,10000400
2012-02-02,20.94725799560547,21.226365183628406,20.896326129096572,21.18765646770014,9372800
2012-02-03,21.085790634155273,21.18765435702559,21.004299344995612,21.085790634155273,13192000
2012-02-06,21.07765007019043,21.159141393065216,20.918742845459334,20.992084880614872,6230400
2012-02-07,21.234519958496094,21.33027058666053,20.975785139323193,21.02875472939536,5231200
2012-02-08,21.580842971801758,21.729564653756686,21.293586599348398,21.293586599348398,11142800
2012-02-09,21.546222686767578,21.631787871084367,21.436209640795592,21.544184976383576,5847600
2012-02-10,21.474912643432617,21.511582094666586,21.342489481480246,21.405644497695004,6210000
2012-02-13,21.436203002929688,21.580849309050958,21.313966841140164,21.554365299530318,5875200
2012-02-14,21.723461151123047,21.72549886118051,21.24673958262176,21.34860332505202,9526000
2012-02-15,21.717357635498047,21.927196774093787,21.658276456442888,21.78866197079981,9935200
2012-02-16,21.627696990966797,21.886430050765934,21.503423178703382,21.69085197433082,6658000
2012-02-17,21.73365020751953,21.896632832586217,21.65215889498619,21.745873360388405,6957200
2012-02-21,21.381195068359375,21.83550796177668,21.332300915996736,21.71530795908539,7308800
2012-02-22,21.540103912353516,21.644003792455575,21.387308325279452,21.40360533995303,6237200
2012-02-23,21.62363052368164,21.73771739357827,21.50139436960425,21.578810237845957,5860400
2012-02-24,21.654184341430664,21.717339334575477,21.519723518754653,21.617513349275082,4675200
2012-02-27,21.833471298217773,21.943484312042703,21.501396101271588,21.570662690911085,6077200
2012-02-28,21.886436462402344,21.927181324060562,21.701043766928706,21.882362597963258,5047600
2012-02-29,21.986270904541016,22.05961292714371,21.784581119542324,21.902743439770823,7088400
2012-03-01,22.186586380004883,22.27652697417597,22.08029266698101,22.258129325586772,7070400
2012-03-02,22.22747230529785,22.292883234984647,22.065988731488673,22.21316371316385,7011200
2012-03-05,22.32966423034668,22.417560263130348,22.13752061133393,22.219283057117046,7173200
2012-03-06,21.941301345825195,22.325591965097843,21.865670875919644,22.190681030369426,7887200
2012-03-07,21.990354537963867,22.106867785429692,21.93312017914126,21.965824858674473,7177600
2012-03-08,22.055768966674805,22.17841426360187,22.00671115980789,22.102782243395723,4564800
2012-03-09,22.480934143066406,22.51568334768407,22.117084301035057,22.207024886651695,9813600
2012-03-12,22.372596740722656,22.468669359010722,22.198849151668508,22.23973194642894,9208000
2012-03-13,22.6403751373291,22.65672669655144,22.390995534837355,22.485023628322576,9531200
2012-03-14,22.54634666442871,22.736447377922605,22.517729486872145,22.668991933888176,7452400
2012-03-15,22.63424301147461,22.70374142655206,22.548389918205853,22.654683630055082,7297200
2012-03-16,22.73440933227539,22.84887807514909,22.599498405728827,22.636292153012466,14449600
2012-03-19,22.920413970947266,23.0001334722236,22.68125546711827,22.873400705845416,10399600
2012-03-20,22.84069061279297,23.092114692491524,22.838647643016422,22.838647643016422,10681200
2012-03-21,22.57496452331543,23.036928437539146,22.562698904335846,22.908151134647994,15109600
2012-03-22,22.68739128112793,22.818213128610612,22.296970268661646,22.5075116307191,20453600
2012-03-23,21.957656860351562,22.79164756713789,21.68170448870724,22.732368655381418,26509200
2012-03-26,22.188631057739258,22.239733384855636,22.01897095742826,22.051675635832726,12512800
2012-03-27,22.051677703857422,22.31536592364915,22.018973022385882,22.221337820079288,10130800
2012-03-28,21.918807983398438,22.061893856914764,21.724618229890215,21.996482949090293,9239200
2012-03-29,22.045549392700195,22.074166578635374,21.72871581712654,21.72871581712654,7893200
2012-03-30,22.166147232055664,22.317409692683007,22.045544921912725,22.153881612342552,9274800
2012-04-02,22.284704208374023,22.450276824200326,22.074162850472806,22.162058923720046,9788000
2012-04-03,22.356250762939453,22.41348513037183,22.1375328248117,22.241780468555152,4644000
2012-04-04,22.380781173706055,22.46254523247408,22.21521008535259,22.311282737441044,8866800
2012-04-05,22.564746856689453,22.593364039450343,22.280617999620983,22.286750030281247,8787600
2012-04-09,22.626073837280273,22.68944024341828,22.18046134489361,22.25813634466019,11309600
2012-04-10,21.76141929626465,22.587233260534223,21.653082589877528,22.583145759707357,16864400
2012-04-11,22.127304077148438,22.233596214240603,21.96786509175069,22.014878351794124,12034800
2012-04-12,22.209068298339844,22.219287826497013,21.906541881641346,22.104819130214945,11554800
2012-04-13,22.31536293029785,22.403258991771505,22.13343877786713,22.249952016609495,2622000
2012-04-16,22.362382888793945,22.4604985020892,22.215207909331504,22.29492742995373,7135200
2012-04-17,22.450275421142578,22.485024630377616,22.321496554712603,22.456407451064134,5772000
2012-04-18,22.5994930267334,22.679212533620316,22.29083608858939,22.350113416668968,8174800
2012-04-19,22.405305862426758,22.67921360476588,22.28674808162951,22.61380268424315,8027600
2012-04-20,22.642417907714844,22.7793733265679,22.42983360402731,22.42983360402731,9299600
2012-04-23,22.43392562866211,22.48094046423196,22.21316316163068,22.45027875055767,6355200
2012-04-24,21.820690155029297,22.435962510820037,21.736881603522825,22.27856649538754,13254400
2012-04-25,22.286754608154297,22.292886640074126,21.857495219048236,21.90655303392669,8388400
2012-04-26,22.55656623840332,22.6383302713776,22.225424166160344,22.28674602125164,6228400
2012-04-27,22.61585235595703,22.803908600275527,22.446192206193302,22.503426579723303,9349200
2012-04-30,22.867273330688477,22.893845983349273,22.689436644212226,22.689436644212226,9552400
2012-05-01,22.750764846801758,22.89385079043404,22.58723671734787,22.875454694618387,10164000
2012-05-02,23.359901428222656,23.417135799541033,22.69761553800772,22.69761553800772,10581200
2012-05-03,23.384429931640625,23.468236954117824,23.204548705703967,23.345591656128015,10340800
2012-05-04,22.855003356933594,23.312881312247793,22.79981353206655,23.282219605313124,7205600
2012-05-07,22.775287628173828,22.955168840250874,22.730317325154566,22.77120012768092,6864000
2012-05-08,22.225421905517578,22.515682711509353,21.78185257859318,22.444139774753502,14058800
2012-05-09,22.106863021850586,22.256080916696206,21.88814516375383,21.959688096866046,9026000
2012-05-10,21.98627281188965,22.384872045819524,21.920861871485954,22.286754855454063,9458800
2012-05-11,22.129350662231445,22.341936515682523,21.802296102890995,21.912675749559085,6328400
2012-05-14,21.967864990234375,22.17022973541798,21.85952832422213,22.004658722042212,5636400
2012-05-15,21.91676902770996,22.28266192249037,21.87384325473833,21.935165119189463,7127600
2012-05-16,21.87179946899414,22.26426502910636,21.71236043266852,22.023061944544153,9965200
2012-05-17,21.32806396484375,21.871793409384523,21.313755377330523,21.8268231173375,9444400
2012-05-18,21.552927017211914,22.031244250930932,21.47933951055977,21.54475045430391,15844800
2012-05-21,21.918807983398438,21.945380628617453,21.526340976932552,21.526340976932552,9034400
2012-05-22,22.168190002441406,22.31127746132843,21.91267835391387,21.92085491380907,10214000
2012-05-23,21.978099822998047,22.280626446255305,21.704191952870605,22.029202177232577,8513200
2012-05-24,21.969913482666016,22.207027473017757,21.826826028927517,22.00875019137164,8629600
2012-05-25,22.237689971923828,22.31945401132023,21.998531443292812,22.059853303200608,6687600
2012-05-29,22.673078536987305,22.673078536987305,22.30923024285671,22.38486224313296,8734800
2012-05-30,22.200902938842773,22.552487322793894,22.123227935686987,22.39918028743287,10357200
2012-05-31,22.18653678894043,22.32394609733287,21.87480207508089,22.252165232105884,10796800
2012-06-01,21.452322006225586,21.852246735893974,21.3661849498807,21.798923125663688,9376400
2012-06-04,21.472820281982422,21.558958861619633,21.152881903831613,21.442058180010292,10202000
2012-06-05,21.638954162597656,21.690226444192955,21.32926914364441,21.390796507441113,9183200
2012-06-06,21.95889663696289,21.96504906150471,21.684077909387312,21.757908568595298,7794000
2012-06-07,22.01836585998535,22.229607382237262,21.790716834234775,22.13731791329218,7079600
2012-06-08,22.280887603759766,22.307548632924675,21.80302945569326,22.022474807961064,7254400
2012-06-11,22.038877487182617,22.541346789151692,22.026572640219626,22.379326190413522,6257600
2012-06-12,22.067588806152344,22.284984335451906,21.891212039317697,22.06553747685265,10159600
2012-06-13,20.96420669555664,22.053229245369664,20.77142245332776,21.987600800205342,22770400
2012-06-14,20.513011932373047,21.218518965929327,20.377653934484762,21.218518965929327,24052400
2012-06-15,20.867815017700195,20.91908729047096,20.41866940752253,20.560181381075623,16830800
2012-06-18,20.79603385925293,20.863713633897483,20.535569840968343,20.822694877428557,12656800
2012-06-19,20.824750900268555,21.052399964689457,20.781682369797835,20.804242299764297,8638400
2012-06-20,20.75503158569336,21.066768123605023,20.63813077515319,21.033953092369348,12839600
2012-06-21,20.23409652709961,21.013434367405864,20.207433935875397,20.767328010405166,16054400
2012-06-22,20.3858585357666,20.410468228386478,20.156158161511105,20.285365306588606,15357200
2012-06-25,19.987977981567383,20.250491706760872,19.83210987046929,20.17665952596205,11873200
2012-06-26,20.19102668762207,20.275113992246624,19.955175411093077,20.04951623464589,9580000
2012-06-27,20.121286392211914,20.428919960661137,19.996181949199478,20.289459347042612,11222400
2012-06-28,19.871084213256836,20.19717671952546,19.655740016775344,20.004392450854628,23916800
2012-06-29,18.002721786499023,18.560564414845075,17.453082910299912,18.015026632366567,86339600
2012-07-02,18.22216796875,18.353424880155217,18.053994953217956,18.127827161471615,23501600
2012-07-03,18.55646514892578,18.58107484308491,18.09911570109605,18.328816089718526,14998400
2012-07-05,18.909210205078125,19.01175473236099,18.570814516808923,18.601576623229533,22257200
2012-07-06,18.741043090820312,18.915370093361897,18.61593860332157,18.78821427655992,16196400
2012-07-09,18.51544189453125,18.806668012641,18.458017202476427,18.70617480154506,13910000
2012-07-10,18.72258758544922,18.86820068558412,18.581075579601436,18.581075579601436,14529200
2012-07-11,18.92152214050293,18.950234491354365,18.56056486089173,18.800518749309784,17389600
2012-07-12,18.831279754638672,18.917416794958122,18.50108620204189,18.851788350232987,14964800
2012-07-13,19.272226333618164,19.337854794459158,18.876404239097376,18.92152409930792,11396400
2012-07-16,19.077390670776367,19.255818781722024,19.050729646490385,19.23941127537407,11684800
2012-07-17,19.024070739746094,19.161480100116705,18.849745268336473,18.966646025842323,10660000
2012-07-18,19.407581329345703,19.471160015523722,18.864096456038972,18.968690772389124,10964000
2012-07-19,19.536792755126953,19.684457192633463,19.300939921037724,19.52448634219739,10861200
2012-07-20,19.089698791503906,19.483469590863482,19.083546367249237,19.423993548558222,11975200
2012-07-23,19.042522430419922,19.126609711632405,18.732837454418927,18.878452090894477,8619200
2012-07-24,19.065082550048828,19.264019227420658,18.952284483861494,19.126609905936945,8305200
2012-07-25,19.17788314819336,19.329648651744623,19.09379586188564,19.18403557115134,8244800
2012-07-26,19.807510375976562,19.871087511428623,19.337856037238307,19.378873241135242,14765600
2012-07-27,19.899799346923828,19.98593641167942,19.614725562585573,19.856730814546033,10419600
2012-07-30,19.657785415649414,20.04745492926154,19.58395323139847,19.87928196840224,9112800
2012-07-31,19.14507484436035,19.602424409111595,19.124566239082753,19.49167606296502,13070000
2012-08-01,19.073280334472656,19.346049127688442,19.024059403985014,19.17787618087592,9594400
2012-08-02,18.978954315185547,19.07124382716056,18.671320522326987,18.864104866557728,10461600
2012-08-03,19.395278930664062,19.409635107152994,19.151222365646344,19.19839355394191,8997200
2012-08-06,19.590120315551758,19.63524019133282,19.411693707316708,19.42810121936554,6321600
2012-08-07,19.723419189453125,19.93261095636403,19.616773541500734,19.616773541500734,8313200
2012-08-08,19.668045043945312,19.731622164372048,19.524481734822615,19.643433788599964,8274000
2012-08-09,19.495773315429688,19.68240518549427,19.46706096075913,19.612674063647226,9914400
2012-08-10,19.380922317504883,19.47936578600088,19.346057541775284,19.411685999203996,9284000
2012-08-13,19.657785415649414,19.670091822828105,19.2496586383272,19.341948086288227,6880000
2012-08-14,19.465011596679688,19.71727037000826,19.42194149908114,19.713169275559167,10998800
2012-08-15,19.32349395751953,19.62292383569058,19.31323887732444,19.462954598762742,10466400
2012-08-16,19.438344955444336,19.56344943360176,19.161474979001362,19.321444229181495,13942800
2012-08-17,19.741880416870117,19.782897617662908,19.44860289355452,19.48962009434731,12295200
2012-08-20,19.641382217407227,19.84647131530717,19.60446611719701,19.733673250285587,7441600
2012-08-21,19.657785415649414,19.743922442373748,19.516275033089524,19.674192915417468,8553200
2012-08-22,19.641382217407227,19.68650206929812,19.522431729801546,19.643433546503807,6465200
2012-08-23,19.57575035095215,19.684448868214268,19.471156055872278,19.62292152370404,6762000
2012-08-24,19.864927291870117,19.92030065187183,19.57370119024987,19.57370119024987,9764000
2012-08-27,19.776742935180664,19.944915942752402,19.709063153367396,19.877236160939137,6921600
2012-08-28,20.27716064453125,20.36329769424836,19.6577906629523,19.731622866911454,16471600
2012-08-29,20.240243911743164,20.3038210324521,20.141800454630477,20.295617280633902,9468000
2012-08-30,20.120853424072266,20.27111726595402,20.07556838760286,20.149670889019333,7020400
2012-08-31,20.040584564208984,20.279358171871607,19.95618940181552,20.186730790623166,8129200
2012-09-04,20.019994735717773,20.149673343777827,19.810037099314734,20.00558600148888,7589200
2012-09-05,20.038528442382812,20.127039726209784,19.960309789172793,20.07352087378454,6288000
2012-09-06,20.47283935546875,20.49136576589048,20.06321833236701,20.120853261796317,9083600
2012-09-07,20.43784523010254,20.532531402000547,20.35345011163441,20.44402017624725,6991600
2012-09-10,20.592227935791016,20.769250411112985,20.384329155157705,20.429614193556457,8677600
2012-09-11,20.51813507080078,20.623113930005605,20.400806311842988,20.46667506125026,9840000
2012-09-12,20.756906509399414,20.77337408762322,20.460497953544316,20.55106649290588,9198000
2012-09-13,20.41932487487793,20.54283011612292,20.227893635469446,20.450201185189176,17326000
2012-09-14,19.892379760742188,20.398746030490425,19.737999742998163,20.36169476341447,22890400
2012-09-17,20.166141510009766,20.18466635294813,19.777104103961147,19.826505255564417,9379200
2012-09-18,20.114681243896484,20.223776171977107,19.98088495513497,20.110563565232532,13601200
2012-09-19,20.102331161499023,20.686915891592292,20.08997969605651,20.63133979362088,18669600
2012-09-20,19.90884017944336,20.254651357638437,19.838853779943523,20.254651357638437,12850400
2012-09-21,19.867671966552734,20.077629602219435,19.8018032431039,20.077629602219435,13657600
2012-09-24,19.620670318603516,19.832685284422332,19.348961559521243,19.678305271979344,11824800
2012-09-25,19.57126808166504,19.832684197415986,19.55480050433603,19.593910607883778,15992400
2012-09-26,19.65566062927246,19.80386567653817,19.416887052349004,19.546565683489238,11866000
2012-09-27,19.76064109802246,19.892378579707838,19.482757396668454,19.719473723908777,19398000
2012-09-28,19.536277770996094,19.79769391502563,19.099896347179584,19.155472463633657,27354400
2012-10-01,19.668010711669922,19.801805442284948,19.476579467506117,19.53627325014154,11072800
2012-10-02,19.54450798034668,19.801807988357744,19.46834818305356,19.772990513095273,11305600
2012-10-03,19.30779266357422,19.66595382450922,19.270741400688905,19.536275189627904,14771200
2012-10-04,19.737993240356445,19.752401974448237,19.348955849443854,19.41688341177697,13058400
2012-10-05,19.600082397460938,19.86973225841187,19.52597988185949,19.78945479491603,9247200
2012-10-08,19.552738189697266,19.717410792852945,19.503337036924293,19.55685586851504,5638000
2012-10-09,19.447755813598633,19.696821921699858,19.431288243533945,19.53626703965394,9778800
2012-10-10,19.394241333007812,19.649482444351335,19.379832598587637,19.525978782116358,7208800
2012-10-11,19.534212112426758,19.651540824372862,19.458050763452036,19.476577176093123,7937600
2012-10-12,19.43541145324707,19.6494852310167,19.416886607980075,19.56303281223507,6537200
2012-10-15,19.68035888671875,19.72358509027404,19.42717504254146,19.486868819956175,7527600
2012-10-16,20.015878677368164,20.09204003327702,19.789455019542256,19.81827249033277,10012000
2012-10-17,20.083812713623047,20.17232399396498,19.947959103351053,19.947959103351053,7126000
2012-10-18,20.083812713623047,20.18673273400042,19.970600063033984,20.110571353564605,7797600
2012-10-19,19.853271484375,20.192907868816626,19.781227783538267,20.077637947477854,9341200
2012-10-22,19.447755813598633,19.832675448648747,19.311900716215828,19.641244265340013,8992800
2012-10-23,19.106063842773438,19.400415030186743,19.091655109281913,19.316019897997688,9384400
2012-10-24,19.12047576904297,19.309848175248874,19.031964514119753,19.295439439351345,9947600
2012-10-25,18.795249938964844,19.246040042499345,18.758198676065643,19.153412670468633,10019600
2012-10-26,18.76231575012207,18.80348312071082,18.591468178353175,18.747907013372558,12444000
2012-10-31,18.809654235839844,18.89404936991189,18.686150578809176,18.74172824525521,9128800
2012-11-01,19.626842498779297,19.678302495666728,18.91669516990654,18.91669516990654,14254800
2012-11-02,19.460111618041992,19.912958939361545,19.449818991016112,19.698885174785307,7264400
2012-11-05,19.608318328857422,19.65360337894712,19.421003179929034,19.462172121117185,5872800
2012-11-06,19.787389755249023,19.787389755249023,19.503331248073902,19.606251201889595,7824800
2012-11-07,19.482751846313477,19.735934108810504,19.476576898999042,19.703000532988792,7655200
2012-11-08,18.908451080322266,19.472451899210082,18.908451080322266,19.441575603812634,10450400
2012-11-09,19.0010929107666,19.143123035829642,18.871414255557838,18.873473095606023,7748800
2012-11-12,18.996971130371094,19.18428468753596,18.93316124183852,19.040197335870676,5979200
2012-11-13,18.82818031311035,19.073130354007116,18.73761023336348,18.766427700476726,7246000
2012-11-14,18.649106979370117,18.929049554443115,18.453559573010015,18.929049554443115,13019200
2012-11-15,18.696449279785156,18.7767267614621,18.54001042581496,18.585295481209073,7764400
2012-11-16,19.058717727661133,19.09165286916828,18.813769287046156,18.904337785322845,11989200
2012-11-19,19.826507568359375,19.83062367712551,19.237805077430124,19.243980025796564,10462400
2012-11-20,19.68035888671875,19.86767243545833,19.610372483033323,19.826505071244043,9103200
2012-11-21,19.678298950195312,19.725642829792893,19.5465615075336,19.670065163724683,7363600
2012-11-23,19.915023803710938,19.91708264382585,19.73594240415047,19.760643774224807,3352400
2012-11-26,20.102331161499023,20.106447269690356,19.633014735539916,19.653599987799353,12052800
2012-11-27,19.968534469604492,20.17231558528528,19.770928301302785,19.770928301302785,8537200
2012-11-28,20.404922485351562,20.411099005682203,19.88414743834321,19.88414743834321,8613600
2012-11-29,20.371986389160156,20.651928933179605,20.336993963766393,20.497548923041,9744000
2012-11-30,20.065288543701172,20.279360811357517,19.94795977931253,20.2670109110329,12670000
2012-12-03,20.081743240356445,20.35962840458508,19.98499822115792,20.102328489880087,8688000
2012-12-04,20.104394912719727,20.25054114236557,20.0138263693997,20.09616112324795,7028400
2012-12-05,20.10645294189453,20.1887892628573,19.88620418631908,20.15585410629831,6764400
2012-12-06,20.34625244140625,20.400002382449422,20.10024618963217,20.14986067055576,9092000
2012-12-07,20.381399154663086,20.464091020615403,20.203613772107417,20.447553909197868,7418000
2012-12-10,20.275968551635742,20.530244186063104,20.255295979463657,20.397937831502365,7276800
2012-12-11,20.550918579101562,20.56952342111217,20.22635272556553,20.259430103205958,9234400
2012-12-12,20.507503509521484,20.672887238314452,20.383466501534823,20.54885023032779,10656000
2012-12-13,20.12091827392578,20.583990431562324,20.060966721363215,20.484759894889415,7445200
2012-12-14,20.03410530090332,20.23669880888014,20.02170049015799,20.07958434957994,8662000
2012-12-17,20.257362365722656,20.278034938132613,20.011356072776668,20.096114092822344,8369600
2012-12-18,20.449621200561523,20.462026006335307,20.203614896611622,20.273901961392667,7871600
2012-12-19,20.213945388793945,20.50749995821091,20.21187765880767,20.449616136322028,7879200
2012-12-20,20.466156005859375,20.476493079172954,20.09611117769964,20.284235186938364,12000000
2012-12-21,21.727205276489258,21.805763261406533,20.912694550402428,21.189710496413714,27894800
2012-12-24,21.830568313598633,21.96080851086066,21.574224956923576,21.615570099955775,11999200
2012-12-26,21.222787857055664,21.706532685555697,21.164902445032567,21.520476375664835,8090400
2012-12-27,21.400564193725586,21.474986686204726,21.05739521370782,21.177298293503714,7850400
2012-12-28,21.08220863342285,21.384032562529107,21.08220863342285,21.27239879523513,6432400
2012-12-31,21.334415435791016,21.350954121351258,20.91682387729809,21.016054413443662,6807400
2013-01-02,21.43364715576172,21.698259830477205,21.25172633619881,21.665184034745746,7512800
2013-01-03,21.652774810791016,21.7478698727769,21.40883475536092,21.479123369916525,7232200
2013-01-04,21.863651275634766,21.9298044677171,21.69413362234775,21.706536852983028,6794000
2013-01-07,21.896718978881836,21.94633503749259,21.718932045233114,21.82643192834049,6489400
2013-01-08,21.665185928344727,21.88845190639003,21.578358605376792,21.79749227726642,6714200
2013-01-09,21.685855865478516,21.80575897250433,21.62797204200837,21.735470345993512,5530400
2013-01-10,21.727205276489258,21.863647096261655,21.57009088387092,21.760282654815732,7705600
2013-01-11,21.95461082458496,22.086917208120465,21.627980327415973,21.772689941527773,9791000
2013-01-14,21.991819381713867,22.11172251988779,21.917396853000145,21.991819381713867,5591800
2013-01-15,22.177871704101562,22.22335230536012,21.867778416119794,21.929797704602557,6507200
2013-01-16,22.215087890625,22.326721688332626,22.012494447435003,22.128262129257855,5300200
2013-01-17,22.111719131469727,22.314314112414888,22.041432074686675,22.239891595105732,4864800
2013-01-18,22.033164978027344,22.148932649108332,21.904992501318944,22.1075875029269,6145400
2013-01-22,22.111719131469727,22.1241223586159,21.933932182032976,22.08691109996132,6207600
2013-01-23,21.950468063354492,22.062101825045932,21.83470041888153,21.971140631693824,6779200
2013-01-24,22.26883316040039,22.277102504106736,21.97941243954255,21.991815666494045,6819800
2013-01-25,22.967575073242188,22.975844416563437,22.32258206634449,22.380465892377263,12542800
2013-01-28,22.5334529876709,22.955180186981366,22.459030447956312,22.905565686243822,8038200
2013-01-29,22.293642044067383,22.516909616824254,22.277104932068372,22.48796769930572,7214800
2013-01-30,22.16547203063965,22.392873496171152,22.14479945690338,22.314317085086824,6343000
2013-01-31,22.347389221191406,22.442484306549463,22.095179762225428,22.169602277238866,9143800
2013-02-01,22.202678680419922,22.624405721311092,22.16133196432317,22.516905836675488,6773400
2013-02-04,22.186141967773438,22.434215977560076,22.11998879334926,22.157200052538865,5075800
2013-02-05,22.281238555908203,22.45489163621038,22.268835327749546,22.30191112857803,4527200
2013-02-06,22.39286994934082,22.479695691610495,22.119987918481836,22.19441043391756,5297000
2013-02-07,22.607872009277344,22.62441069935505,22.35566250584938,22.421815688943905,5573000
2013-02-08,22.570655822753906,22.81872981095159,22.525175223567274,22.562386479518523,5100800
2013-02-11,22.831140518188477,23.112291952029057,22.628545499573566,22.855946977093236,8916600
2013-02-12,22.777387619018555,22.827002107634218,22.653350608871317,22.69883121394241,3866600
2013-02-13,22.558259963989258,22.893159799712123,22.496240658076484,22.752584073230775,6053800
2013-02-14,22.583057403564453,22.736037876448734,22.459020418503126,22.562384835590205,6164200
2013-02-15,22.719505310058594,22.79806172040409,22.54171833860951,22.612005404095015,7056200
2013-02-19,22.52103614807129,22.806321326444415,22.446613653327766,22.694687584329127,8511200
2013-02-20,22.33498764038086,22.599600345610757,22.32258441270325,22.492102025567164,7587200
2013-02-21,22.549983978271484,22.756712834154687,22.376330919177274,22.669887093215582,9355800
2013-02-22,22.52103614807129,22.690553702272524,22.326710569883684,22.574784500885045,5855000
2013-02-25,22.343250274658203,22.736035331058407,22.343250274658203,22.549979085688243,8566000
2013-02-26,22.438352584838867,22.632678234672774,22.301910768432208,22.496236418266115,6085200
2013-02-27,22.46729278564453,22.54171530214313,22.31017840890127,22.392870269145938,6269200
2013-02-28,22.60426139831543,22.712178334603987,22.413333382832406,22.52124873578612,6713600
2013-03-01,22.753686904907227,22.75783840942082,22.48804761609915,22.58766155773465,8053400
2013-03-04,22.716327667236328,22.786888982727017,22.583508043961295,22.641616431227273,5291800
2013-03-05,22.786890029907227,22.828395570337527,22.62916612626931,22.786890029907227,8098000
2013-03-06,22.952913284301758,23.08158299022093,22.703876880373826,22.81179223318664,5812000
2013-03-07,22.919713973999023,23.098190681450927,22.886508268735795,22.994425227506106,5685200
2013-03-08,22.699722290039062,22.92385597310065,22.620861142295745,22.878198935810186,8013000
2013-03-11,22.633317947387695,22.678974995695548,22.479745534899006,22.649920798287823,6754800
2013-03-12,22.201663970947266,22.483904634796506,22.11034983705343,22.28882659875375,12341600
2013-03-13,22.766138076782227,22.824248056180494,22.24731085002479,22.251462354506472,8185400
2013-03-14,22.699722290039062,22.786886444563876,22.55445133805542,22.761982174223267,6910800
2013-03-15,22.737077713012695,22.766131903165522,22.53369838194289,22.6914206761055,8121000
2013-03-18,22.479745864868164,22.687276754161015,22.446541745915525,22.591812735086506,5079400
2013-03-19,22.342775344848633,22.595961688946414,22.222407054210944,22.53370337482465,6628400
2013-03-20,22.75783348083496,22.778586248903416,22.43823578590971,22.442385706189516,7941800
2013-03-21,22.2473087310791,22.712179021978407,22.218254535814758,22.60426208242379,15896200
2013-03-22,24.708635330200195,25.00748041611408,24.019632613604166,24.07359110596874,38657400
2013-03-25,24.721078872680664,24.89540405101309,24.50109506430671,24.650517550497334,13317400
2013-03-26,24.683731079101562,24.750140918098555,24.447145928716314,24.63392251235223,8948600
2013-03-27,24.260358810424805,24.613160653047984,24.131689102134004,24.496943873517502,10445000
2013-03-28,24.492788314819336,24.617308081799614,24.26035479423665,24.472035548100827,7612400
2013-04-01,24.181499481201172,24.567507077236634,24.065282685262783,24.488645906183457,6969800
2013-04-02,24.4471378326416,24.65051720450818,24.223004106501556,24.22715402735529,9330600
2013-04-03,24.4512882232666,24.708626071185435,24.306017240570878,24.571656513691604,7626600
2013-04-04,24.629770278930664,24.69618011169593,24.380733801894745,24.401486577758522,4999400
2013-04-05,24.4761905670166,24.505244761262556,24.210551314862236,24.314316746693464,6189800
2013-04-08,24.882953643798828,24.882953643798828,24.41393339630057,24.44298759378555,8013200
2013-04-09,24.85804557800293,24.957661085148118,24.609009185142117,24.828991384946995,6675000
2013-04-10,25.02407455444336,25.131989918239636,24.870500559166924,24.870500559166924,5951000
2013-04-11,25.401777267456055,25.47648850280163,25.032372594544487,25.057275284103152,8789400
2013-04-12,25.14444351196289,25.41423272024472,25.08218361133283,25.34782289846234,5538800
2013-04-15,24.76673126220703,25.28970989896636,24.76673126220703,25.094630390280845,6662600
2013-04-16,25.11123275756836,25.123684101855414,24.766730787835762,24.916153252619313,5960600
2013-04-17,25.277257919311523,25.44743315133529,24.907851679876533,24.974261487902034,10434800
2013-04-18,24.978418350219727,25.40178156095812,24.779188883401964,25.306317540399714,6016400
2013-04-19,25.285558700561523,25.33536724593465,25.015769538130257,25.144439238675332,6768400
2013-04-22,25.46818733215332,25.52214579895914,25.16519246727184,25.356120478018834,5968600
2013-04-23,25.60100555419922,25.7047709782732,25.418378977829512,25.576101282420964,6119600
2013-04-24,25.53874397277832,25.733823463767507,25.484787095839085,25.671563580118093,4168000
2013-04-25,25.76288414001465,25.937210908120985,25.55535325338116,25.576106025377506,4367600
2013-04-26,25.688167572021484,25.928904110640744,25.559499462300906,25.800234417585482,4825600
2013-04-29,25.995315551757812,26.07002678683137,25.57610233458565,25.733826229000357,5841600
2013-04-30,26.397918701171875,26.468480000714372,26.00776134390128,26.03681553096747,10094800
2013-05-01,26.29831314086914,26.684320701017757,26.23190332317341,26.381325808822545,7924400
2013-05-02,26.281709671020508,26.385475107682254,26.128137268094896,26.356420912083756,5605400
2013-05-03,26.792234420776367,26.96240807377026,26.43112959612663,26.43112959612663,6950800
2013-05-06,26.547353744506836,26.792241866057545,26.472642489909887,26.729981959448352,4750200
2013-05-07,26.526596069335938,26.71752567544042,26.48509052815469,26.642814434646255,6298000
2013-05-08,26.52244758605957,26.609610177265314,26.426981986165675,26.439434915862915,6259000
2013-05-09,26.456043243408203,26.783940904396005,26.418687613253226,26.522453076646467,4433800
2013-05-10,26.879398345947266,26.89184969109881,26.426979416533285,26.50584215805262,6645600
2013-05-13,26.833742141723633,26.896002036097936,26.696771007434126,26.77563375141956,3780600
2013-05-14,27.356718063354492,27.385772255577635,26.783930892856166,26.783930892856166,8277200
2013-05-15,27.32350730895996,27.39406702462893,27.16578186608948,27.30275296121315,5286200
2013-05-16,26.74658203125,27.42313159049152,26.63036523988778,27.294463452436215,7688600
2013-05-17,27.111833572387695,27.16164212273616,26.729977519725722,26.759031715761527,6219200
2013-05-20,27.11598014831543,27.186539873482616,26.999763385294344,27.091074294332845,5461800
2013-05-21,27.074478149414062,27.165789070376363,26.970712716499452,27.12013202656036,6465400
2013-05-22,26.7507266998291,27.215596968185118,26.601304226667153,27.078625840008396,8295200
2013-05-23,26.285860061645508,26.626210552811482,26.186244550002737,26.555649235536425,8626400
2013-05-24,26.061729431152344,26.09493355007155,25.551203634006235,26.011920877770994,7517400
2013-05-28,26.26511001586914,26.60961206748986,26.16549607122503,26.385478317037954,7784000
2013-05-29,26.119842529296875,26.2194564873237,25.899860253930267,26.111541102238753,5521200
2013-05-30,25.990732192993164,26.361373690266603,25.98240297423425,26.215616333575714,5955200
2013-05-31,25.678390502929688,26.294738318105633,25.678390502929688,25.903274616052705,7460400
2013-06-03,26.248933792114258,26.26975763505277,25.449347788724076,25.653408104977622,10141200
2013-06-04,26.144821166992188,26.473818189289577,25.94909006842731,26.34055385419325,6785400
2013-06-05,25.715869903564453,26.211446419675685,25.653401567939543,26.069852902410222,6205400
2013-06-06,25.886619567871094,25.894948786702855,25.49099041086065,25.71171073831223,4761400
2013-06-07,26.1323299407959,26.273923505215784,25.92410420421585,26.019887852406317,5332000
2013-06-10,26.253097534179688,26.436335584530838,26.128162427638625,26.198958405512002,5479000
2013-06-11,25.882455825805664,26.21145123309033,25.807494444744332,25.944922584266067,5540400
2013-06-12,25.574283599853516,26.057367220554003,25.549295940828312,26.057367220554003,5442600
2013-06-13,25.720041275024414,25.78667344457229,25.416031902172456,25.528473986153795,7832600
2013-06-14,25.7741756439209,25.98656673727382,25.65756976593008,25.66589898416313,5222400
2013-06-17,25.79500389099121,26.119837123040817,25.745030158612927,25.97824355743876,7512800
2013-06-18,25.882455825805664,25.92410033144593,25.661735497731275,25.753355316503136,9068800
2013-06-19,25.715869903564453,25.961576254447586,25.707540686238747,25.878285669826294,9223600
2013-06-20,25.31192398071289,25.665908741326785,25.253621019553,25.54097359760752,9824200
2013-06-21,25.224462509155273,25.56178873296058,25.01623679810817,25.328575364678827,10089200
2013-06-24,24.966266632080078,25.199478444978144,24.616447324096654,25.053721061916853,9489400
2013-06-25,25.149499893188477,25.399371687377243,24.96626184835886,25.161992926875307,10896400
2013-06-26,25.757516860961914,25.869958922641594,25.31607942100012,25.345230890105675,11376800
2013-06-27,25.9532527923584,26.34055274639229,25.87412759317152,26.18230075938241,12282800
2013-06-28,26.51963233947754,26.682048174536142,25.06205205142237,25.79500601155865,26803800
2013-07-01,25.95742416381836,26.89860231717134,25.903285021067116,26.627909780688103,14398800
2013-07-02,26.078187942504883,26.269756806498304,25.7783439950088,25.790837029468936,7402400
2013-07-03,26.178131103515625,26.21144638413751,25.861627200111002,25.91993172131189,3375600
2013-07-05,26.502965927124023,26.582092707120182,26.298905637802907,26.303069452659354,5157800
2013-07-08,26.536287307739258,26.927752693446564,26.436338259212476,26.652893207156975,6981600
2013-07-09,26.623735427856445,26.769492767613553,26.40301671661401,26.652886895807868,6989200
2013-07-10,26.486303329467773,26.615403810639616,26.369697468174312,26.615403810639616,5101800
2013-07-11,26.536287307739258,26.836132864683368,26.419679819685307,26.736182227520356,7146000
2013-07-12,26.515460968017578,26.58209471985378,26.44050117447401,26.498804118694608,4424000
2013-07-15,26.382204055786133,26.507140786953794,26.340559537821264,26.428013978729403,5761800
2013-07-16,26.111509323120117,26.43217716820868,26.015725668920116,26.294747410897983,6858200
2013-07-17,26.37387466430664,26.515466651399453,26.057370629788853,26.069863666617884,6247600
2013-07-18,26.369705200195312,26.561272482386805,26.194796356969036,26.33638991090105,4486800
2013-07-19,26.382204055786133,26.48215312299296,26.26976353955368,26.340559537821264,5919400
2013-07-22,26.35721778869629,26.473823709058763,26.169814281944802,26.282256385995694,5581600
2013-07-23,26.31555938720703,26.477976742931144,26.29473713810469,26.45298909082687,4289600
2013-07-24,26.082351684570312,26.415512487580802,26.057364028606017,26.315563452359648,4705400
2013-07-25,26.024051666259766,26.19063129216116,25.90328036515182,26.13232834366386,8911400
2013-07-26,26.04070472717285,26.06985619717917,25.832479033621468,25.84080825199984,5517800
2013-07-29,26.115671157836914,26.14898803779787,25.92410386397024,25.92410386397024,5075600
2013-07-30,26.173969268798828,26.278082116468887,26.08651485802861,26.090680261571563,6399600
2013-07-31,26.203128814697266,26.44467145827902,26.140662040024946,26.28641943623016,8461800
2013-08-01,27.473308563232422,27.531611524567953,26.336396051279877,26.336396051279877,15813200
2013-08-02,27.61073112487793,27.739830051661066,27.240089605756054,27.481629020822524,7499800
2013-08-05,27.652372360229492,27.71067529944335,27.55242491833029,27.569080177586912,4213000
2013-08-06,27.710681915283203,27.83978085761131,27.435822412848676,27.614896676693782,6244000
2013-08-07,27.331701278686523,27.585736859361138,27.32337364958794,27.54409235932484,5888800
2013-08-08,27.50661849975586,27.67319653161764,27.394174833249632,27.510780726461796,5057400
2013-08-09,27.61488914489746,27.793963359901145,27.419156493931602,27.45247336585596,5644800
2013-08-12,27.69818878173828,27.735667889789635,27.506621482506308,27.523276745680704,4401800
2013-08-13,27.406667709350586,27.798133071959995,27.356695570990084,27.739830125691228,4299400
2013-08-14,26.798654556274414,27.3442082055716,26.748682407553375,27.290067474759894,5961800
2013-08-15,26.440507888793945,26.652897466479903,26.303078123686895,26.561277623075203,6227000
2013-08-16,26.50713348388672,26.781989768546744,26.378032971946084,26.41967747843734,5261200
2013-08-19,26.94857406616211,27.11515528852705,26.444668172030763,26.527958783213233,7749600
2013-08-20,26.915260314941406,27.365028714427343,26.78199595701293,26.881946608413973,7668400
2013-08-21,26.70702362060547,27.065172031615578,26.66954452463241,26.89026322919807,4770400
2013-08-22,27.011037826538086,27.1401367427039,26.61124486723931,26.69453387561622,5056000
2013-08-23,26.740339279174805,27.16095600835375,26.611240384754833,27.140132171131157,8044600
2013-08-26,26.619579315185547,26.873614986254353,26.619579315185547,26.73618522768805,5472400
2013-08-27,26.157312393188477,26.54461231320707,26.14898317474726,26.34471424788988,4870800
2013-08-28,26.390525817871094,26.527955547856642,26.090681878274033,26.119833350337135,6044000
2013-08-29,26.52423858642578,26.68301676957745,26.273537534222864,26.319499765707697,4600000
2013-08-30,26.248470306396484,26.653771935853385,26.156545831117114,26.62034427432684,5851000
2013-09-03,26.862686157226562,27.1175664608234,26.532595219980873,26.578557450979435,8214000
2013-09-04,27.213665008544922,27.359910198990104,26.866863456026373,26.879398029416173,7101400
2013-09-05,27.318124771118164,27.401693909022786,27.02982001189802,27.159348190854363,5271600
2013-09-06,27.150997161865234,27.389163663818564,26.81254767857786,27.326487597444075,4632600
2013-09-09,27.32648468017578,27.40587138046044,27.13010118082486,27.18441873237087,4147800
2013-09-10,27.91981315612793,27.986668474457662,27.560473789698218,27.869671667380633,13380000
2013-09-11,28.24153709411621,28.33764078828034,27.919804738209656,27.986660036382283,9112400
2013-09-12,28.4462890625,28.788914616594674,28.329295437370675,28.396147571228635,8249800
2013-09-13,28.375255584716797,28.471356117780896,28.074413034914986,28.37107633045928,6584600
2013-09-16,28.49224090576172,28.755476466279216,28.3752473233095,28.72622807066616,5337600
2013-09-17,28.54656219482422,28.69280419210497,28.404499451133333,28.488065395911917,7752400
2013-09-18,29.031253814697266,29.185851132462034,28.3836065804568,28.400320407103134,8548000
2013-09-19,29.039613723754883,29.482519042455394,28.751305747252935,29.152428086652133,14627600
2013-09-20,28.98529052734375,29.039608071078636,28.45463691121625,28.914255969737994,37157000
2013-09-23,28.822345733642578,29.06051226702595,28.429578641178296,28.876663298155425,11022000
2013-09-24,29.010358810424805,29.131531654697035,28.910079045033957,29.014538063768335,7432800
2013-09-25,28.797264099121094,29.05214438269072,28.722053471381916,29.01036140902152,7883200
2013-09-26,29.390594482421875,29.453270545094295,28.893371610984474,28.926799269454694,13765000
2013-09-27,30.769453048706055,31.4421694881302,30.648280185746273,31.262499820684557,31182000
2013-09-30,30.351606369018555,30.57305893592994,30.151046876955117,30.20954366112659,14796400
2013-10-01,30.25969886779785,30.60650370213166,30.092563739024186,30.518758476788907,10444400
2013-10-02,30.03823471069336,30.192835203665858,29.912882615003635,30.100910758538223,8751600
2013-10-03,29.933780670166016,30.293120003859425,29.691434945054322,30.038239704662082,7144600
2013-10-04,30.142696380615234,30.23044158018582,29.80007090179065,29.988095874036688,7168200
2013-10-07,29.808427810668945,30.071666611253395,29.79171717086242,29.83767939992203,5172800
2013-10-08,29.36553955078125,30.34745438195235,29.323756551381344,29.858586594512573,7514200
2013-10-09,29.620407104492188,29.862752858549275,29.231819322241044,29.46580656735154,9282200
2013-10-10,30.685888290405273,30.690064356719134,30.059134056943314,30.146879267087563,11104800
2013-10-11,30.694242477416992,30.80706002046276,30.451896751013336,30.698421731413404,10792200
2013-10-14,30.94495391845703,30.990916164346093,30.410123989389245,30.481155392004034,6199800
2013-10-15,30.798704147338867,31.07447755363306,30.673355207253625,30.878094040878775,7951200
2013-10-16,31.13714599609375,31.178932158009207,30.802879015626168,30.957476338501664,8751600
2013-10-17,31.14551544189453,31.191477685874176,30.953311143360427,31.06612553177738,9384400
2013-10-18,31.72629165649414,31.7513607995861,31.03268227781302,31.14967905052639,9830800
2013-10-21,31.79314613342285,31.91014291484322,31.546624373775977,31.70958019167321,9992600
2013-10-22,31.738847732543945,31.96030048079676,31.554998724407305,31.801523820575824,6818800
2013-10-23,31.571687698364258,31.730467421387754,31.38366277017256,31.563332380864164,4762000
2013-10-24,31.550813674926758,31.663628050999417,31.437996111016748,31.59259665910784,5626400
2013-10-25,31.63018035888672,31.90595361795724,31.48393841294114,31.571683580508488,6889000
2013-10-28,31.550813674926758,31.747197207198933,31.492316859505774,31.651093474528828,6136800
2013-10-29,31.71794891357422,31.83076329005266,31.563348364927048,31.66362816488981,4201000
2013-10-30,31.809860229492188,32.12741654894314,31.73464960614423,32.01042295436552,6314200
2013-10-31,31.65526580810547,31.86835993718872,31.396206262284473,31.772259413367642,8184400
2013-11-01,31.78061294555664,31.935213451149057,31.609301801155322,31.67197785411638,4221600
2013-11-04,31.91012191772461,31.98115324025625,31.60092112346763,31.89340810280524,3609200
2013-11-05,32.256954193115234,32.3070956860241,31.705410522466934,31.77226584634542,6320400
2013-11-06,32.073123931884766,32.449177340887665,31.818243465107177,32.449177340887665,3945400
2013-11-07,31.63018035888672,32.298720433784226,31.613469726066082,32.25693428822663,6250800
2013-11-08,32.22352600097656,32.23188132157866,31.580057928159068,31.584233994541652,5821600
2013-11-11,32.2402229309082,32.32378884447485,32.05637409565928,32.298719707971905,3523200
2013-11-12,32.11906051635742,32.282016332018785,31.922677049320317,32.17337805896578,4327400
2013-11-13,32.528541564941406,32.545255392415655,31.947749608516993,31.981177263465487,4802200
2013-11-14,32.85863494873047,32.92966632994462,32.54525783272312,32.687323782988294,4764200
2013-11-15,33.100975036621094,33.12604418151718,32.695673525673946,32.754170322322366,5774000
2013-11-18,32.83355712890625,33.17618255774732,32.72909811782256,33.17618255774732,5693200
2013-11-19,32.511837005615234,32.85446259691799,32.403201877818965,32.76254130136058,6443200
2013-11-20,32.52436447143555,32.8419208388656,32.47840542762448,32.59121978577318,5893000
2013-11-21,32.62882995605469,32.68315070664598,32.34470437749241,32.51601557561599,4669400
2013-11-22,32.95473098754883,33.00069320887966,32.58285715157108,32.78341667389097,7035600
2013-11-25,33.063377380371094,33.263940159152874,32.95891833030161,33.03412897386512,4583400
2013-11-26,33.25975036621094,33.372567889728614,33.075904664069434,33.33078173267098,7360400
2013-11-27,33.14693069458008,33.35584869489206,33.04664775918862,33.29735190983156,3734200
2013-11-29,33.06755065917969,33.32661020415757,33.042481511801284,33.251399574185704,3475200
2013-12-02,33.04666519165039,33.485394498874136,32.97563379915508,33.205444995860354,6467800
2013-12-03,33.063377380371094,33.213798667498125,32.841924704277744,32.96309758489881,5129200
2013-12-04,32.93385314941406,33.084274454678244,32.699865869153165,32.96728081454779,4833200
2013-12-05,32.988155364990234,33.15111117189683,32.85444795450697,33.00486918978016,5493400
2013-12-06,33.3683967590332,33.38093133406719,33.117695694842475,33.26811697092431,3894000
2013-12-09,33.33496856689453,33.53553132773952,33.28900633394749,33.3976446288984,4299200
2013-12-10,33.100975036621094,33.28482393342261,33.05501281242072,33.155292579841394,5393800
2013-12-11,32.10652542114258,33.017408275801316,32.06056638148158,32.97562530203169,13311600
2013-12-12,31.951438903808594,32.24064690733851,31.611929128968452,32.24064690733851,10826000
2013-12-13,32.022701263427734,32.186167673090054,31.955636481091997,32.00174271949161,7562200
2013-12-16,32.03947067260742,32.31610493292699,31.972405883545008,32.236469493196815,9731000
2013-12-17,32.17360305786133,32.37898341650361,32.02271045213312,32.24904936072544,13980600
2013-12-18,32.92387008666992,32.93644393611558,32.253234936531015,32.27419348415738,10814400
2013-12-19,32.802310943603516,33.00769123813878,32.592738300821686,32.932244958824334,10294600
2013-12-20,32.41668701171875,32.56757953385968,32.12328666190249,32.458604088398765,20442600
2013-12-23,32.32029724121094,32.45861597011002,32.14425696688036,32.311912543676065,9376800
2013-12-24,32.55083084106445,32.60951093680751,32.36221350661145,32.36640585568606,2782600
2013-12-26,32.772972106933594,32.88613993115526,32.56758860701947,32.584354802797655,4609800
2013-12-27,32.760398864746094,33.11667173759567,32.70590792800415,33.007693061936706,4640800
2013-12-30,33.003509521484375,33.0663819741373,32.65981040451757,32.65981040451757,4289000
2013-12-31,32.96158981323242,33.09152384742337,32.84003727893354,33.0160775570939,4106200
2014-01-02,32.79393005371094,33.04122746376776,32.66399602340785,32.756208508587505,5318600
2014-01-03,32.705909729003906,32.95739628852121,32.67656968369064,32.75620832003741,5597000
2014-01-06,32.454429626464844,32.94482899476486,32.44604812520427,32.89034124200677,6045800
2014-01-07,32.47956466674805,32.693329640557934,32.4460354769505,32.57177713379641,6769000
2014-01-08,32.311912536621094,32.67237778273841,32.24485094548248,32.483763659971856,6897800
2014-01-09,32.311912536621094,32.466997462730916,32.173597005577356,32.450231265489975,6263200
2014-01-10,32.24065399169922,32.420886589014785,32.148441518957576,32.27418638139158,5108000
2014-01-13,31.5113468170166,32.24065881387137,31.435900527836786,32.20293726819404,8262400
2014-01-14,31.50715446472168,31.57840840509882,31.28920029479596,31.477814418811963,7808400
2014-01-15,31.61612319946289,31.741868041120263,31.49457070528054,31.5406769340333,5852400
2014-01-16,31.347885131835938,31.59517938510502,31.163460130872114,31.53231013279976,4848000
2014-01-17,30.761079788208008,31.32692542278714,30.756887438934307,31.268245324257485,9851800
2014-01-21,30.911962509155273,31.268235335797584,30.769454657628152,31.075428902530266,13147000
2014-01-22,30.807165145874023,31.041885380824827,30.807165145874023,30.99997150998695,7424000
2014-01-23,30.48443603515625,30.673050122211652,30.186840087756195,30.60179619579735,9505200
2014-01-24,30.03175926208496,30.455096880556738,30.02756691399029,30.30001197930034,9212000
2014-01-27,30.13654899597168,30.28744156623866,30.061102710838192,30.140741344541595,11411600
2014-01-28,30.476058959960938,30.660483942984865,30.24133857998528,30.300018674979192,9069200
2014-01-29,30.082059860229492,30.41737741376138,29.973084373483037,30.308398729189737,10488800
2014-01-30,30.99160385131836,31.100579324584857,30.33773502259541,30.367075065063283,10438400
2014-01-31,30.53472900390625,30.72753542368136,30.329348739032113,30.593409079584575,8652000
2014-02-03,29.709026336669922,30.50959562701378,29.667112434068198,30.497021776015842,9516000
2014-02-04,29.553930282592773,29.859904501634734,29.482673165027173,29.742544351984435,7004200
2014-02-05,29.5916690826416,29.700647798539624,29.27730998502609,29.537181323605644,7366800
2014-02-06,29.973085403442383,30.29163357263618,29.54974769707197,29.65453403642329,7358600
2014-02-07,30.46767807006836,30.53473966662248,30.07368039765213,30.14074519203166,6747200
2014-02-10,30.45928955078125,30.593415924888934,30.228761544128208,30.484440444431133,6430400
2014-02-11,31.00836181640625,31.079615729512334,30.367067004979656,30.450897959655002,8739400
2014-02-12,31.06287384033203,31.35627441667513,30.949702762437948,31.146701662765363,6396200
2014-02-13,31.38140869140625,31.419130232163166,30.907772471959973,30.94549721054164,6161400
2014-02-14,31.465227127075195,31.511333350638527,31.1005696855717,31.38139937395485,6204800
2014-02-18,31.52391815185547,31.63289682705305,31.393984130005418,31.494578108282074,5935600
2014-02-19,31.36045265197754,31.66643014201065,31.272432518691986,31.272432518691986,5401400
2014-02-20,31.67901039123535,31.750264342413438,31.377225188803873,31.43171294008847,5581600
2014-02-21,32.056243896484375,32.13169020180457,31.586799863622534,31.59937371487159,8728600
2014-02-24,32.62627029418945,32.752015169783284,32.06042474966728,32.102338642256875,11072200
2014-02-25,32.739444732666016,32.91129266953443,32.513105851711586,32.58017064510195,6844000
2014-02-26,32.86936569213867,33.137618363297626,32.823259464487215,32.823259464487215,7917400
2014-02-27,32.8021125793457,32.95767361844156,32.575082057352034,32.793705348311406,6599200
2014-02-28,32.919837951660156,33.092213461644164,32.629738747675084,32.75166445358703,6875200
2014-03-03,32.537227630615234,32.78948615347951,32.18406634013348,32.63813039823271,6069200
2014-03-04,33.054378509521484,33.235164471744156,32.94506524668749,33.033355617869326,5661200
2014-03-05,32.54984664916992,33.04595656763866,32.52462175408158,33.01232123575968,6733200
2014-03-06,32.88618850708008,32.95766117062581,32.52461676395998,32.709607853270164,5536400
2014-03-07,33.40752410888672,33.67239509648538,33.24776111428391,33.25616834236137,8930800
2014-03-10,33.20571517944336,33.36547815778793,32.98288356254977,33.28559506479512,5344400
2014-03-11,33.13004684448242,33.4748009973997,33.03334606155741,33.2351548570504,4906600
2014-03-12,33.20150375366211,33.21411619595709,32.80629678767033,32.835726888905434,4296800
2014-03-13,33.01652908325195,33.52104947868615,32.93244395450061,33.319240678984066,8400400
2014-03-14,32.92823791503906,33.21413183636663,32.71381667213289,32.91562546680493,6086000
2014-03-17,33.20571517944336,33.27298262014173,33.01231366928801,33.159467410620266,8577600
2014-03-18,33.48320388793945,33.66819499253145,33.23515055009253,33.28980555479399,8245400
2014-03-19,33.27717971801758,33.61772847112994,33.02912327234244,33.361264800284246,5970400
2014-03-20,33.32765197753906,33.32765197753906,32.69700381198649,33.193113830526876,12440600
2014-03-21,31.620685577392578,32.503592003020984,31.53239525559385,32.41530168122225,31767000
2014-03-24,31.473529815673828,31.88134923982727,31.351604189344613,31.734198727926692,9999000
2014-03-25,30.964826583862305,31.74683059135953,30.93959847521744,31.679559911829962,10527000
2014-03-26,30.78403663635254,31.32218917199085,30.78403663635254,31.18765103808127,8537600
2014-03-27,30.82606315612793,31.153999486356874,30.695730308893463,30.82185793948281,8158600
2014-03-28,30.918575286865234,31.1624266610389,30.809262048849074,30.935392954840196,5987000
2014-03-31,31.0531063079834,31.191849631255646,30.88072765646792,31.111966528588333,6356600
2014-04-01,31.275920867919922,31.43988901080552,31.12035994954434,31.12035994954434,7399400
2014-04-02,31.338998794555664,31.53239711192518,31.24650324980474,31.410471458175447,7614600
2014-04-03,31.107765197753906,31.60808034305473,31.036292522037176,31.34741132805966,8255000
2014-04-04,30.624263763427734,31.322182387158485,30.489725658661037,31.267527384723756,9720200
2014-04-07,29.779197692871094,30.66630942071788,29.682496926824435,30.611651210831816,13853800
2014-04-08,30.657901763916016,30.737784873211236,30.22906251997907,30.363600636473183,12659600
2014-04-09,30.92696762084961,30.94378528072423,30.493923303910154,30.8008399832509,7078400
2014-04-10,30.460290908813477,31.183434314651848,30.37620580900755,31.01526090739905,8376600
2014-04-11,29.955780029296875,30.552792700046773,29.943167582507197,30.271104029605265,8698000
2014-04-14,30.430871963500977,30.46450729881533,29.976807767325674,30.144978028613203,7264800
2014-04-15,30.388830184936523,30.63688677974935,30.15759446585849,30.430872751346875,7777400
2014-04-16,30.73356819152832,30.767203510016554,30.481309718147617,30.624255010261823,4611200
2014-04-17,31.12458610534668,31.292759577449583,30.813467266923727,30.834486946160226,9041600
2014-04-21,31.069927215576172,31.13719467144341,30.826075871818627,31.07413243395593,6811800
2014-04-22,31.259119033813477,31.4062695945228,30.990042806333097,30.990042806333097,5122200
2014-04-23,31.154008865356445,31.47353806613076,31.11617152708075,31.33899996174812,4719400
2014-04-24,30.85550880432129,31.267533636854452,30.73358312130272,31.120379848894128,6784600
2014-04-25,30.56540870666504,30.985840756042233,30.48552879847992,30.729376949310787,6481200
2014-04-28,30.132360458374023,30.981634888684006,29.89271434836409,30.84289155982521,11446800
2014-04-29,30.47291374206543,30.57381652714,30.123954401115476,30.153384513747298,6236000
2014-04-30,30.67051124572754,30.716759019517276,30.308939491175796,30.40984547452145,6173800
2014-05-01,30.657901763916016,30.851300105898694,30.51915842913223,30.611653985654755,4818200
2014-05-02,30.687334060668945,30.9143677498435,30.624268612402354,30.662109164419086,4048000
2014-05-05,30.813472747802734,30.87233299236206,30.380428145269374,30.552803659295183,4655600
2014-05-06,30.376211166381836,30.76300782593294,30.359393501926373,30.687329939704117,4585200
2014-05-07,30.346778869628906,30.62006028397318,30.073497455284635,30.5696072942409,5605400
2014-05-08,30.712562561035156,30.8386902515546,30.37621563769934,30.388828085987086,7965200
2014-05-09,30.880720138549805,30.93537833554887,30.561194220952096,30.636872087254854,4817000
2014-05-12,31.3768367767334,31.389452430256327,30.847094803859868,30.95220279639465,6636400
2014-05-13,31.360021591186523,31.532400252233383,31.334796697430058,31.393656921289566,4530200
2014-05-14,30.935388565063477,31.385250694720508,30.901753233886453,31.313778021700635,6281200
2014-05-15,30.66631317138672,30.952207078943285,30.426667043555614,30.863916737915176,6039800
2014-05-16,31.086740493774414,31.090942503919305,30.620060756384973,30.67471575704054,5376800
2014-05-19,31.317968368530273,31.343196461338138,30.998442464275666,31.120364881011444,4682200
2014-05-20,30.80085563659668,31.15401705052249,30.737790181926425,31.128792151711295,5921400
2014-05-21,31.200254440307617,31.221277320739937,30.8008453732231,30.85129515403475,4671800
2014-05-22,31.481958389282227,31.50298127994085,31.111979250246904,31.288559984265394,4866400
2014-05-23,31.889751434326172,32.08735489383272,31.515567388399337,31.58704002466849,7335200
2014-05-27,32.209293365478516,32.310196139785454,32.04532515436422,32.13782070066282,6698000
2014-05-28,32.066349029541016,32.20929758554289,31.9191984628051,32.17566225381989,4730000
2014-05-29,32.213966369628906,32.32362466203196,32.049480539907975,32.138049585314064,3987600
2014-05-30,32.4375,32.44593376776207,32.18022664339987,32.22240191774459,5192400
2014-06-02,32.35736083984375,32.471234388673786,32.180222778211785,32.471234388673786,3809600
2014-06-03,31.863906860351562,32.31097055479102,31.834383846903055,32.230835282102014,6793400
2014-06-04,32.108524322509766,32.20553034703093,31.809075699165355,31.81751268448046,7356800
2014-06-05,31.99885368347168,32.28143141643797,31.766884966699045,32.18442543912427,7326400
2014-06-06,32.15068817138672,32.42061365873216,32.11694668102713,32.12116517176349,6637600
2014-06-09,32.33627700805664,32.43750153258717,32.095874393389444,32.095874393389444,5028600
2014-06-10,32.1844367980957,32.44171011376558,32.15491378897457,32.19708905660952,5150200
2014-06-11,31.69098472595215,31.969347331021083,31.58976342309399,31.914516577907214,9250000
2014-06-12,31.534934997558594,31.817516116285894,31.454802935024677,31.712076312844086,6330600
2014-06-13,31.47168731689453,31.60243170008889,30.847481994421504,31.522296385089078,7712200
2014-06-16,31.44214630126953,31.758465667609197,31.3788817844482,31.551801364808384,6531400
2014-06-17,31.669898986816406,31.699425221927253,31.31562277869695,31.534936162137438,6122200
2014-06-18,32.142269134521484,32.205533659824056,31.513848810122084,31.733162184367924,9852200
2014-06-19,31.901866912841797,32.243490848887475,31.720510320841658,32.23505708036612,4977600
2014-06-20,31.674108505249023,32.108519873539066,31.653022480417132,32.09164912301357,11385600
2014-06-23,31.821725845336914,31.88920885230625,31.378880678726453,31.674110789800096,9069200
2014-06-24,31.623504638671875,32.04104532466194,31.602415392627385,31.796424228721424,7617000
2014-06-25,32.251922607421875,32.281445619112404,31.6445884037687,31.6445884037687,7172200
2014-06-26,32.416412353515625,32.437501600612215,31.914517876076346,32.29410179944356,10522600
2014-06-27,32.762245178222656,33.382231535274116,32.762245178222656,33.120739749552044,18138400
2014-06-30,32.70741271972656,32.783329470717945,32.513400742264004,32.690541973087825,8535800
2014-07-01,32.897220611572266,33.12497098655373,32.783347032965345,32.783347032965345,7129200
2014-07-02,32.80863952636719,33.07013131681023,32.766464261525776,32.92251306321563,5577200
2014-07-03,33.087005615234375,33.1587071196717,32.475456105548425,32.6989879509127,4568600
2014-07-07,33.17135238647461,33.24726914981623,32.871903824895526,32.89720834008726,5464800
2014-07-08,32.75804138183594,33.07014555512465,32.50498646606853,33.027967054356886,8044400
2014-07-09,33.188232421875,33.22197071231509,32.766473222584246,32.804430005992096,7028800
2014-07-10,32.686336517333984,32.81708083371782,32.38688788504918,32.58933048991659,6357000
2014-07-11,32.59777069091797,32.72429652699878,32.37423881785112,32.59355219771836,5758000
2014-07-14,32.87611389160156,32.9773383718682,32.72428038896752,32.87611389160156,5503400
2014-07-15,32.90986251831055,32.985779286082696,32.677896940727095,32.694764473328355,6506000
2014-07-16,32.44171905517578,32.99422583210257,32.37845452740339,32.83395526604352,7449600
2014-07-17,32.277225494384766,32.46280054006465,32.1802226970643,32.2350502252121,7461600
2014-07-18,32.694766998291016,32.7749022642855,32.33627237414583,32.41218914778091,6065200
2014-07-21,32.399532318115234,32.601978091840245,32.34892007024238,32.403750809879575,4209400
2014-07-22,32.49232482910156,32.74537967186414,32.47545407721514,32.521847840461085,5036000
2014-07-23,32.631507873535156,32.66524616135531,32.40375753747193,32.585114107794475,4092200
2014-07-24,33.150272369384766,33.22197066088905,32.83817146336758,32.87191297152277,8030200
2014-07-25,32.779117584228516,33.2261811980526,32.73272382606565,33.040606165401144,4540400
2014-07-28,33.065914154052734,33.15026468712595,32.6947640858908,32.86768686178745,4065200
2014-07-29,32.93940734863281,33.25994538243856,32.93940734863281,33.07437022321911,4669600
2014-07-30,33.57624816894531,33.71542946891704,33.01530769410204,33.06170146075928,9048200
2014-07-31,32.5302848815918,33.32740948629381,32.46702357785928,33.17557913956854,7796800
2014-08-01,32.382667541503906,32.58089486002575,32.218181727787275,32.28144624485529,5825800
2014-08-04,32.54292678833008,32.64836654093441,32.17599529087126,32.42483156248987,4839400
2014-08-05,32.44171905517578,32.745386214269196,32.27723321362811,32.37423925191477,4866200
2014-08-06,32.53450012207031,32.57667539293162,32.243485282923544,32.268793019653856,5074400
2014-08-07,32.2013053894043,32.78333498414458,32.045256587842346,32.77067950871273,6737400
2014-08-08,32.500762939453125,32.5176336935941,32.011523940434145,32.18444353928632,6714800
2014-08-11,32.500762939453125,32.68633801723653,32.46702464893851,32.67790424904971,7828600
2014-08-12,32.36156463623047,32.66101309522431,32.26034017460822,32.475438133348845,9142000
2014-08-13,32.580894470214844,32.80864479827459,32.28144585862711,32.50919618668686,6400400
2014-08-14,32.601993560791016,32.81708847633418,32.45859373266097,32.69477789926582,3935000
2014-08-15,32.5302848815918,32.89721653207654,32.260359259775626,32.77912447475287,4490000
2014-08-18,33.12918472290039,33.18823075040596,32.71585931259426,32.783342325610434,5697400
2014-08-19,33.11232376098633,33.35694171108575,33.04484072801537,33.196674334431904,4424000
2014-08-20,33.281009674072266,33.352707943527044,32.977342629597516,32.977342629597516,3965800
2014-08-21,33.293663024902344,33.487671816852455,33.1713525047621,33.33583828962777,4001800
2014-08-22,33.4412956237793,33.62687074735543,33.28524352279317,33.424424865475274,5807400
2014-08-25,33.74494934082031,33.86725987627811,33.52985128068648,33.57202655069372,5074400
2014-08-26,33.52140808105469,33.78289661217829,33.496100351958326,33.75337360970414,5216400
2014-08-27,33.62263870239258,33.73651225284008,33.4961096749915,33.73651225284008,3679400
2014-08-28,33.34343719482422,33.512650919863766,33.275753641298415,33.42804244360231,5169200
2014-08-29,33.229225158691406,33.39420767972124,33.110773272774196,33.35613305237688,6423000
2014-09-02,33.538028717041016,33.63955565159027,33.144608214744196,33.144608214744196,8164200
2014-09-03,33.34343719482422,33.79185082281816,33.22498855554154,33.753779429113024,4409600
2014-09-04,33.808773040771484,33.935684143384094,33.4957297424727,33.504188976487946,6022800
2014-09-05,34.70560073852539,34.73521289641517,33.56764182000673,33.64801906034318,12380600
2014-09-08,34.85790252685547,35.02288505668744,34.30372737749908,34.65484536764777,11728200
2014-09-09,34.62100601196289,34.917130935902335,34.48140762791091,34.802910261923664,8119000
2014-09-10,34.88751983642578,34.94674417753348,34.47717745340491,34.57447642950158,6742400
2014-09-11,34.6125373840332,34.93827116175408,34.494088737589244,34.756370188631976,7460400
2014-09-12,34.62100601196289,34.68869281542943,34.439104989486545,34.676002346650556,5926200
2014-09-15,34.5236930847168,34.76482155396469,34.26987415300577,34.73097816907446,6729000
2014-09-16,34.350250244140625,34.49408302491881,34.19373022761153,34.36294393485757,9393200
2014-09-17,34.48139572143555,34.61676605414062,34.26564814423946,34.498317416459095,7443200
2014-09-18,34.67599868774414,34.688689155183944,34.371414559252386,34.62523359050082,6393400
2014-09-19,34.60829544067383,35.00171588171941,34.40524160318856,34.959413267866864,19704400
2014-09-22,34.14296340942383,34.63368281271295,33.92721586297893,34.55330557967835,8138400
2014-09-23,33.89338684082031,34.0879815285635,33.79608788320676,34.06259736756471,6046800
2014-09-24,34.19795227050781,34.21064595901256,33.80876307090613,33.9018307550462,6754000
2014-09-25,33.736854553222656,34.13027505516833,33.53379745682231,34.13027505516833,14138400
2014-09-26,37.861427307128906,38.06871243003124,36.93075664196939,37.21841901206144,35090400
2014-09-29,37.70067596435547,38.115246209325754,37.34109558185155,37.34109558185155,14834400
2014-09-30,37.73451614379883,38.195623472358406,37.396091914954425,37.518771787186175,11583400
2014-10-01,37.0999641418457,37.649907907898154,37.01959012864099,37.61183651650905,9471600
2014-10-02,37.77682876586914,37.865665262890474,36.75308697939565,37.08728326484772,8739200
2014-10-03,38.195613861083984,38.263297398828094,37.721816186944814,37.97140709936506,8790000
2014-10-06,37.74296951293945,38.28445073063295,37.46376644460725,38.19561427093161,7031200
2014-10-07,37.25648498535156,37.73028271052674,37.23956329222214,37.48069177122134,5486400
2014-10-08,37.5780029296875,37.71760452282672,37.02805902019093,37.27341880919611,7481200
2014-10-09,36.90114974975586,37.645685097183865,36.846153424360416,37.417247015308035,7462200
2014-10-10,36.884220123291016,37.311480803074645,36.80807411236706,36.98997829249189,9048200
2014-10-13,36.12275695800781,36.854604847054944,36.05930141635909,36.78691807530086,8005200
2014-10-14,35.995853424072266,36.34274336084031,35.89009524163818,36.287747040385085,9853400
2014-10-15,36.0339241027832,36.84614608035291,35.577048030094026,36.00854317457266,17571600
2014-10-16,36.820770263671875,36.90960675222446,35.471294783431865,35.61512759405297,13644000
2014-10-17,36.8799934387207,37.37494095699292,36.77423525648389,37.138043661577214,11396800
2014-10-20,37.60759735107422,37.62028781219296,36.706535881853476,36.71922957045471,6743400
2014-10-21,38.34368896484375,38.369069897554034,37.65837473431179,37.77682661775535,6459600
2014-10-22,38.01372528076172,38.72018923783351,37.992572351095454,38.347921559088334,7087800
2014-10-23,38.22946548461914,38.63134525046536,38.05178930133961,38.12793531489275,6191800
2014-10-24,38.453670501708984,38.49174189296877,38.03486906043562,38.05178752711787,4931000
2014-10-27,38.76671600341797,38.82594032265957,38.25484682855364,38.45790394272723,5819400
2014-10-28,39.109371185302734,39.109371185302734,38.62711417337725,38.72018188225468,6358400
2014-10-29,38.89784622192383,39.147437133848506,38.67363946065007,38.98668590797815,4998600
2014-10-30,39.342041015625,39.342041015625,38.72864489293387,38.82170937564825,4585200
2014-10-31,39.32936096191406,39.824308576274014,39.202449827598286,39.8200773444677,6463600
2014-11-03,39.53239822387695,39.545091913940034,39.28704174986585,39.49009560611523,4862800
2014-11-04,39.74392318725586,39.77353534888007,39.18129211639593,39.36742432054085,4441400
2014-11-05,40.052730560302734,40.12041410454005,39.64238838232681,40.12041410454005,6513800
2014-11-06,40.018890380859375,40.226175487765715,39.99350945317216,40.124648549533674,5482000
2014-11-07,39.6720085144043,40.08235077488226,39.57048156389419,40.08235077488226,4909800
2014-11-10,40.17119598388672,40.217729852035234,39.78200656617576,39.78200656617576,5898200
2014-11-11,40.13734436035156,40.315020560281084,40.01043647752603,40.27271470518897,4563200
2014-11-12,40.53076171875,40.57729557367834,39.86237250952023,39.95543699189356,5018400
2014-11-13,40.66189956665039,40.84380373563782,40.424999087456506,40.68728049290999,5417400
2014-11-14,40.39963150024414,40.560382798769695,40.19234633655622,40.52231139680998,6406800
2014-11-17,40.63652801513672,40.69152434239867,40.20503599749399,40.34463759018111,5931000
2014-11-18,40.809959411621094,40.970710653377964,40.50960662367691,40.60690232375928,4803400
2014-11-19,41.01301193237305,41.07646747197487,40.75919300144857,40.82264854105039,4586000
2014-11-20,41.16108322143555,41.33029372035507,40.74227852240457,40.873420854795604,4822400
2014-11-21,41.21184539794922,41.863316151760465,40.890342865535935,41.749098741360584,7016400
2014-11-24,41.43604278564453,41.66871201172847,41.347206324998666,41.368359246454546,5081600
2014-11-25,41.156856536865234,41.66872577584919,41.14839407449447,41.584120517044006,6177200
2014-11-26,41.37260818481445,41.4064483551526,41.07648329509626,41.16109178965177,3948800
2014-11-28,42.00291061401367,42.20173646837605,41.55449705480176,41.60102767525404,3609400
2014-12-01,41.3260612487793,42.04521547387959,41.313370785480814,41.736403442006406,5139200
2014-12-02,41.474124908447266,41.761787263927474,41.32606411389494,41.482584142071715,4384000
2014-12-03,41.66871643066406,41.7110190505793,41.25414300953549,41.52488687745565,3792000
2014-12-04,41.90138626098633,42.04521581618413,41.48258160382858,41.668717007009796,4128200
2014-12-05,42.01982879638672,42.09174356355778,41.80831249707236,41.99021664358201,3408200
2014-12-08,41.3387565612793,41.90139083505351,41.16108359929273,41.90139083505351,5155200
2014-12-09,41.046852111816406,41.20337533361365,40.6026698242554,41.05954257324921,5989000
2014-12-10,41.313377380371094,41.558733907435304,40.805736175015355,40.81419863688724,6457800
2014-12-11,41.12247085571289,41.830966170015294,41.084286748522864,41.355809186418085,8723600
2014-12-12,40.80002975463867,41.52973862766393,40.80002975463867,41.003670719784715,8243800
2014-12-15,40.48609924316406,41.12247301106242,40.2103366297219,40.91034842176297,10152600
2014-12-16,39.54425811767578,40.48184823777667,39.442439240239764,40.452150930326006,14614400
2014-12-17,40.09153747558594,40.20184314107182,39.41273960483349,39.764867112923795,11205200
2014-12-18,41.18610382080078,41.18610382080078,40.32911881755757,40.84245984533064,18960800
2014-12-19,40.23577880859375,40.84669848334608,39.38304053880927,40.515784738443045,27002000
2014-12-22,40.69822311401367,40.69822311401367,40.31215481465708,40.35882248242028,7662200
2014-12-23,40.715187072753906,40.94428197757309,40.553970341530885,40.72791402800545,5241800
2014-12-24,40.850948333740234,41.300651367163105,40.7660965673069,40.89761599608758,2439600
2014-12-26,41.08004379272461,41.24125729593988,40.8339785219508,40.944284201394915,3144400
2014-12-29,41.27943801879883,41.427924553906855,40.98670510904036,40.98670510904036,4017800
2014-12-30,41.10124969482422,41.279436768319734,40.99094726452177,41.10124969482422,4146800
2014-12-31,40.79154586791992,41.41094907828137,40.74487821455075,41.13942995145891,4697400
2015-01-02,40.31638717651367,41.13094458524491,39.92607882275872,40.961247552665135,4985800
2015-01-05,39.66728973388672,40.112752571058294,39.510316406068505,40.09578221912414,6889200
2015-01-06,39.433956146240234,39.943057054722935,39.06061806943084,39.8327513723704,7576000
2015-01-07,40.248504638671875,40.43093184196529,39.49758208034846,39.71394998117624,7256000
2015-01-08,41.17761993408203,41.19459028786353,40.56670338176837,40.583673735549866,5978200
2015-01-09,40.723670959472656,41.14792006735646,40.558214066339076,41.12246615664785,4689000
2015-01-12,40.66851043701172,40.948513101042074,40.40123472542414,40.6897241822584,5630800
2015-01-13,40.30790328979492,41.3430687744683,40.14668657869441,40.87215206835655,6182200
2015-01-14,39.756378173828125,40.03638410108546,39.41698087514566,39.61637521019946,6750400
2015-01-15,39.37455368041992,40.16790057692578,39.272734813716326,40.14668682951263,4235000
2015-01-16,39.450923919677734,39.51031853626772,39.0436451615905,39.35758859738952,8770000
2015-01-20,39.71395492553711,39.83274414493352,39.2939492607388,39.64183336186978,9403800
2015-01-21,39.67154312133789,39.93457555064625,39.45941852388818,39.50184279602523,5854000
2015-01-22,40.66427230834961,40.77457797174806,39.692741559285324,40.027898709668825,6952400
2015-01-23,40.7957878112793,41.04609318246661,40.5794199021633,40.787301018189076,6781000
2015-01-26,40.876399993896484,40.9273110509524,40.53700265714831,40.727913456771425,4964000
2015-01-27,40.09153747558594,40.49457280100545,39.930323992770845,40.43093802934394,6696800
2015-01-28,39.5866813659668,40.43942293915034,39.56122745645088,40.30366336045934,6402600
2015-01-29,40.248504638671875,40.248504638671875,39.527279381500264,39.73940388594549,6802400
2015-01-30,39.13698196411133,40.032147880984965,39.073343947711194,39.84547722934831,8106400
2015-02-02,38.996978759765625,39.32365239832356,38.509091619080834,39.31940900078329,8056600
2015-02-03,39.603641510009766,39.62061185756747,39.043632987656835,39.12848472544537,7940200
2015-02-04,39.260009765625,39.569709777603705,39.145460702855345,39.357585240229525,7187400
2015-02-05,39.59941482543945,39.70547711486276,39.268501000321,39.404260601312274,5754400
2015-02-06,38.94182205200195,39.654560610438956,38.835759785786706,39.62486330536923,7381800
2015-02-09,38.678775787353516,38.90362721176626,38.47513810503211,38.818778716926104,7339400
2015-02-10,39.34910202026367,39.49758855034591,38.70000144821589,38.92060954480042,7694600
2015-02-11,38.73818588256836,39.349105647523466,38.585455941329585,39.238799970681264,8541000
2015-02-12,39.03091812133789,39.31092408759413,38.52182048402597,38.801823213518375,11855800
2015-02-13,39.04789733886719,39.27274890033885,38.98850270892239,39.03941054215246,7695600
2015-02-17,38.97152328491211,39.41274274524854,38.912128668786416,38.920612226762735,7371000
2015-02-18,39.71819305419922,39.78182781560426,38.789086696529125,38.835754346068185,8143800
2015-02-19,39.752132415771484,39.98971407117672,39.65880034899297,39.65880034899297,6605200
2015-02-20,40.27397918701172,40.42670916743941,39.60366463255293,39.71397033769843,7398000
2015-02-23,40.30790328979492,40.40123859900819,39.998200058020295,40.269719192042494,4622200
2015-02-24,40.48184585571289,40.53275690981703,40.19759975301614,40.19759975301614,5239200
2015-02-25,41.075801849365234,41.237015358287955,40.4818524024837,40.4818524024837,7053600
2015-02-26,41.26726150512695,41.41192624313886,41.12260001326647,41.12685571777749,5935000
2015-02-27,41.32257843017578,41.44596789926353,41.11409109646633,41.25024443370943,7118600
2015-03-02,42.01610565185547,42.06290866214711,41.16514655004574,41.22471342748031,11025000
2015-03-03,41.68424606323242,41.89698590983775,41.322588973233856,41.884222038425825,7038400
2015-03-04,41.492767333984375,41.64168778433881,41.254499807259826,41.556589920400334,4853000
2015-03-05,41.89272689819336,41.986332942697565,41.60765630531397,41.67998706837551,6633600
2015-03-06,41.23323059082031,41.99058377774237,41.1013297042489,41.89272203907015,7174600
2015-03-09,41.45447540283203,41.62041217851366,41.24599131859258,41.30981065835354,5938800
2015-03-10,41.063018798828125,41.25873893803693,40.95239324322306,41.02472396390125,7096000
2015-03-11,40.56521987915039,41.305556654190504,40.49714483723548,41.007719013127364,7484200
2015-03-12,41.28853988647461,41.314067623157605,40.58224220749623,40.633300927013885,5809800
2015-03-13,40.765193939208984,41.47574724245162,40.54820170970409,41.288535204932444,7396200
2015-03-16,41.03325271606445,41.18642562822264,40.81625721614841,40.931135277191224,8497000
2015-03-17,41.075801849365234,41.17791604662005,40.63755837140519,40.905609356506005,6408200
2015-03-18,41.48850631713867,41.641679194479785,40.68009463031633,41.075790689089054,8855600
2015-03-19,41.83314895629883,41.96079411893596,41.360866399153295,41.61615347827623,13536000
2015-03-20,43.39039993286133,44.16051677302268,43.079798476036345,43.66695900516948,29779800
2015-03-23,43.16914367675781,43.65418997960842,43.05851811322068,43.2074385144305,10471800
2015-03-24,42.82451248168945,43.2542476871918,42.80323720815084,42.99470493154542,7598800
2015-03-25,42.118221282958984,43.05002257023963,42.096949252373335,42.97343611859805,8133400
2015-03-26,42.26287841796875,42.586240492353504,41.55658090813444,41.84165138666477,9479800
2015-03-27,42.49688720703125,42.62453234322373,42.17352515533811,42.17352515533811,4403600
2015-03-30,42.92662048339844,43.2074384722221,42.777703328484606,43.071285181136524,5435400
2015-03-31,42.68836212158203,43.33083387612216,42.67134255080497,42.92237391592637,6309200
2015-04-01,42.35649490356445,42.667093189503795,41.84166173793866,42.54795942250505,6605400
2015-04-02,42.403289794921875,42.68410458531252,42.28840850864533,42.56497084113764,3840400
2015-04-06,42.433074951171875,42.8160039312145,41.93100897597356,42.01610358350499,5027400
2015-04-07,42.382015228271484,42.658577565380206,42.32244835518975,42.43307393926346,3993600
2015-04-08,42.90536117553711,42.96067560090622,42.42882610252153,42.54795987077543,6522400
2015-04-09,42.854312896728516,43.2670286961568,42.8032541676959,42.973446684985696,5301000
2015-04-10,42.535186767578125,43.00746927930077,42.51816719778665,42.93939100013487,5918200
2015-04-13,42.237342834472656,42.57347198363191,42.14799254107344,42.5351803919539,7313800
2015-04-14,42.347984313964844,42.46711808327078,41.99483546484241,42.148008381421974,4770800
2015-04-15,42.47563171386719,42.8585640253365,42.43308440062658,42.81601346594397,5716200
2015-04-16,42.50541687011719,42.62029494510998,42.29267704919183,42.33096865880541,4104000
2015-04-17,41.93101119995117,42.27990430317688,41.75656302526263,42.19480644498075,6049600
2015-04-20,42.54369354248047,42.69261071561243,42.130977915406945,42.156508892337364,6208600
2015-04-21,42.67132568359375,42.90959308798732,42.42880257665032,42.87130150348832,5125200
2015-04-22,42.611778259277344,42.71389244397862,42.24586558076705,42.67560084202242,3905800
2015-04-23,43.02023696899414,43.22872103670671,42.31393936754766,42.45434839619444,4668200
2015-04-24,42.95216751098633,43.09257656848893,42.63731349252908,42.74368340042766,4334000
2015-04-27,42.94791030883789,43.398917629751104,42.87557631237975,43.08831610468245,5158400
2015-04-28,42.488380432128906,42.88833217550451,42.203309964304104,42.88833217550451,6031600
2015-04-29,42.62029266357422,42.75644601183185,42.233107898215785,42.34798596705896,5395200
2015-04-30,42.05439758300781,42.764950905664996,41.89271652101081,42.4415855355196,6497000
2015-05-01,42.879825592041016,42.896845162413214,42.29692072601103,42.49689337404434,6683400
2015-05-04,42.901092529296875,43.058517843881766,42.752175375169074,42.97342325470888,4557800
2015-05-05,42.726654052734375,42.91812179084848,42.65857901524915,42.73090975699946,5104400
2015-05-06,42.64155578613281,42.97342927501112,42.41179646779761,42.662827813330864,5396600
2015-05-07,43.16489028930664,43.22445715452624,42.55645452643443,42.739410825651966,5526200
2015-05-08,43.58612823486328,43.952040925135655,43.522305650066656,43.522305650066656,5534800
2015-05-11,43.73503875732422,43.917995074524555,43.43720115580104,43.577610171684064,5339800
2015-05-12,43.556339263916016,43.692492579322455,43.22871821843262,43.39040251220664,4676400
2015-05-13,43.46698760986328,43.70951079686802,43.30955902504754,43.69249122720002,4508200
2015-05-14,44.01161193847656,44.04139538135845,43.53081790118814,43.798872133276895,5433400
2015-05-15,44.666847229003906,44.68811926007117,43.981824853298036,44.10095861495966,7865200
2015-05-18,44.5689811706543,44.88809082104085,44.42857214540793,44.72215406253194,5045200
2015-05-19,44.522178649902344,44.75193799023542,44.398789194196546,44.513670487438716,5971200
2015-05-20,44.50941467285156,44.73917401261537,44.33922220863934,44.64131229069419,5399200
2015-05-21,44.420066833496094,44.76044853472681,44.35198854555909,44.62004274662175,5455200
2015-05-22,44.43282699584961,44.76895621066921,44.266890240529335,44.76470050649015,5654800
2015-05-26,44.00309753417969,44.56898615658067,43.900983343554834,44.43283282036368,5691400
2015-05-27,43.756309509277344,44.21582814087033,43.53080589733382,44.02861937130168,8896800
2015-05-28,43.6453857421875,43.9226998526062,43.30833888327952,43.615520995449494,5781600
2015-05-29,43.37660217285156,43.679516979430815,43.10781943729873,43.64538816341784,5562200
2015-06-01,43.415008544921875,43.64112785554421,43.28274756218857,43.41927261322549,4944000
2015-06-02,43.56431579589844,43.81176837428677,43.30406450742325,43.43205811831728,4974400
2015-06-03,43.7349853515625,43.98243474562151,43.41926855584342,43.64112377743054,4766800
2015-06-04,43.49605941772461,44.07202751434571,43.3552703266744,43.54299019974578,4467200
2015-06-05,43.53019332885742,43.62405489687044,43.14621566653753,43.30407405410611,3791800
2015-06-08,43.278465270996094,43.470452424267336,43.25286459688402,43.34672614026555,4314000
2015-06-09,43.240081787109375,43.48753444610356,42.9968964512051,43.29981129031296,3476800
2015-06-10,44.08908462524414,44.38346799188677,43.372330784745394,43.44485898217497,6270400
2015-06-11,44.319480895996094,44.84851825851303,44.144559719448395,44.8357162899732,6178000
2015-06-12,44.276824951171875,44.413350010324095,44.0336395878378,44.1786992941325,4133000
2015-06-15,44.09336853027344,44.30668913589161,43.82885306251595,43.986708227464355,4902000
2015-06-16,44.60959243774414,44.78878417380869,44.13175648827408,44.148822522899906,5034000
2015-06-17,44.69065475463867,44.86984323354956,44.40480600185037,44.686387432279865,4072400
2015-06-18,45.223968505859375,45.509817336910004,44.8015946170671,44.818660656161576,5690600
2015-06-19,45.4500732421875,45.586598256116865,45.19835657010431,45.23675270448455,7285600
2015-06-22,45.56100845336914,45.842589917625304,45.501278953223476,45.590873203441966,4186600
2015-06-23,45.735923767089844,45.76152444602258,45.573801323910864,45.735923767089844,5934200
2015-06-24,45.31782150268555,45.808459454847785,45.24102596882525,45.73592798869219,5056200
2015-06-25,44.89118194580078,45.569539806182185,44.65652801327119,45.569539806182185,10811400
2015-06-26,46.80680465698242,47.07558743540962,46.23510702365708,46.23510702365708,20287600
2015-06-29,45.93645095825195,46.71293770615866,45.93218689044357,46.619076134156714,9005000
2015-06-30,46.08578109741211,46.45269279065411,45.991922767408795,46.43989407542703,7531200
2015-07-01,46.68733596801758,46.68733596801758,46.32895574937789,46.48254680665014,5924000
2015-07-02,46.875064849853516,47.24197650338397,46.54228201489679,46.89213088664722,5900000
2015-07-06,46.86225891113281,47.14811093444475,46.50814925645578,46.54227807213833,4991400
2015-07-07,47.480899810791016,47.497965849490534,46.52948849713077,46.964664346433324,7207000
2015-07-08,46.61907958984375,47.25050995874457,46.503887905220395,47.02439065762232,6733600
2015-07-09,46.69160461425781,47.3230316409343,46.58494433562876,47.03291555286275,6168400
2015-07-10,47.15238952636719,47.27185181060102,46.50389625845562,47.156656850272,5159200
2015-07-13,47.95872116088867,48.01845064645141,47.27182882190427,47.45954866723882,5047600
2015-07-14,47.92887496948242,48.2360571807152,47.74968643126808,48.14219558783692,5561400
2015-07-15,47.74114227294922,47.950195511632614,47.65154802779919,47.78380573420922,5016400
2015-07-16,47.92887496948242,48.167796275449206,47.71982167489902,48.10806676271109,4334600
2015-07-17,48.1251220703125,48.20191760599438,47.74114439190308,47.941666249239866,4545400
2015-07-20,48.26591110229492,48.44510285529841,48.13365339020908,48.32564060162489,5978200
2015-07-21,48.2061882019043,48.45364087872426,48.09099651028895,48.20192413352101,4626400
2015-07-22,48.67548751831055,48.730952951335176,48.15498804655766,48.15498804655766,5954200
2015-07-23,48.637081146240234,48.93572858811546,48.556018302725676,48.85040167758339,6714200
2015-07-24,48.2061882019043,48.71389227072214,47.98433621045422,48.71389227072214,5967200
2015-07-27,47.66862869262695,48.176329570955254,47.33584578063689,47.95447755130966,6648000
2015-07-28,48.41096496582031,48.59868808687997,47.71980522874783,47.81366678927766,6948200
2015-07-29,49.029598236083984,49.208786730787985,48.4237686082675,48.45790068011974,6839800
2015-07-30,49.06800079345703,49.23439058569484,48.611494881802116,49.04240011041093,5594000
2015-07-31,49.157596588134766,49.46477875421106,48.99120679067908,49.277055596050246,5078600
2015-08-03,48.9911994934082,49.49036881142367,48.462162172848885,49.281315578710185,4992000
2015-08-04,49.39224624633789,49.46051039515348,48.777885182066484,49.04240062119245,5229000
2015-08-05,49.81035614013672,50.22419859203899,49.639699022700945,49.75062663728627,6853000
2015-08-06,49.114933013916016,50.13033783398234,48.79495213412464,49.91701724745476,6211400
2015-08-07,48.85467529296875,49.046662493903774,48.25310975468242,48.94426953707266,5907800
2015-08-10,49.21731185913086,49.56289006852336,48.99972401191455,49.23011056984719,4613200
2015-08-11,48.833351135253906,49.059470449404515,48.47923815969042,48.69682608208671,5107400
2015-08-12,48.236045837402344,48.530429263108175,47.207842391336065,48.44083501507021,7127000
2015-08-13,48.4664306640625,48.86320703654306,48.18911328458453,48.325638313017976,5907800
2015-08-14,48.790687561035156,48.88028182182498,48.25738606465711,48.46217201645843,4685200
2015-08-17,49.05520248413086,49.11919605473968,48.24884768930826,48.688290822576036,3917400
2015-08-18,48.98693084716797,49.35384245263555,48.88880196221179,49.11492447884764,3669400
2015-08-19,49.046669006347656,49.51170957893637,48.445106643198955,48.63709386962615,6216400
2015-08-20,47.911800384521484,48.82907621352411,47.88619970321424,48.513362687518615,6536800
2015-08-21,45.59514236450195,47.63875393048508,45.58234039537151,47.55769106772776,15912800
2015-08-24,44.315216064453125,45.812724111458515,40.31758743963858,42.77504129974415,19882600
2015-08-25,44.17015075683594,45.78285352811798,44.148820655715724,45.77005481644323,13616200
2015-08-26,46.401485443115234,46.508145714657424,44.362141572030794,45.43727567697021,15156000
2015-08-27,48.048336029052734,48.07820078466292,46.77267642009734,47.08839327084986,13617400
2015-08-28,47.99712371826172,48.21044426812066,47.63021211210328,48.03978717723085,7526200
2015-08-31,47.67713928222656,47.99285276070074,47.45528735938301,47.950189304963104,7073600
2015-09-01,46.34602737426758,46.85799871193276,46.090043332941825,46.49535438213681,9385200
2015-09-02,47.22918701171875,47.26331909432331,46.58922511044877,46.99453626759516,8536400
2015-09-03,47.41309356689453,47.9434691694831,47.2248976672281,47.57563039425292,6065000
2015-09-04,46.91694259643555,47.233456741054205,46.596150307583855,46.71591223996562,7126200
2015-09-08,47.798038482666016,47.849366410175215,47.14362290744217,47.67399843863573,5511400
2015-09-09,46.989646911621094,48.328418666175374,46.8827161664669,48.20865675372545,6349800
2015-09-10,47.21207046508789,47.49436925271319,46.596151474095585,46.904112601225734,7363000
2015-09-11,47.82799530029297,47.836548326166806,47.04526127047646,47.14791716057146,5589600
2015-09-14,47.857940673828125,47.93065282262091,47.5371483268698,47.69540705947924,6833200
2015-09-15,48.69197463989258,48.79463048812269,47.39169986164617,47.86219441126693,7699400
2015-09-16,49.436214447021484,49.57736378972331,48.69197423819375,48.90156081248439,8104400
2015-09-17,49.30363464355469,49.95377550838106,48.9999516689946,49.290803474149996,8062600
2015-09-18,49.209537506103516,49.45761439148246,48.657774387879236,48.82458611393915,18615000
2015-09-21,49.85538864135742,50.08208129470968,49.08548924864789,49.47471545680979,8746600
2015-09-22,49.60302734375,49.68429574245008,48.922946206941,49.29506632053588,7555400
2015-09-23,49.37206268310547,49.872497776093134,49.273684963917844,49.60303347908454,9055800
2015-09-24,49.098331451416016,49.25231201722122,48.54656830115869,48.888748061452056,14352600
2015-09-25,53.465370178222656,53.87170568627026,52.48160606163647,52.66552706558024,36968200
2015-09-28,52.242069244384766,53.36270429916942,51.69030636988772,53.25149544316388,16450800
2015-09-29,51.185604095458984,52.220692840195966,50.92041795778833,52.1821993414762,14414400
2015-09-30,52.597103118896484,52.66126222799891,51.643279297185614,51.643279297185614,9437800
2015-10-01,52.964942932128906,53.011992725907625,51.87424791382975,52.6783692887623,8994200
2015-10-02,53.55520248413086,53.55520248413086,51.99401270523825,52.22070539870626,9114400
2015-10-05,53.15313720703125,54.102682814751304,53.0761469344251,53.8246622046031,9646400
2015-10-06,52.69119644165039,53.379830720000705,52.43456003577347,53.15313479304044,7665400
2015-10-07,52.2249870300293,53.23013560795966,51.75449229815424,52.87084978977918,10215400
2015-10-08,53.426883697509766,53.568029813241544,52.46878178848418,52.57571254288963,7622600
2015-10-09,53.43971633911133,53.61080294026235,53.07614915349605,53.277179499443015,6940600
2015-10-12,54.07701873779297,54.363592363110435,53.47392774457777,53.550918014705935,5449000
2015-10-13,53.81184768676758,54.1240870176351,53.717748072991924,53.89311612834994,6355400
2015-10-14,53.82466506958008,54.154013633418806,53.632191009453486,53.8888241773782,6509000
2015-10-15,55.08644104003906,55.248977864817604,54.303710448001524,54.414919339176194,10764800
2015-10-16,55.80501937866211,55.85634404929399,55.12065997974077,55.39012755362797,9321600
2015-10-19,56.97699737548828,57.10959049306347,56.07877624931171,56.335412721515475,12587800
2015-10-20,56.61770248413086,57.04115068642169,56.44661586131599,56.90855757475971,9104200
2015-10-21,56.66047286987305,56.98126515688756,56.38673037934876,56.73745988601935,5504000
2015-10-22,56.63480758666992,57.07963666319395,55.852073663865156,56.83155652428298,9294800
2015-10-23,55.8306884765625,56.97270822219527,55.137779232962686,56.91710866445445,10517800
2015-10-26,56.19425582885742,56.557816501757046,55.71948298710026,55.71948298710026,6882800
2015-10-27,55.95471954345703,56.13436239956739,55.4585593542755,56.03170654184677,6150000
2015-10-28,56.155765533447266,56.48083928151696,55.57406182938962,56.339689868781996,7091400
2015-10-29,56.083038330078125,56.2327439924501,55.58688460441854,55.89483916362255,4959000
2015-10-30,56.04452896118164,56.29688389634117,55.633918647453136,56.26694668826232,7230800
2015-11-02,56.11298370361328,56.459438303502765,55.373024710853315,56.34395126136117,6123200
2015-11-03,56.20280456542969,56.331122782097644,55.894843456040846,56.134373839537645,5492000
2015-11-04,55.757972717285156,56.40383212294032,55.552667496701936,56.1985269023571,5190200
2015-11-05,56.39955520629883,56.647635330209845,55.80074561515847,56.10870017164847,5068200
2015-11-06,56.365352630615234,56.86151301969753,56.18570970212756,56.288365601207765,4837600
2015-11-09,55.80929946899414,56.21136016390383,55.291758254382295,56.13864803154247,6181200
2015-11-10,55.60400390625,55.89913389430596,55.402973523850626,55.6424974195086,5287400
2015-11-11,54.500457763671875,55.85633873840279,54.44057681144993,55.72374566752094,8578000
2015-11-12,53.884544372558594,54.74854338704775,53.64074239581884,54.320820391836435,9388000
2015-11-13,52.12232971191406,53.559479381763154,51.818646746292146,53.49959841745843,16371000
2015-11-16,52.806697845458984,52.81525413558774,51.89992362465486,52.09667913839374,9146400
2015-11-17,52.4302978515625,52.866573973317436,51.50641439852629,52.63132822865473,10581600
2015-11-18,53.79899978637695,53.90593053909698,52.464506080922284,52.62703965028039,10597800
2015-11-19,53.79899978637695,54.31654423794977,53.62790992937139,54.004308267437146,8557600
2015-11-20,56.737457275390625,56.801619645762734,55.809299084186414,56.48938366153203,19064800
2015-11-23,56.656185150146484,56.88715267278193,56.36533014869833,56.81016567408155,7135600
2015-11-24,56.67755889892578,56.87858918323082,56.14290527610036,56.30116718649945,5311600
2015-11-25,57.3704948425293,57.550137740525166,56.899996876443105,56.921384334271714,6989000
2015-11-27,57.45602798461914,57.87091979227301,57.028305009844814,57.70838297336768,4527800
2015-11-30,56.579193115234375,57.39614554225696,56.305450679532,57.28493339471462,8738800
2015-12-01,57.019744873046875,57.066794658156724,56.425210239313884,56.51075352318609,6857000
2015-12-02,56.737457275390625,56.981262535040756,56.50221483029936,56.82300710255343,7965600
2015-12-03,55.22759246826172,57.041140363977874,55.17626779601248,56.93420961243522,10649800
2015-12-04,56.60059356689453,56.85294860705797,55.518454742362934,55.518454742362934,7410400
2015-12-07,56.4247932434082,56.982175758873424,56.00031867904016,56.91786440473681,6190000
2015-12-08,56.46766662597656,56.91358049965641,55.9231398261842,56.11179519255986,5605800
2015-12-09,55.241424560546875,56.39907499495754,54.769789319534326,56.06464279262461,7442800
2015-12-10,55.155670166015625,55.58443004185292,54.885549350684045,55.18997174116539,5682600
2015-12-11,54.14808654785156,54.76978707582966,53.88225424015932,54.71833798291902,8276000
2015-12-14,54.82123565673828,55.02275331320726,54.07519442041274,54.29385959254971,7991400
2015-12-15,55.14280319213867,55.73877910705059,55.03132798917271,55.56727778827897,6869600
2015-12-16,56.137535095214844,56.25330210941355,55.23285791389824,55.46867064403547,7542200
2015-12-17,55.833099365234375,56.53197990382109,55.76878801484207,56.467662011073706,7400800
2015-12-18,55.10421371459961,55.96601859467921,55.03989581640059,55.62300943135132,13804600
2015-12-21,55.65302658081055,55.87169173626274,55.1428013423997,55.60157095302036,8972600
2015-12-22,56.5319938659668,56.5319938659668,55.66161181646554,56.373348258558714,17218400
2015-12-23,55.185672760009766,58.478544646398014,54.80407355602398,58.41423329797437,57319400
2015-12-24,54.17810821533203,55.507266693752456,53.294863754159806,55.352912848144655,13889100
2015-12-28,54.71834182739258,54.77836795412462,53.85224496252418,54.203827963888365,8786800
2015-12-29,55.10421371459961,55.29286908154773,54.89840429118949,55.14708577104332,6708600
2015-12-30,54.23810958862305,55.22425834415987,54.169506456922896,55.18995677830979,5817900
2015-12-31,53.594966888427734,54.16950336330663,53.594966888427734,54.15235585253826,6454700
2016-01-04,52.75461196899414,53.089044126275624,52.188649101784385,52.40302902529078,11626800
2016-01-05,53.49207305908203,53.672151388299845,52.92611025927058,52.92611025927058,9220600
2016-01-06,52.7288932800293,53.20052850987869,52.43733642083866,52.56596242651847,6551600
2016-01-07,51.32255172729492,52.53165434967136,51.26252561116955,51.78561314127177,10881300
2016-01-08,50.48218536376953,52.1286249390309,50.30210700635633,51.502635931467296,11191300
2016-01-11,51.065303802490234,51.48548994682632,50.199210237588886,50.56794401593123,12825000
2016-01-12,51.39973068237305,52.154348949600845,51.08244930287084,51.75131363565337,8292200
2016-01-13,50.40499496459961,51.90565408368618,50.31066729658295,51.90565408368618,9944300
2016-01-14,50.1734733581543,50.89378999609212,49.11872457959854,50.5936594266088,9989000
2016-01-15,49.35884094238281,49.85620072614348,48.52704568831218,48.81860255161272,12208300
2016-01-19,50.01054763793945,50.653687400023216,49.453158535662325,49.89906916324843,9924300
2016-01-20,50.627960205078125,51.09959535167246,48.6642394492673,49.09299926820358,16234200
2016-01-21,51.93140411376953,52.44591472342368,50.6451243184555,50.66227510826779,16121600
2016-01-22,52.2057991027832,52.71173584549371,51.95711761017441,52.55738204119709,8430100
2016-01-25,52.051448822021484,52.565959357053856,51.98284567272213,52.385880996910345,10383400
2016-01-26,52.40303039550781,52.62598408246584,51.682713702844616,51.871369087240105,8005200
2016-01-27,51.091026306152344,52.3944533972823,50.76516789778079,52.27440116029755,8593700
2016-01-28,52.480201721191406,52.82320760859557,51.43402673157651,51.72558353501782,10207000
2016-01-29,53.1747932434082,53.303422502248814,52.480204404967104,52.480204404967104,10475200
2016-02-01,54.16094970703125,54.42678201907191,52.90897160099148,52.95184693617781,8247800
2016-02-02,53.637855529785156,54.452499883058636,53.432052637677366,54.040890827665066,9458500
2016-02-03,53.58640670776367,53.93798964876905,52.56595618615005,53.92083886247878,7213500
2016-02-04,51.596961975097656,53.30342772312597,51.442611429019955,53.18337548107762,10455700
2016-02-05,49.02438735961914,51.313966084289234,48.861459835184895,51.24536295536288,14415900
2016-02-08,47.1978874206543,48.20118394939171,45.997358472470076,48.10685625431147,21214500
2016-02-09,47.7466926574707,48.55275992187311,46.546163882151774,46.7348192451476,10915700
2016-02-10,49.23021697998047,49.89050769085213,47.96108792949763,48.48417558818679,13376800
2016-02-11,48.0211067199707,48.8014495733231,47.49801914123964,48.41556502580195,13090900
2016-02-12,48.38126754760742,49.2645152025531,47.59235086913168,49.195912045548994,10229500
2016-02-16,49.556053161621094,49.73613147325204,48.724258191929614,49.36739782304925,8058000
2016-02-17,49.88191604614258,50.25064975420113,48.96437029013955,50.25064975420113,10332700
2016-02-18,50.25064468383789,50.55935224745208,49.71898347493429,49.881911012985114,9658600
2016-02-19,50.85950469970703,50.85950469970703,49.41887105549547,50.16491242694045,10080100
2016-02-22,51.596961975097656,51.86279427618919,50.81661913060509,50.85949773520372,11523400
2016-02-23,51.63127136230469,52.08575912462545,51.35686526148173,51.67414670221226,7504600
2016-02-24,51.794185638427734,52.051440866625754,50.76516145445795,51.22822282792101,10390800
2016-02-25,53.49207305908203,53.49207305908203,51.99141377324496,52.03428909860477,8524300
2016-02-26,53.68073272705078,54.44392801943487,53.56925751960544,53.71503430065463,8896100
2016-02-29,52.814640045166016,53.74933667717579,52.80606628722603,53.56068129071458,7720600
2016-03-01,53.955135345458984,54.109489145691235,52.951838915127226,53.140494286783955,7438300
2016-03-02,53.35487747192383,53.92941410820078,52.737462233148996,53.612132731020644,8465800
2016-03-03,52.84763717651367,53.47524007517984,52.37478275731638,53.34627918274209,7924400
2016-03-04,52.66707992553711,52.90780665425567,51.91051957702456,52.80463665068585,7279400
2016-03-07,50.93904495239258,52.563935481832175,50.54356960991136,52.50375459404644,12829600
2016-03-08,51.42048263549805,52.09966724129321,50.47477711313618,50.74989061210395,9307900
2016-03-09,50.1480827331543,51.257132609842536,49.82138421773638,51.22274588159722,12766900
2016-03-10,50.62092971801758,50.75848645857151,49.838575141189956,50.46617797494298,9402600
2016-03-11,51.65261459350586,51.96211484607105,50.83586989017457,50.83586989017457,8834400
2016-03-14,52.28021240234375,52.72727265176419,51.669801260482025,51.74717713595117,7090500
2016-03-15,52.78745651245117,53.088360889860745,51.8933359629888,52.01369771395263,6188800
2016-03-16,53.18292999267578,53.50102936379831,52.692883863245086,52.84763561776126,7018300
2016-03-17,54.317787170410156,54.48973397039102,53.07977611385032,53.09696784219722,9926800
2016-03-18,54.154422760009766,55.005554073194176,54.03405774153279,54.635869715472005,13192900
2016-03-21,55.64175796508789,56.13180407852087,54.506913988757674,54.63587159357021,13635400
2016-03-22,55.796504974365234,56.26076018331725,55.16889888840533,55.73632410797641,18212900
2016-03-23,53.68157196044922,54.54990161369606,52.57252209305606,52.72727384750378,26987000
2016-03-24,53.002384185791016,53.42365027472741,52.54672481172675,53.354873543305956,12231300
2016-03-28,52.735862731933594,53.286089661784644,52.65848686494759,52.94219947043333,7899000
2016-03-29,52.864837646484375,53.21732707203134,52.658500853173244,52.66709671640567,7837800
2016-03-30,53.337684631347656,53.65578401967094,53.10555698702143,53.10555698702143,7859300
2016-03-31,52.84763717651367,53.853520330925946,52.7100804217322,53.294697449456365,8257800
2016-04-01,52.950809478759766,53.148547129530755,52.57252918332118,52.632710064877045,7555300
2016-04-04,51.55804443359375,53.17433557839526,51.08518998630466,53.07116882608306,16523400
2016-04-05,51.30011749267578,51.72998274378094,51.1023798707208,51.25713162348759,7554000
2016-04-06,51.850341796875,52.16844112776309,50.887441383985355,51.23993071810762,10201500
2016-04-07,51.84174346923828,52.08247021604136,51.33450239221892,51.40328239976588,7092900
2016-04-08,51.08517074584961,52.06526600231921,50.999199031238035,52.00508514616897,8761700
2016-04-11,49.79557800292969,51.39467690497209,49.70960628373615,51.35169104537532,12593400
2016-04-12,50.33723068237305,50.39741156763311,48.91007788406871,49.86437946406728,12471100
2016-04-13,51.222747802734375,51.54084718831271,50.577949889485126,50.741297513514695,10629100
2016-04-14,51.14536666870117,51.87613625014658,51.10237752187731,51.33450514035809,7785200
2016-04-15,51.15397644042969,51.231352334297185,50.19967484260135,50.74130609967382,7653600
2016-04-18,51.21415710449219,51.583841564741824,51.05080945353094,51.05080945353094,6075900
2016-04-19,51.20555877685547,51.57524321931786,51.00782112059152,51.54944906964019,6594400
2016-04-20,51.25713348388672,51.7901687759242,51.093785863198164,51.093785863198164,7177500
2016-04-21,51.65261459350586,52.039490729115315,51.33451191898394,52.039490729115315,7156700
2016-04-22,51.093788146972656,51.77297608583513,50.69831287103192,51.738586075854585,8294300
2016-04-25,50.90464782714844,51.08519046529057,50.51776840283532,51.01641372297489,6117700
2016-04-26,51.18836212158203,51.5580465521375,50.95623445963241,50.990624471686885,5582200
2016-04-27,50.95623016357422,51.35170543002247,50.40600313553982,51.265733686746515,8094600
2016-04-28,50.3286247253418,51.48925959929519,50.2254547030616,50.68111410243674,6028600
2016-04-29,50.672523498535156,50.80148440830808,49.95034961895359,50.216867301998604,8178700
2016-05-02,51.23134994506836,51.36890671890521,50.71551286308323,50.801484616876685,8647800
2016-05-03,51.17116928100586,51.45487869343109,50.749899814541486,50.93044574566176,8061300
2016-05-04,50.81867599487305,51.54944568877374,50.56935333521772,50.92184274798106,8062800
2016-05-05,50.0277214050293,50.706909352175586,49.864373775047184,50.6725193417756,7846000
2016-05-06,50.23405456542969,50.242650427603884,49.3313381750023,50.00192693138636,7308000
2016-05-09,50.483375549316406,50.887446650497395,50.251247922878875,50.37160966704392,5604900
2016-05-10,50.89604949951172,51.57523742490293,50.38880834100093,50.38880834100093,7600200
2016-05-11,49.01323318481445,50.44898479072987,48.87567643930264,50.29423304207763,12823000
2016-05-12,49.855777740478516,50.156682131411955,49.27116068414051,49.451703318700574,8083700
2016-05-13,49.27116394042969,49.96754365678789,49.2453697912079,49.64084837635826,7392600
2016-05-16,49.125,49.46029436858815,48.686538890218166,49.23676588273324,8045900
2016-05-17,49.09061050415039,49.331337275590634,48.703734400743386,49.133599653072594,7620700
2016-05-18,48.248077392578125,48.89287530300493,47.86119799039969,48.79830441807111,11532800
2016-05-19,49.039031982421875,49.26256048523387,47.861198752630436,47.990159648614316,9376500
2016-05-20,48.55756759643555,49.0562127512825,47.63765642556631,48.04173072141741,13745300
2016-05-23,48.13631820678711,48.9788538094559,48.10192819534463,48.66075112303095,7780700
2016-05-24,48.65215301513672,48.806904779875545,48.02455009352341,48.18789772092024,11098700
2016-05-25,48.13631820678711,48.73812700897053,47.947176423465464,48.54898850526089,9921500
2016-05-26,48.00735092163086,48.454411172115336,47.80101416001819,48.18789353828472,9063100
2016-05-27,48.30826187133789,48.600570410382836,48.12771923006037,48.29106686555736,8525900
2016-05-31,47.47432327270508,48.54898648855145,47.431334120381734,48.49740147353055,14233600
2016-06-01,47.22499465942383,47.319565535220754,45.496934589852515,45.84942722859068,28409300
2016-06-02,47.018062591552734,47.13877596423978,46.75076963465791,46.75076963465791,13901700
2016-06-03,46.08684158325195,47.05255182853551,46.043730135453984,46.81112508951278,17265800
2016-06-06,46.819732666015625,47.02667216110021,46.29376460148435,46.36274552957644,13808300
2016-06-07,46.17305374145508,46.8628466133914,46.17305374145508,46.69902183417898,13334000
2016-06-08,46.66454315185547,46.854237472985865,46.26791256148526,46.414495433956766,12068500
2016-06-09,47.371578216552734,47.46642537067342,46.45760372599155,46.655919007701854,11609800
2016-06-10,47.51816940307617,47.73372995867772,47.0353125744192,47.112914506003484,12183600
2016-06-13,47.3457145690918,47.975150920545694,47.31984835809275,47.423316491281604,8582200
2016-06-14,46.66454315185547,47.371581435278074,46.63005596644396,47.06117703141837,9585600
2016-06-15,46.828365325927734,47.47504684141961,46.76800864761721,46.76800864761721,7498400
2016-06-16,46.10409164428711,46.25067123997601,45.6471010400723,46.16444833535818,14456500
2016-06-17,46.31101989746094,46.448978494433526,45.836787425942184,46.08683841082763,11007100
2016-06-20,46.87147521972656,47.552647182933825,46.75938283977282,46.75938283977282,8429400
2016-06-21,47.224998474121094,47.50091567283368,46.94045701277799,46.95770224884658,8278200
2016-06-22,47.052547454833984,47.54402515027002,47.01805698412457,47.423311791979394,7019600
2016-06-23,46.66454315185547,47.578520993710576,46.51796356857667,47.51816430774957,11219800
2016-06-24,45.345306396484375,46.00923312364581,44.991787312067736,45.14699113344013,18481200
2016-06-27,44.74175262451172,45.28496619696,44.3882334114693,44.83659980421465,15265700
2016-06-28,45.77642822265625,45.87127536957157,44.46581997904652,44.87107477434207,20837800
2016-06-29,47.535404205322266,47.54402517840856,45.60398060395211,46.992190803500606,36084800
2016-06-30,47.59576416015625,47.7940794467128,47.07841693118075,47.67336608004295,17350500
2016-07-01,47.949275970458984,48.12172502047214,47.34570594000896,47.48366452218108,9285100
2016-07-05,47.59576416015625,48.20795525637768,47.43193605751069,47.716477526826104,10256100
2016-07-06,48.11310577392578,48.121730036381,47.26810895889537,47.31984466604954,7863400
2016-07-07,48.21657180786133,48.26830751277169,47.90616744597591,48.11310368723286,6948000
2016-07-08,48.90636444091797,48.99258732021362,48.363151091617745,48.3717720638705,8645900
2016-07-11,49.001220703125,49.34611557370102,48.897749281678834,49.001220703125,8122500
2016-07-12,50.061790466308594,50.18250386527891,49.20816911914311,49.22541436030936,11164400
2016-07-13,50.00142288208008,50.3894292116791,49.77723808491476,50.1652477037065,9126500
2016-07-14,50.43254852294922,50.5273924035273,50.139386038744476,50.26872039727441,7488400
2016-07-15,49.897953033447266,50.7601951961295,49.897953033447266,50.51876844312018,9225200
2016-07-18,49.78585433959961,50.14799439942243,49.78585433959961,50.01003581151009,6478900
2016-07-19,49.8031005859375,49.8117248485974,49.2771356854201,49.54442862241252,7442700
2016-07-20,49.8031005859375,50.09626302171715,49.78585863900265,50.00141915680555,5872400
2016-07-21,49.13917922973633,50.03590852313806,48.77703583364558,50.00142133857106,8262000
2016-07-22,48.91498565673828,49.11330091145938,48.65631372837129,48.992587564167586,8614700
2016-07-25,49.26851272583008,49.27713698871808,48.682187838763475,49.03570696574253,7256300
2016-07-26,48.604583740234375,49.89794682328941,48.50111561456385,49.32024622500385,8546700
2016-07-27,48.10447692871094,49.147788849979904,47.82855978075868,48.71666789515552,10295400
2016-07-28,47.81132507324219,48.12173275532085,47.406070233951425,47.93203844089665,9574100
2016-07-29,47.85444259643555,47.992401218298994,47.60439156643524,47.65612728308141,6353400
2016-08-01,47.77683639526367,48.173466986516914,47.68198923448731,48.052753614326164,6268400
2016-08-02,47.35432815551758,47.66473579585166,47.23361480409702,47.62162435451463,7145600
2016-08-03,47.20775604248047,47.58714139094995,46.80250119377506,47.03530696074247,9687300
2016-08-04,47.24224853515625,47.914796364558065,47.121535159539796,47.38882812292114,8678100
2016-08-05,48.156211853027344,48.33728516329543,47.56988706071169,47.69922466959004,7512500
2016-08-08,48.268310546875,48.621829663003744,48.0096385844478,48.397648172684825,6307000
2016-08-09,48.08723449707031,48.492489270754184,48.01825356146794,48.35453068874147,8044400
2016-08-10,47.535404205322266,48.44075768223014,47.48366849922752,48.242442409322116,6881400
2016-08-11,48.91498565673828,49.052944237813485,47.83718321421578,47.96652082299529,9539500
2016-08-12,48.673553466796875,48.94084633728157,48.39763633579816,48.88911393096409,5393400
2016-08-15,48.94947814941406,49.19952911583033,48.82014053528368,48.84601003162505,4836300
2016-08-16,49.04431915283203,49.182277722338505,48.64768538745814,48.97533822348292,4901800
2016-08-17,49.02708053588867,49.12192768194588,48.75116335964526,49.03570150862469,7340500
2016-08-18,49.3288688659668,49.54442938709673,49.061575924848896,49.13917784402337,6043600
2016-08-19,50.78605270385742,50.99298893208243,49.3633521557443,49.49268976527897,15987100
2016-08-22,50.5791130065918,51.268905913542476,50.57049203427643,50.717071587981934,8266000
2016-08-23,51.40686798095703,51.56207180669468,50.69982979223761,50.69982979223761,8222800
2016-08-24,51.92422103881836,52.019068197412174,51.49309998280477,51.639679563036935,11379000
2016-08-25,51.079219818115234,51.863859941738156,50.898146490208134,51.743143293402646,8713900
2016-08-26,50.872283935546875,51.04473301350589,50.268713807286616,50.5015195691524,9994300
2016-08-29,50.553245544433594,51.08783462288923,50.467019377462066,51.044723183999444,5831000
2016-08-30,50.010047912597656,50.665350541448845,49.88071026611202,50.40667853767056,6344600
2016-08-31,49.699642181396484,50.251476688659714,49.311632515604174,49.88933652671564,7723600
2016-09-01,50.61614990234375,50.6247948721692,49.74285952431834,49.86390889196197,8225000
2016-09-02,50.166534423828125,51.169519115618975,50.14059621661689,50.6939666261087,6933100
2016-09-06,49.63910675048828,50.47781070921607,49.466177657157544,50.36540630379887,9771800
2016-09-07,49.90714645385742,49.95902287243481,49.29324801445775,49.69963088450366,7536100
2016-09-08,48.56695556640625,49.51806405893817,48.51507914024808,49.18085409551586,12741900
2016-09-09,47.840641021728516,48.41994954919973,47.78876131694934,48.316193437988694,11310400
2016-09-12,48.42860412597656,48.52371528776861,47.512085581466934,47.55531702818661,7470900
2016-09-13,47.875240325927734,48.368086143190354,47.6590797640284,48.29891647852374,7359400
2016-09-14,47.667728424072266,48.03952485745275,47.49479931346648,47.693666636241176,7621200
2016-09-15,47.96172332763672,48.02224804229862,47.39105937628913,47.555340273464346,6283900
2016-09-16,47.710960388183594,47.86659625956102,47.59855597033357,47.76284011142556,11715400
2016-09-19,47.512088775634766,47.96170310811174,47.49479553611471,47.88388517944557,7671300
2016-09-20,47.44291305541992,47.935758808829384,47.34780189277108,47.78012296055819,8563000
2016-09-21,47.849300384521484,47.883886864778916,47.2181119623907,47.57261513915863,8041700
2016-09-22,47.909820556640625,48.40266630960165,47.76283297693379,47.96170027213315,8052400
2016-09-23,47.68501663208008,48.16921413265379,47.477501061585556,47.57261222729771,8921700
2016-09-26,47.036537170410156,47.55532117295767,46.75985192927172,47.38239207265908,11629600
2016-09-27,47.849300384521484,48.02222948746034,46.60421678038864,46.906840236770414,17945200
2016-09-28,46.042198181152344,47.55532206503998,45.65310852276872,47.20946385795491,33213000
2016-09-29,45.0997314453125,46.327524932686686,45.06514496998414,45.756857984812214,16993900
2016-09-30,45.523414611816406,45.87791779327118,45.20349461272798,45.45424165038701,12940200
2016-10-03,45.54069900512695,45.82603248873553,45.32453847451971,45.428297904021704,7632500
2016-10-04,45.08244705200195,45.87791964887232,45.030570627180026,45.739577018766404,10737400
2016-10-05,45.065147399902344,45.51476170837081,45.04785416130571,45.091088906971294,7244100
2016-10-06,44.98733139038086,45.246726682024125,44.935454970730724,45.134322275535254,9391700
2016-10-07,44.77981948852539,45.35912816843736,44.6847083205761,45.3245416894834,8407100
2016-10-10,44.77981948852539,45.17755410145135,44.76252624904841,45.07379796293766,5469300
2016-10-11,44.805763244628906,45.17755969353449,44.54637121706302,44.9181676659686,9203500
2016-10-12,45.341835021972656,45.57528880786849,44.78846455096691,44.97003861832538,9301300
2016-10-13,44.98733139038086,45.23807841318367,44.52907209228122,45.06514931820421,8425800
2016-10-14,44.6328239440918,45.39370990992895,44.6328239440918,45.28995378224365,7133800
2016-10-17,44.122703552246094,44.74524717713891,44.062178844086986,44.658784250725674,7904000
2016-10-18,44.286964416503906,44.66740571013853,44.26102291355673,44.35613406155226,6805200
2016-10-19,44.7884635925293,44.82305007081408,44.21779989422285,44.390728987298644,6999000
2016-10-20,44.86627960205078,45.27266245865914,44.693350516365435,44.76252346997876,6590500
2016-10-21,44.76252365112305,44.848986545141635,44.312909345860845,44.73658544258707,9161000
2016-10-24,44.84897994995117,45.212131307792184,44.814396776438095,45.09972692341907,7578200
2016-10-25,44.13998031616211,44.477190220954824,43.84600185843421,44.07081066052801,14975300
2016-10-26,44.93545150756836,45.19484348087221,44.01028471383096,44.05351615965695,12401100
2016-10-27,44.86627960205078,45.25536922025581,44.693350516365435,45.25536922025581,7939200
2016-10-28,44.978694915771484,45.39372284310661,44.77982757340354,45.06515783041885,9096700
2016-10-31,43.38774108886719,44.22644498611311,43.23210524611335,43.99299122198235,17931300
2016-11-01,42.90353775024414,43.67306864974885,42.488509960567924,43.66442368049103,14100400
2016-11-02,42.990020751953125,43.46557340750989,42.376122147369976,42.574992799920906,10775900
2016-11-03,42.99864959716797,43.23210335106545,42.63550151222593,43.21481011392329,7678700
2016-11-04,43.19752502441406,43.62120116843851,43.024595918723506,43.05918239953129,9925200
2016-11-07,44.018943786621094,44.036237030161544,43.47421815931812,43.64714729637371,8358700
2016-11-08,44.165931701660156,44.52043492424002,44.05352727547179,44.18322164567493,8111400
2016-11-09,44.20050048828125,44.33019811457987,43.05917325090492,43.292626999233846,9058600
2016-11-10,43.56932830810547,44.416677431238405,43.51745187707315,44.347507757079015,12316100
2016-11-11,43.897891998291016,43.96706167035074,43.38775288574905,43.4223393709533,6300600
2016-11-14,43.41368865966797,44.261037709439655,43.41368865966797,44.25239273779902,8063900
2016-11-15,43.34451675415039,43.785482848730126,43.01595177683999,43.62984698044353,9299800
2016-11-16,43.820068359375,43.92382450315122,43.18887992901816,43.232111380729215,6760300
2016-11-17,44.60689926147461,44.67606893478764,43.854661335570526,44.04488041094296,7671600
2016-11-18,44.18320846557617,44.866276492602,44.062159103490124,44.43395545752455,7461600
2016-11-21,44.33885192871094,44.45990131161845,44.053521711621556,44.09675316289591,5357200
2016-11-22,44.71063995361328,44.745226427479516,44.13997632821122,44.50312770711127,5228100
2016-11-23,44.39072799682617,44.83169404089964,44.26967862387847,44.71064466795195,4141600
2016-11-25,44.54636001586914,44.73658232748201,44.39936914825526,44.68470261567457,2736800
2016-11-28,44.105403900146484,44.477200366741506,43.75954894638631,44.477200366741506,8602100
2016-11-29,43.776832580566406,44.41666591868215,43.72495286463215,44.26967833772378,6065700
2016-11-30,43.292640686035156,43.93247745392389,43.292640686035156,43.68173038959258,8198400
2016-12-01,43.95213317871094,44.47278889533751,43.44015362292053,43.483541047598024,7610100
2016-12-02,43.787261962890625,43.978170628325934,43.48354664083332,43.613708931608414,6933300
2016-12-05,44.99345016479492,45.35791185961193,43.99552603306125,44.08230089312549,12031200
2016-12-06,43.88270950317383,44.34262215117216,43.61370218081257,44.10832940199249,12496300
2016-12-07,45.210384368896484,45.34054995122899,43.908741786564555,44.073618632218825,10412600
2016-12-08,44.73312759399414,45.5314703045683,44.646352723610676,45.25378674704228,9260900
2016-12-09,44.88064193725586,45.09758239006897,44.68973327950077,44.91534989391702,5869800
2016-12-12,44.72444534301758,45.03684013027244,44.20378626084326,44.689734075489554,11459500
2016-12-13,45.383934020996094,46.18227646715111,44.976088292977536,44.976088292977536,11442300
2016-12-14,44.94138717651367,45.418655533775166,44.76783414380528,45.33188067254535,8012800
2016-12-15,44.507503509521484,45.158324859420034,44.33395048749883,45.12361359296579,9567500
2016-12-16,44.18641662597656,44.81120600251277,43.969476238040116,44.776494745983506,13984900
2016-12-19,44.12567901611328,44.56823931574222,43.804608129297804,44.17774590731905,9451700
2016-12-20,44.94138717651367,45.11494020922206,44.03891405462905,44.3079214208395,15984100
2016-12-21,45.383934020996094,46.29508309923708,44.73311277793139,45.90459300159667,23236400
2016-12-22,45.24510192871094,45.9913776427424,45.14964759641639,45.81782461222948,11798900
2016-12-23,45.0455207824707,45.42733483259473,44.83725646679005,45.11494332444725,9360800
2016-12-27,44.507503509521484,45.34055404293197,44.42940481512372,44.95006057094313,8175000
2016-12-28,44.27320861816406,44.689733896082174,44.14304302058087,44.52486034135896,6318000
2016-12-29,44.30790710449219,44.46410445243587,44.151709756548506,44.255840218428396,4680800
2016-12-30,44.108333587646484,44.542214484741976,43.995523627532066,44.34262635905933,7384300
2017-01-03,45.106266021728516,45.55750263553899,44.92403680564615,45.114945495017665,13295600
2017-01-04,46.05211639404297,46.295088627857155,45.2017102654449,45.323196382351995,13759500
2017-01-05,46.04343795776367,46.07814591070178,45.505423309119834,45.9219485366114,8682200
2017-01-06,46.781044006347656,46.93724141353404,45.97402517263431,46.0694795114981,12532400
2017-01-09,46.321128845214844,46.85046410752963,46.18228708052972,46.82442900085513,8835300
2017-01-10,46.08683395385742,46.62484539232412,46.08683395385742,46.468647989180745,8041900
2017-01-11,45.72235870361328,46.243017663327805,45.70500307393134,46.09549646615526,8208300
2017-01-12,45.47071838378906,45.72236678302522,45.26245410105215,45.566169398534655,7368700
2017-01-13,45.921958923339844,45.930638396223706,45.32320439406465,45.635599212903536,6694400
2017-01-17,46.555416107177734,46.815743952768806,46.000045843602464,46.33847568414382,9888500
2017-01-18,46.225677490234375,46.76368894927911,45.869895238410585,46.73765715117583,6743100
2017-01-19,45.93062973022461,46.807067641938616,45.89591846573635,46.720292790966354,8320600
2017-01-20,46.164920806884766,46.29508306926463,45.90459297187703,46.18227643725169,7861000
2017-01-23,46.19963836669922,46.216990689184016,45.74840184637964,46.00872971688173,7025700
2017-01-24,46.38186264038086,46.485993115520735,45.982693060471235,46.008724851694176,6321300
2017-01-25,46.73763656616211,46.963253107601496,46.59011538463642,46.624826640318645,6675000
2017-01-26,46.555416107177734,46.963261851512755,46.303764421998835,46.95458569110058,6202000
2017-01-27,46.156253814697266,46.92856467869956,46.01741204447474,46.58145859801878,7362000
2017-01-30,46.060791015625,46.182277119740746,45.47938897560925,45.800459866522026,9770800
2017-01-31,45.904605865478516,45.904605865478516,44.80254785449531,44.84593528747518,12342900
2017-02-01,46.008731842041016,46.21699282396295,45.65294963019648,45.97402057497115,8810900
2017-02-02,45.81781768798828,46.00004685287545,45.54013420523215,45.991370692272916,7874200
2017-02-03,45.43600082397461,45.8264942311054,45.34054651220397,45.66161739795683,8850400
2017-02-06,45.81781768798828,45.81781768798828,45.16699640460706,45.20170766751363,7355200
2017-02-07,45.826499938964844,46.234345716990795,45.70501051142152,46.05211654104845,6446900
2017-02-08,46.7550048828125,46.8070684702178,45.73104573402802,45.76575699913052,9281100
2017-02-09,47.99591064453125,48.33433724717508,46.75501089467132,46.75501089467132,14345400
2017-02-10,48.78557586669922,49.00251634520962,48.27359620500471,48.27359620500471,14973400
2017-02-13,48.67277145385742,48.88971195716214,48.37773223695302,48.74219069358526,7679800
2017-02-14,48.98515319824219,49.19341417193769,48.44714182090558,48.52523720335502,8891400
2017-02-15,49.15003204345703,49.254162541530356,48.77689417259137,48.84631671147282,6652000
2017-02-16,48.8463134765625,49.393001037929,48.68143661276267,49.358293081035704,8374200
2017-02-17,49.245479583740234,49.28886700942954,48.473172151626166,48.69878875135956,12638000
2017-02-21,49.774818420410156,49.85291711645625,48.768214843732,48.92441223582418,10955000
2017-02-22,50.5384407043457,50.659926807513315,49.774809514116086,49.87893998679575,10914100
2017-02-23,49.80084991455078,50.677291199351735,49.69671942386851,50.42563947914167,12316300
2017-02-24,50.208702087402344,50.69464661371602,49.52316941892548,49.800852951175806,9684500
2017-02-27,50.06117248535156,50.182661906882025,49.76613336784553,50.02646453230541,4375700
2017-02-28,49.60126876831055,49.939695370778516,49.34094086720049,49.783497968062704,7951300
2017-03-01,50.28678512573242,50.35620433204972,49.748773863344105,50.20868644972058,8558900
2017-03-02,50.31289291381836,50.704602956997604,50.182325113132976,50.399941434836826,6438400
2017-03-03,49.35538864135742,50.31289924919912,49.18999809087719,50.31289924919912,9181600
2017-03-06,49.41633605957031,49.55561043275055,49.20742283951847,49.35540372883915,6896800
2017-03-07,49.22483444213867,49.60784147351923,48.763488685862754,49.36410882066894,7124400
2017-03-08,49.19000244140625,49.56430286061795,49.01591200317387,49.56430286061795,7604800
2017-03-09,49.059444427490234,49.320583457644155,48.824418304182835,49.27706083937899,6165700
2017-03-10,49.120365142822266,49.607826985596944,48.972384291034786,49.17259426472881,8882400
2017-03-13,49.329288482666016,49.459859662867245,48.84182982711593,49.12037857901971,7235900
2017-03-14,49.86026382446289,50.49570325433935,49.372805259386396,49.50337309479084,9286900
2017-03-15,50.19104766845703,50.47830291779757,49.3989240846794,50.164934762358016,10067500
2017-03-16,50.13882064819336,50.24327891811624,49.4685650126179,49.99084307998041,9895000
2017-03-17,50.31289291381836,50.3912349224542,49.886366782793274,50.28678001779359,10791500
2017-03-20,51.078914642333984,51.19207608451422,50.45217843402781,50.48699785016977,13352500
2017-03-21,50.495704650878906,51.35746699885638,50.24327216722391,51.1659635169586,15269800
2017-03-22,46.93548583984375,47.87558992682176,46.796211529242726,47.666676800639486,37413400
2017-03-23,48.197669982910156,48.354354026129265,47.45777569481267,47.536117716422225,23848300
2017-03-24,49.059444427490234,49.303173746225504,47.98006556347434,48.12804645025142,14438600
2017-03-27,48.68513107299805,48.96367974099072,48.345650091417106,48.432695304954045,8663600
2017-03-28,49.285743713378906,49.42501802673981,48.563259250494745,48.737352972336254,7823900
2017-03-29,49.337982177734375,49.703576074391655,49.05072698416464,49.102956106785186,7456200
2017-03-30,48.7808952331543,49.26835386610045,48.58068853454243,49.163898919120975,7210500
2017-03-31,48.511043548583984,48.77218254325698,48.44140803293367,48.74606963995843,5905600
2017-04-03,48.363067626953125,48.57197750148365,48.006176880781105,48.519751693132314,7088800
2017-04-04,47.910423278808594,48.13674285419438,47.727626315547475,48.006175017820354,8843300
2017-04-05,47.85820007324219,48.57198162620032,47.440376968137144,47.84949687796542,7722100
2017-04-06,47.99746322631836,48.69383490544291,47.82336947639669,47.93653091193009,6692200
2017-04-07,47.97135543823242,48.084516885825195,47.67539702799457,47.96264892349936,6078300
2017-04-10,47.788570404052734,48.16287093750482,47.63188630537217,47.875615649736034,5472700
2017-04-11,47.80596160888672,47.936532756492774,47.48389031750394,47.83207783074526,4348600
2017-04-12,48.37178039550781,48.4153030179357,47.440382329185375,47.579656713292565,8504100
2017-04-13,48.171566009521484,48.39788560246633,48.10192716826909,48.23249833533597,5282100
2017-04-17,48.954978942871094,49.04202416066652,48.093216676222625,48.15414899279187,7688700
2017-04-18,48.84181594848633,49.111658107399485,48.57197046901106,48.76347392673945,5651100
2017-04-19,48.624202728271484,48.93757083548185,48.5197477993888,48.88534171075935,5947700
2017-04-20,49.094268798828125,49.346701338435416,48.64162621800745,48.71126175013811,6867100
2017-04-21,48.61549377441406,49.07684271824053,48.46751624263576,48.998500695369025,6055600
2017-04-24,48.28472900390625,48.92887170319008,48.28472900390625,48.8679393754352,10777700
2017-04-25,48.26731872558594,48.54586745506574,48.232499304260266,48.3369542476745,8971000
2017-04-26,48.01488494873047,48.60680185424961,47.980065525920416,48.276023978679994,10936000
2017-04-27,48.28472900390625,48.37177423768099,47.797267061304375,48.03229317717156,8558000
2017-04-28,48.23250198364258,48.33695693285942,47.99747585748244,48.249911695272544,6437700
2017-05-01,47.86688995361328,48.26730320844389,47.85818344079948,48.24989350337799,4881400
2017-05-02,47.93653869628906,48.01488073044758,47.69280939915708,47.98006131069654,7363600
2017-05-03,47.46648406982422,48.13674292330641,47.35332594225009,48.02358147516981,9474700
2017-05-04,47.41426086425781,47.72762900209463,47.1792347608802,47.59705783780841,6830600
2017-05-05,46.96161651611328,47.44037189868475,46.62213548702737,47.362029867313964,13379900
2017-05-08,47.26626968383789,47.44906661753046,46.85715321136812,47.16181476752241,8728100
2017-05-09,47.77985763549805,47.94524822944474,47.144418127575435,47.29239901055075,6441200
2017-05-10,47.49258804321289,47.92782069394429,47.44906212169047,47.79724957050023,5823000
2017-05-11,47.21405792236328,47.45778723974569,46.48286664965313,47.45778723974569,6499600
2017-05-12,47.179229736328125,47.34461698232277,46.82233902192537,47.092181195887036,5606300
2017-05-15,46.80492401123047,47.17922439131634,46.72658199399013,47.109585566852964,8201700
2017-05-16,45.94316864013672,46.465449939439495,45.368661535297356,45.586277913199574,14562700
2017-05-17,45.090126037597656,46.02152414204583,45.090126037597656,45.94318209024349,18341500
2017-05-18,44.98566818237305,45.33385579478351,44.654890282639414,45.238104035342474,22576500
2017-05-19,45.06400680541992,45.35996525731456,44.22836058379844,44.39374786081844,20047800
2017-05-22,44.889896392822266,45.22937733713453,44.74191888194222,45.06399012134595,13671500
2017-05-23,45.43830108642578,45.812601527963395,45.159752383964644,45.24679760827283,11087300
2017-05-24,45.27290344238281,45.525339202247785,45.0378807093355,45.481816596889466,9383600
2017-05-25,45.5688591003418,45.77777224243683,45.44699448435375,45.594975318454765,7627500
2017-05-26,45.77777862548828,45.925756159660885,45.464410528931936,45.56886545426331,5921300
2017-05-30,46.06502914428711,46.152077679969345,45.82129988550108,45.92575480775765,8039600
2017-05-31,46.12596893310547,46.378401407909756,45.88223633180965,46.1520818358805,8938800
2017-06-01,45.68051528930664,46.55394771675755,45.60190623756085,46.3443258000223,13352100
2017-06-02,46.274452209472656,46.30065411756835,45.732925006918535,46.029892182231535,18511200
2017-06-05,46.30065155029297,46.49280775068803,46.02988962996934,46.29191869203878,5748900
2017-06-06,45.83774185180664,46.37926912383448,45.79407088875101,46.204585271611954,8923000
2017-06-07,46.49281692504883,46.60636409604113,46.073569676632204,46.10850778030383,7438300
2017-06-08,46.46661376953125,47.28763919255349,46.42294280705107,46.49281568064318,7785600
2017-06-09,46.69369888305664,46.7024350735791,46.11723358815028,46.46660790767917,8347400
2017-06-12,47.19156265258789,47.383718892177434,46.728644437446874,46.73737729748232,9180000
2017-06-13,47.436119079589844,47.741819114137215,47.02560474872867,47.191555720071456,8720100
2017-06-14,47.74181365966797,47.75054651742282,47.121677470790296,47.58459556503981,6783900
2017-06-15,46.20458221435547,47.20902762569669,46.05609695153417,47.165356665530666,16041100
2017-06-16,44.63239288330078,45.27873430470726,44.36163098034246,45.20012525793998,25725500
2017-06-19,45.43596649169922,45.61065368668703,44.89443918593001,44.91190490673579,11265300
2017-06-20,45.034175872802734,45.532032075682025,44.63239443541999,45.46215588417887,10676500
2017-06-21,45.9338264465332,46.02116838496007,45.33115907487249,45.33115907487249,13021700
2017-06-22,45.76786804199219,45.96002094188636,45.49710274557111,45.94255189064492,10660700
2017-06-23,46.160911560058594,46.22205157548535,45.1302608258919,45.54951140579102,8522400
2017-06-26,46.53648376464844,46.78977999599925,46.00368939245559,46.248252764602874,7966200
2017-06-27,46.248252868652344,46.51901481901936,45.977487586404656,46.457874808815156,7873100
2017-06-28,46.60636520385742,46.82472335917394,46.25699082259859,46.440410873413015,7527200
2017-06-29,46.44041061401367,46.84219214978143,46.283195808394474,46.580163031241426,14801900
2017-06-30,51.53252029418945,52.15265660316306,49.34893892579159,49.43628084777521,46553000
2017-07-03,51.22682189941406,51.54125482789754,50.9473237417304,50.982258512530215,9910000
2017-07-05,50.2747802734375,50.9123856540842,50.23110597913333,50.868714691660884,16167000
2017-07-06,49.925392150878906,50.41451545810807,49.78564311051056,50.178688327759005,9035700
2017-07-07,50.64160919189453,50.72895442936638,49.81184776125265,50.135020142078304,8145400
2017-07-10,51.29668426513672,51.36656045618442,50.37958091485669,50.56300091853666,8942400
2017-07-11,50.81629943847656,51.47137376606241,50.69401943042806,51.13073564881862,7223000
2017-07-12,50.85123825073242,51.31415638253484,50.74642395789082,50.92984730442343,7243100
2017-07-13,50.60667419433594,51.165673752729504,50.597941335994314,50.85123754234572,8108600
2017-07-14,50.659088134765625,50.84250817146425,50.344651882207536,50.6154171734394,6345300
2017-07-17,50.47566223144531,50.964782272459495,50.449456992190704,50.65908224682563,6885000
2017-07-18,50.3533935546875,50.728969860360834,50.19617541129489,50.432002626383806,4922500
2017-07-19,50.458187103271484,50.55426519457514,50.126281878371586,50.30970187165311,4451100
2017-07-20,51.61985778808594,52.04784116560591,51.35782871273189,51.63732683736027,11915500
2017-07-21,52.362281799316406,52.40595276024046,51.45391115182086,51.53252021423645,11048300
2017-07-24,51.48884963989258,52.20506406644277,51.32289532250215,52.13518786293506,7498900
2017-07-25,51.873146057128906,51.986693194074995,51.46263179177918,51.81200605997639,5157100
2017-07-26,50.973514556884766,51.646057893624594,50.93857646180942,51.61111979854925,5529500
2017-07-27,50.79010009765625,51.25301824633667,50.6503510339859,51.18314204856125,8259900
2017-07-28,51.24427795410156,51.305421288201416,50.63287793190534,50.79009603243586,5112800
2017-07-31,51.57619094848633,51.63733095988744,50.94732178380619,51.279223750874884,6225900
2017-08-01,52.266204833984375,52.35354675775061,51.44517942218696,51.53252134595319,9051700
2017-08-02,52.2225341796875,52.36228325766508,51.76834884329015,52.01290889678071,4468100
2017-08-03,52.528228759765625,52.8688668935124,52.09151252021735,52.23126158359758,5677200
2017-08-04,52.19631576538086,52.70290812763869,52.08277195884445,52.554422895574156,4106000
2017-08-07,52.2225341796875,52.49329614408609,52.152657974758284,52.24873609059553,4066700
2017-08-08,51.934288024902344,52.51075325698545,51.84694612047887,52.301131353617095,5586400
2017-08-09,52.31859588623047,52.379735880427056,51.75959641776486,51.899345451911316,5310900
2017-08-10,51.593658447265625,52.13518567419288,51.58492558813417,52.12645281506143,5585100
2017-08-11,51.50632095336914,51.768350064272084,51.17441563588892,51.296695665518236,4980000
2017-08-14,52.21379852294922,52.40595475659194,51.646069345548,51.66353839695923,5900000
2017-08-15,51.1482048034668,51.54124673532926,50.91237764522113,51.480106731178196,8913000
2017-08-16,51.130741119384766,51.57619024377517,50.85124297626125,51.445177363368906,5489600
2017-08-17,50.18745040893555,51.30544671476475,50.15251229552923,51.12202328532249,9148600
2017-08-18,47.995113372802734,48.40562435502256,47.31383380210112,47.90776812944081,22905200
2017-08-21,46.824729919433594,47.5496773640732,46.38801354761553,47.5496773640732,14289300
2017-08-22,47.278892517089844,47.52345250101882,46.98192539437043,47.09546919726323,8212800
2017-08-23,46.824729919433594,47.23524437514465,46.68498081372707,47.09549193755663,6409400
2017-08-24,47.025604248046875,47.139151401904314,46.693698977014606,47.104213303505034,5461900
2017-08-25,47.0780029296875,47.34003195680097,46.7635667643994,47.1915467312461,6416600
2017-08-28,46.92953109741211,47.54093455641932,46.833452982612016,47.22649830139385,5269400
2017-08-29,46.05609893798828,46.18711515601791,45.47963357604338,46.0648351295267,12539900
2017-08-30,45.907615661621094,46.25698667970836,45.636850373801856,46.117237606097305,7434500
2017-08-31,46.284488677978516,46.43348087872111,45.986500933162354,46.10043496549577,7728900
2017-09-01,46.76652526855469,46.845404473240436,46.363366374974596,46.45100844981171,5509800
2017-09-05,46.45977020263672,46.86293242985188,46.34583617675467,46.67011585785031,6306500
2017-09-06,46.24066162109375,46.748995003630434,46.1968405847825,46.556178431864,7407600
2017-09-07,45.9163703918457,46.31952917383893,45.872549366555994,46.240649990985474,6905800
2017-09-08,45.74985885620117,46.02155127658711,45.67097965662737,45.79367989077981,8563300
2017-09-11,46.477298736572266,46.564944151596606,45.855031334887705,45.907618583902305,8649900
2017-09-12,46.80157470703125,47.40631293461387,46.71392930520971,47.12585433544539,7823700
2017-09-13,46.90674591064453,47.01191704964535,46.486058011311016,46.845395800949866,6086000
2017-09-14,47.090797424316406,47.23102672762177,46.556172160673995,46.92427617143201,7497400
2017-09-15,47.21349334716797,47.38001792821767,46.90674281891328,47.20473047921641,10046800
2017-09-18,46.889217376708984,47.46766366295012,46.801575317075276,47.21349700935001,8166400
2017-09-19,46.74022674560547,47.371256951071636,46.02154779095919,46.2581853717579,14707200
2017-09-20,46.941810607910156,47.01192359589696,46.48606448433852,46.8804604896727,7058000
2017-09-21,46.61751937866211,47.01191531452154,46.5298773232845,46.93303612734965,8065400
2017-09-22,46.66135025024414,46.98562991231399,46.27571712886647,46.46853368955531,10962400
2017-09-25,46.65258026123047,46.941805078852646,46.451000847431814,46.52111717049063,12262400
2017-09-26,47.064510345458984,47.30114794615092,46.43347674361383,46.60876422671867,16183700
2017-09-27,46.16176986694336,46.17929894536783,44.72441886943535,45.72355293632117,36202500
2017-09-28,46.126712799072266,46.47728432043862,45.863783322215085,46.27570494340379,11334700
2017-09-29,45.44309616088867,46.2932381096988,45.36421697653175,46.09165871486,12189900
2017-10-02,45.460628509521484,45.75861618926438,45.27657818056182,45.71479515998782,7516200
2017-10-03,45.11006164550781,45.61839165622542,45.04871152944414,45.574570622370025,8126700
2017-10-04,45.64468002319336,45.68850105039754,45.048704691892304,45.14510961440948,8204300
2017-10-05,45.73232650756836,45.85502673295773,45.38175156931553,45.58333098864527,5287400
2017-10-06,45.942665100097656,45.977723259768844,45.67973558922402,45.74985190856639,5360300
2017-10-09,45.15387725830078,45.83749466569714,45.13634817819701,45.776144556999014,6875100
2017-10-10,45.16263961791992,45.41680626156615,45.02241032199961,45.20646398935075,8372700
2017-10-11,44.724430084228516,45.1538842549904,44.549145942690465,45.039946888326114,9109600
2017-10-12,44.54914093017578,44.803304244140655,44.12844967649324,44.68060402153755,10658400
2017-10-13,44.68061065673828,44.75948986060126,44.17228060998973,44.54914754585386,16227900
2017-10-16,45.02241516113281,45.05747332471358,44.38261872077118,44.52284803176372,9299300
2017-10-17,45.57457733154297,45.609635501120536,45.03118907641496,45.13636024181659,9492700
2017-10-18,45.83749771118164,45.92514311752376,45.66221024182781,45.7323265669015,10890300
2017-10-19,46.1793212890625,46.27572959537896,45.11883660624435,45.27659504506557,12568200
2017-10-20,46.503578186035156,46.88920785074167,46.266940661102886,46.266940661102886,13020900
2017-10-23,47.02943801879883,47.283604625600375,46.45099183906442,46.503579071160146,12242600
2017-10-24,46.8191032409668,47.327436571908116,46.53864462504415,47.2397945081812,14767600
2017-10-25,48.15127944946289,49.00142144094249,46.16177400489869,46.8278656714178,24804000
2017-10-26,49.79022216796875,50.175851966382055,48.326575489980726,48.431746645306035,22185100
2017-10-27,49.04524230957031,49.39581722168414,48.77354992884573,48.92254209332952,12801800
2017-10-30,48.44050979614258,49.01895612885883,48.063642891443905,48.826139570176565,10169400
2017-10-31,48.19511032104492,48.44927365693662,47.783185243914346,47.98476467605702,9794800
2017-11-01,48.26522445678711,48.642091378174555,48.072407889566364,48.571975047064946,7544500
2017-11-02,48.309051513671875,48.48433901996438,47.84454246382817,48.33534681278097,7250300
2017-11-03,48.82613754272461,48.83490375502645,48.23892836505626,48.33533664039415,9448200
2017-11-06,49.11536407470703,49.19424327151141,48.32657210666325,48.45803854911405,9332200
2017-11-07,48.33533477783203,49.09783139552068,48.22139742561134,48.86119382244552,7774700
2017-11-08,48.86996078491211,48.8787269976105,48.10746410334917,48.20387238304816,7079400
2017-11-09,49.19424057006836,49.38705377352278,48.47556496901835,48.64208622275861,10958500
2017-11-10,49.15918731689453,49.50976228363069,48.747262232479144,48.97513696385685,7535700
2017-11-13,49.00141906738281,49.159177436373106,48.78231059304407,48.78231059304407,10106100
2017-11-14,49.06277084350586,49.238058297612056,48.66837490759944,48.82613328196201,5037500
2017-11-15,49.63245391845703,49.842796187385154,48.273982008585115,49.04524145242835,6610500
2017-11-16,50.1583137512207,50.20213477935043,49.439638191236746,49.62368851537968,8233300
2017-11-17,51.876121520996094,52.174109181783905,51.157445987919026,51.30644148997794,15475500
2017-11-20,51.9287109375,52.14781942246835,50.815639432661136,51.38532283091092,8480600
2017-11-21,52.051414489746094,52.060180701971476,51.648255653968036,51.73589771623966,9057800
2017-11-22,51.770957946777344,52.00759553636106,51.65702058660804,51.86736622512595,8501300
2017-11-24,51.99005126953125,52.016343212917825,51.6307135554868,51.70959272897605,3400400
2017-11-27,52.261756896972656,52.323107005445515,51.85859474272652,51.88489003445071,7891600
2017-11-28,52.21794128417969,52.23546702270657,51.30644908757835,51.499262301348644,8665300
2017-11-29,52.90155029296875,53.138187845173476,52.34939600449105,52.34939600449105,12022800
2017-11-30,52.954132080078125,53.64651563009483,52.761318904838795,52.813902796572314,12551200
2017-12-01,52.65516662597656,53.13880558648092,52.092386500703554,53.13001026015432,10113500
2017-12-04,52.848609924316406,53.37621870502399,52.7342975397649,52.99810025290194,7513200
2017-12-05,53.12999725341797,53.46414912890802,52.452904887131105,53.332249456206675,8862900
2017-12-06,52.514461517333984,53.50811851777522,52.49687422248987,53.1212080945052,7862200
2017-12-07,53.288291931152344,53.69279307632335,52.45291707989303,52.637578677259775,6113300
2017-12-08,53.90382766723633,53.965381525858284,53.01569102538122,53.200352601247076,6065200
2017-12-11,54.44023895263672,54.712837060845466,53.90383806310931,53.965391933602525,9017800
2017-12-12,54.66886520385742,54.985429872029584,54.211608854757905,54.35230389011951,7358000
2017-12-13,56.5418701171875,56.682561788597624,54.536961805866,54.71283142677967,16072600
2017-12-14,56.74411392211914,57.02550396522533,56.32203221189376,56.65618079156118,13055100
2017-12-15,56.972740173339844,57.21895559973769,56.40996013903986,57.06067329578662,15659300
2017-12-18,56.990325927734375,57.22775274564959,56.62100277638562,57.09584970334863,12652000
2017-12-19,56.48910140991211,57.32448289668933,56.43634287497354,57.28930830377441,8212500
2017-12-20,55.917518615722656,56.71772200125293,55.90872664640174,56.62099356655699,12468600
2017-12-21,56.955162048339844,57.13983036761519,55.662527421058826,56.53308028422994,14352300
2017-12-22,55.65372848510742,55.87356466649486,52.87499928654759,53.8158978745311,20414200
2017-12-26,55.97029495239258,56.181335814939345,55.231645224610816,55.310786386674366,4563500
2017-12-27,55.3547477722168,55.926319796345524,55.19646546290516,55.89114855883582,8959700
2017-12-28,55.3547477722168,55.68010436160907,55.26681129235827,55.3987143349292,3987200
2017-12-29,55.003013610839844,55.7240760397036,55.003013610839844,55.58338101344808,5222100
2018-01-02,55.829593658447266,55.829593658447266,55.266810261154596,55.266810261154596,6511000
2018-01-03,55.820804595947266,55.979086920063274,55.18767529948324,55.820804595947266,6091100
2018-01-04,55.78562545776367,55.88235390956118,55.00300922694202,55.75045421982856,5780500
2018-01-05,56.26047134399414,56.5418647232724,55.812007040158655,56.014255910863575,11632300
2018-01-08,56.7617073059082,56.90239897979991,56.26047770341142,56.409968057876725,11905700
2018-01-09,56.3571891784668,56.91118054050142,55.81199984931085,56.480303588037344,8771300
2018-01-10,56.471519470214844,56.48031479597234,55.785628301789295,56.17254212870471,5010600
2018-01-11,56.5330810546875,56.55066499973644,56.084613303948714,56.304449515838684,5103500
2018-01-12,56.86721420288086,56.91118411683819,56.55944493178038,56.71772722961305,5135700
2018-01-16,55.76804733276367,57.47397844442678,55.72408076228906,56.96395683450522,9117000
2018-01-17,56.11098861694336,56.28685823441954,55.46906736442413,55.98787753660626,7422600
2018-01-18,56.37479019165039,56.46272332133986,55.8735639726659,56.27806173633165,5656900
2018-01-19,59.10074996948242,59.127129234156804,57.26292296925346,57.429993881813516,12896100
2018-01-22,58.37968826293945,58.76660203911633,57.82570357248646,58.52038662113722,8491800
2018-01-23,59.03920364379883,59.206281286530114,58.423665026685285,58.50280283079942,6412000
2018-01-24,59.79543685913086,59.95371916623031,58.97764605726158,59.21506616347709,7421800
2018-01-25,59.54042053222656,60.35821125758434,59.31178906361398,59.90974364461608,5707600
2018-01-26,59.83061599731445,60.35822149145138,59.72509221493993,59.971307664945975,6290500
2018-01-29,59.42612075805664,59.91855167903239,59.28542237556749,59.63716162292223,5067300
2018-01-30,59.2062873840332,60.068041536742,59.05680037717717,59.35577439088924,6350500
2018-01-31,59.988895416259766,60.525296210212396,59.3293869032558,59.35576617035716,11036400
2018-02-01,59.487667083740234,59.769057104187155,58.652285638540064,59.50525102488873,5790500
2018-02-02,59.10955810546875,59.61078436951908,58.91610117743733,59.10955810546875,9348300
2018-02-05,56.62101745605469,59.10076980052172,56.62101745605469,58.590748149458136,12549500
2018-02-06,57.350860595703125,57.52672684660045,54.59851083240848,54.94145471786546,13356700
2018-02-07,57.71139144897461,58.775397753092896,57.24533982167719,57.28930974114093,8845700
2018-02-08,54.95024490356445,57.78173220227316,54.92386228485046,57.623449907722765,14121800
2018-02-09,57.588287353515625,58.080724988838405,55.25802571577455,56.0670212974837,13733300
2018-02-12,58.0191650390625,58.75781135128889,57.75535895105735,57.983990446737316,9792200
2018-02-13,57.92244338989258,58.23900804912963,57.53552953774324,57.90485273723036,9538400
2018-02-14,59.7602653503418,59.8218192113408,57.64104809977512,57.790535089505894,8662600
2018-02-15,60.05046463012695,60.46375781070344,59.13594511986327,60.13839777923766,7390200
2018-02-16,60.05925750732422,60.674796234854874,59.56681981643073,59.707518216362864,6842100
2018-02-20,59.34697341918945,59.76906183772165,58.960066303475074,59.478876469285005,4859100
2018-02-21,58.96006393432617,59.813022645085574,58.942473283624096,59.49646472999121,5107900
2018-02-22,59.03040313720703,59.33817912761881,58.687459265076306,59.135926908965395,6515800
2018-02-23,59.93613815307617,59.93613815307617,58.7841920305709,59.25903897506757,4428500
2018-02-26,61.24639129638672,61.38708303236438,60.09444458301851,60.13841452425153,6499500
2018-02-27,59.821815490722656,61.77396168794553,59.821815490722656,61.554125525354976,6843100
2018-02-28,58.9424934387207,60.059265329813094,58.924909490873425,59.88339230699115,6091800
2018-03-01,58.318153381347656,59.50526765216578,57.74657785573326,59.12714907757802,7323900
2018-03-02,58.11527633666992,58.291674546128874,56.63350849806953,57.250915689496566,8380500
2018-03-05,57.37439727783203,57.762474694591866,56.74816814085671,57.75365949430133,8838400
2018-03-06,57.5419921875,57.64783518769017,57.003968712568025,57.51553311974313,6550100
2018-03-07,56.59823226928711,57.145077531246734,56.35127206361531,56.898117325574944,6457600
2018-03-08,57.427310943603516,57.55079102970226,56.87165055615916,56.942205798815586,5573000
2018-03-09,58.47690963745117,58.66212980217829,57.647823132248675,57.78012517252842,5838400
2018-03-12,58.935546875,59.63233131380569,58.494544576704826,58.78560770857829,7522700
2018-03-13,58.36223602294922,59.702886628360446,58.32695503552679,59.358905412442105,5167300
2018-03-14,58.38869094848633,59.00609809093849,57.92122967425644,58.78559698202554,6463800
2018-03-15,58.556278228759766,58.750320295465485,58.32695517454752,58.64447733294592,5260800
2018-03-16,58.13290786743164,58.82087015925657,58.13290786743164,58.485704211535456,12860900
2018-03-19,57.956520080566406,58.51218054285742,57.497880660301576,57.94769815061105,7255600
2018-03-20,58.917911529541016,58.97965158400707,58.15056508475326,58.15938701515162,6906200
2018-03-21,58.52101135253906,59.27953594393305,58.48573035652516,58.85617745009013,5805200
2018-03-22,56.8187370300293,58.34460801097669,56.65116072503698,57.859502769564166,12313300
2018-03-23,57.00395202636719,59.191326285870126,56.85401286686,58.82970118794732,17343800
2018-03-26,58.12410354614258,58.26522078069738,57.3214761431213,57.400860055001665,10796000
2018-03-27,58.36223602294922,59.65878371179233,57.70955457853496,58.11527584015249,9452500
2018-03-28,57.7183723449707,59.226599120413205,57.56842647694955,58.732672061281995,7208400
2018-03-29,58.60037612915039,58.6973971541981,57.868310841666656,57.94768800989129,10748300
2018-04-02,56.554141998291016,58.25641128463278,55.751514516671925,58.18584929586507,12383900
2018-04-03,58.829708099365234,58.85617389164699,56.76582042604928,56.86284147693112,8766400
2018-04-04,60.346736907958984,60.41729887200481,58.150547928017126,58.18582891004004,10275800
2018-04-05,61.37869644165039,61.54627946777418,60.320293620942664,60.417314664576324,9093300
2018-04-06,59.57941818237305,61.13174155741587,59.032572864179244,60.42614185853139,9719300
2018-04-09,59.2530517578125,60.461400124630174,59.22659270431035,60.32027620040662,6504500
2018-04-10,59.09430694580078,59.870468554829785,58.64448272518261,59.808728503306575,10098900
2018-04-11,58.94436264038086,59.270700000325924,58.670936668204845,58.72386151429458,5185500
2018-04-12,59.77344512939453,59.97630913583171,59.15604463877818,59.15604463877818,5145300
2018-04-13,59.3148078918457,60.267374451427116,59.0766696165308,60.082154297479775,4300200
2018-04-16,59.147220611572266,59.95866987938333,59.147220611572266,59.80872399769928,6484400
2018-04-17,59.54413604736328,59.68525329277214,59.341272016208784,59.42065593419497,5605700
2018-04-18,58.38869094848633,59.746978586889306,58.35341669272089,59.5617584629016,7384000
2018-04-19,57.97415542602539,58.47689769307018,57.3214672884052,58.23875272337743,8274300
2018-04-20,58.29167556762695,58.30931942637825,57.72719321247395,57.99179726045963,10402800
2018-04-23,58.98845672607422,59.12075874284353,58.16819229709664,58.21229521240644,6338400
2018-04-24,59.06785583496094,59.54413918045467,58.847354659963564,59.367734202959674,8176100
2018-04-25,58.80324172973633,59.09430484621626,58.43280143375862,58.95318088822817,5188900
2018-04-26,60.020416259765625,60.2320954814983,58.7767865326188,58.900266639392946,5355200
2018-04-27,61.352230072021484,61.74031420032623,60.373204551369206,60.39084840947045,7814900
2018-04-30,60.320289611816406,61.572734436549,60.320289611816406,61.36987716182388,6484100
2018-05-01,60.06449890136719,60.161519924680746,59.12075445299315,59.958662678959385,4957800
2018-05-02,60.205631256103516,60.47022857828462,59.51766879760788,60.01158918234104,5752100
2018-05-03,59.00611114501953,59.84401285259608,58.776788056851544,59.79991665855386,6155900
2018-05-04,60.06449890136719,60.267362876248164,58.917897207271785,58.953171461967976,5132900
2018-05-07,61.158206939697266,61.22876893562462,60.02924192150875,60.02924192150875,5041600
2018-05-08,60.382022857666016,61.061170041452385,60.15269982023012,61.03470425588839,6534900
2018-05-09,59.93223190307617,60.39087823195618,59.10315185022369,60.34677529408418,7956300
2018-05-10,59.90573501586914,60.21443519861213,59.38535566912515,60.0997770533531,4965200
2018-05-11,60.355560302734375,60.443759395355755,59.89692098360756,60.00275720308944,4145100
2018-05-14,60.71718215942383,60.76128507289878,60.07332268931235,60.50550297889565,3453800
2018-05-15,61.2993278503418,61.316964983855954,60.17918482023876,60.249740083457354,5045000
2018-05-16,62.92218017578125,63.072126012943926,61.40513851319251,61.44923468834518,9693000
2018-05-17,62.56938934326172,63.151508702082594,62.4635464011311,62.975110527690575,6064700
2018-05-18,62.90456008911133,63.14269834107856,62.154857616876406,62.41063972701025,5688100
2018-05-21,62.957489013671875,63.239730230349835,62.36654751768387,63.04569486132738,5480700
2018-05-22,62.8957405090332,63.671908797506056,62.85164432029029,63.02804253358294,5675300
2018-05-23,62.92218017578125,63.43374425749291,62.4723628517685,62.57819905546165,6806400
2018-05-24,63.6630973815918,63.75129650280357,62.90457282667968,63.00159387876111,5613800
2018-05-25,63.724830627441406,64.81851441771272,63.177985367725306,64.47453317134384,5889700
2018-05-29,62.55177307128906,63.16035848087497,62.119592643042104,63.08097455698194,5857900
2018-05-30,63.707191467285156,63.76010958683741,62.56940479278703,63.02804419694812,5799900
2018-05-31,63.32792282104492,63.698363078669644,62.8339957483853,63.50432102110622,7856200
2018-06-01,64.35392761230469,64.52197203258964,63.787868332698835,63.787868332698835,4085900
2018-06-04,65.3003158569336,65.33569540933398,64.3804677384026,64.56620532753487,4581900
2018-06-05,65.4948959350586,65.64525396240994,64.69002635107333,65.10572763089348,4928700
2018-06-06,66.11400604248047,66.28205718039644,65.61870594920099,65.78675033915928,5318100
2018-06-07,66.12286376953125,67.14000384520806,66.02557169937337,66.29090818783766,6846300
2018-06-08,66.2466812133789,66.39703921438759,65.71600154937542,66.140542581395,5524900
2018-06-11,65.97248840332031,66.52086118810529,65.9282690363272,66.38818959121046,4902800
2018-06-12,65.7071533203125,65.99018291717812,65.5125692072253,65.82213177442864,4356500
2018-06-13,65.5479507446289,66.24668155926561,65.44181211209082,65.68946217338828,4696200
2018-06-14,66.06978607177734,66.467800896281,65.76022348469115,65.9813405823182,4636000
2018-06-15,67.07806396484375,67.08691053612868,65.89287983501836,66.07861734426159,10977300
2018-06-18,66.87464141845703,67.00731299859719,66.25551637507883,66.58276529174007,4515900
2018-06-19,65.68062591552734,66.26437155629574,65.14109964641622,65.89289644417417,7562200
2018-06-20,66.08747100830078,66.25552214096675,65.42411979782874,65.62754372351732,4424900
2018-06-21,65.39757537841797,66.14937193572705,65.05263334920608,65.18529816970582,5537900
2018-06-22,64.94650268554688,65.8132845238747,64.75191859441469,65.07032769845698,9404900
2018-06-25,63.991294860839844,64.88460993855502,63.708265209716906,64.84923038866975,9064100
2018-06-26,64.1770248413086,64.82268974137055,63.99128728736269,64.12395889674072,7072600
2018-06-27,63.1068229675293,64.52197114712315,62.929931975564614,64.32739375514552,7624700
2018-06-28,63.4163818359375,63.78786369388032,63.10681924428382,63.19526473504796,9118500
2018-06-29,70.47442626953125,71.64192402069091,69.3069285183716,69.66071714707749,31314100
2018-07-02,69.298095703125,70.29754928371446,68.12175114704691,69.50152639809929,11867000
2018-07-03,67.46723937988281,68.8912338518102,67.3080348194202,68.46669285588155,5794900
2018-07-05,67.70603942871094,68.47552239878026,67.34340424901114,67.76795192915279,6534500
2018-07-06,67.64412689208984,68.17480643101572,67.28149171258401,67.64412689208984,5916200
2018-07-09,68.35169982910156,68.44014529745635,67.52914415228422,67.96253167079242,4871400
2018-07-10,68.60821533203125,69.06813594308952,68.24558678738198,68.49323686625632,6281800
2018-07-11,68.4224624633789,68.67011248684166,67.95369538354483,68.2190318024162,3656600
2018-07-12,68.43131256103516,69.14772970124591,68.30748754292361,68.93545920562002,4879200
2018-07-13,68.44014739990234,68.6435780565287,68.22787691973865,68.28094285279035,2963100
2018-07-16,68.7674331665039,69.07699582473543,68.36942499848622,68.42249095476595,4755100
2018-07-17,68.5197525024414,69.00620596344557,68.4578399983879,68.5551320401801,4355400
2018-07-18,67.74142456054688,68.6524325872796,67.50262108617152,68.48438144919025,6101600
2018-07-19,68.0598373413086,68.24558163439801,67.0427041295832,67.15768258667651,4875100
2018-07-20,68.06868743896484,68.17482607651789,67.36111676581972,67.49378162781304,5246400
2018-07-23,67.74142456054688,68.0598336916858,67.33456994808218,67.84756318691241,4198200
2018-07-24,66.80389404296875,68.18366252298827,66.72429512971749,67.9713920063602,6054000
2018-07-25,68.24557495117188,68.26326134747036,66.38818618583448,66.54739074435034,5542400
2018-07-26,69.12120056152344,69.37769718409297,67.94485607634667,68.10406064387404,6706200
2018-07-27,68.00675964355469,69.3511550920523,67.9183141727749,69.13887786463253,6125700
2018-07-30,67.18421936035156,68.06868776701437,66.71545218449363,67.99792867497132,7275300
2018-07-31,68.02445220947266,68.6258841048564,67.36110106231573,67.60875107758122,8265600
2018-08-01,68.58167266845703,69.04159321452882,67.66182482835585,67.66182482835585,6878300
2018-08-02,69.56341552734375,69.93489049975621,68.45783043233814,68.78507930176802,5313800
2018-08-03,69.64302825927734,69.85530549824458,69.37769183250417,69.63418843528831,3762100
2018-08-06,70.3240737915039,70.38598630026937,69.3688464437305,69.6430294471265,4280600
2018-08-07,71.22624206542969,71.31468755943054,70.11180994673478,70.51867136546424,5418900
2018-08-08,71.19969177246094,71.71268496002065,70.79283720065885,70.94319517868108,5327100
2018-08-09,71.87189483642578,72.42026085525622,71.12009814263865,71.19085047709717,4558500
2018-08-10,71.40314483642578,71.89844503612385,71.01397653782924,71.48274376225191,5036700
2018-08-13,70.89014434814453,71.77461275735917,70.76631931069116,71.48273656280831,4101200
2018-08-14,70.88130950927734,71.50928137402771,70.47445478343738,71.04936069419631,6079700
2018-08-15,70.37712860107422,70.6336251676794,69.97912064307505,70.37712860107422,5057200
2018-08-16,70.8016586303711,71.29695849877659,70.58054165369654,70.66898709477545,5475800
2018-08-17,70.53634643554688,71.14663171765852,70.47443392489478,70.79284305052195,9001400
2018-08-20,72.68558502197266,72.89785546572213,71.59768634533955,72.1018328667169,9345200
2018-08-21,73.36663818359375,73.4816233740737,72.54408244627363,72.80057904693874,6337000
2018-08-22,73.09246063232422,74.01230848490401,72.77405150074054,73.49931524535722,4308300
2018-08-23,73.33126831054688,73.91501386622375,72.82711491306772,72.90672056718033,4156900
2018-08-24,72.9244155883789,73.3047372635568,72.61485300345694,72.89788261652248,3453000
2018-08-27,73.1012954711914,73.80886595716977,72.72982045995602,73.44623751704664,4012400
2018-08-28,73.03937530517578,73.96806273581554,72.9509298472038,73.61428090392758,3788800
2018-08-29,73.2251205444336,73.49930351756423,72.72097395786234,72.89786489253567,5712400
2018-08-30,71.99571990966797,73.19859731979578,71.65077781758283,73.03939275822128,7122100
2018-08-31,72.8823471069336,72.92668214233407,72.0400355509379,72.0400355509379,5177100
2018-09-04,70.57707214355469,71.79178049199547,70.04508550529069,70.39087715839115,18565800
2018-09-05,70.86080169677734,71.21546172496947,70.31108507942805,70.62141006737966,12269100
2018-09-06,71.2863998413086,71.67651981023761,70.72780806113688,71.08246811299969,8576900
2018-09-07,71.19772338867188,71.96023999194564,70.94059506760732,70.94059506760732,6633900
2018-09-10,72.793701171875,73.09516460246945,72.01345442049936,72.16418275350745,6965600
2018-09-11,73.26361083984375,74.10592922282261,73.19268424835543,73.7689991638002,7166800
2018-09-12,73.59165954589844,73.62712621766967,72.74047971711668,73.32566288990215,5384300
2018-09-13,74.00840759277344,74.389665977643,73.69808257359543,73.77787753656489,5382100
2018-09-14,74.02613830566406,74.3364633280019,73.6448799169124,74.10594003402416,4884400
2018-09-17,73.82220458984375,74.41625624290248,73.53847792236962,74.02612953840907,4861100
2018-09-18,75.59549713134766,75.67529208481214,73.80446706615791,73.80446706615791,7277700
2018-09-19,74.8595962524414,76.11863319691878,74.58473788466111,75.97677321388274,8053100
2018-09-20,75.69303131103516,76.13635466160203,75.30290459787152,75.44476455247262,6620300
2018-09-21,75.85264587402344,76.28710096594263,75.37385573076227,76.25163427778486,13852700
2018-09-24,74.71772003173828,75.59550520101303,74.69999007282374,75.50684187728432,8770400
2018-09-25,75.17875671386719,75.45361496115781,74.54037015860752,75.24082169759656,10519500
2018-09-26,74.21233367919922,75.12558555590822,72.66070179540228,73.24589192428894,16357100
2018-09-27,74.9571304321289,75.29405382200162,74.23894860114117,74.27440852464014,6080600
2018-09-28,75.11671447753906,75.60436613606525,74.6999894186279,74.73545610072438,7452700
2018-10-01,74.88617706298828,76.1186153952046,74.80638210955054,75.45363039158094,7876400
2018-10-02,73.38775634765625,74.96599341321561,73.14836467604015,74.77979162302927,8446900
2018-10-03,73.14836120605469,73.55621792345421,72.48337610418146,72.64297279921416,10046700
2018-10-04,71.0913314819336,73.13062156349548,70.94946476532039,73.00648480417024,9161100
2018-10-05,71.03813934326172,71.80951767880926,70.42635092714238,71.01153425877922,7019100
2018-10-08,71.13568115234375,71.41053951658965,70.11603590185454,70.96721608286207,8058700
2018-10-09,71.30414581298828,72.25285777514624,71.0736224773988,71.25981752441155,7643400
2018-10-10,66.4453125,70.9672097687845,66.29457740486393,70.63028642437655,12977800
2018-10-11,66.0640640258789,68.33387798062573,65.5232088625089,66.2945873550097,11532100
2018-10-12,67.30535888671875,68.14767060399039,66.41871212555789,67.35855552772345,10393800
2018-10-15,66.48963165283203,67.52701339412262,66.47190169590907,67.18121497064094,5789000
2018-10-16,68.69741821289062,68.84814659184617,66.78225728764237,67.03051738582336,7744200
2018-10-17,67.81072998046875,68.98110313621092,67.33194003976837,68.73283642414033,6816900
2018-10-18,67.03047943115234,68.63531432496863,66.49849284133695,68.62644596517504,7622200
2018-10-19,65.79804229736328,67.42947553224222,65.73597730696214,67.23441220110247,7301200
2018-10-22,66.40983581542969,66.68469411382748,65.87784917532096,66.18817415166963,7042500
2018-10-23,65.0355224609375,65.94876731627767,63.90061597023996,65.78030907331792,11423800
2018-10-24,63.944969177246094,66.1527177987989,63.794234081283975,65.1419409954577,8333900
2018-10-25,64.81388092041016,65.16854099985565,64.04250251953795,64.45035924329784,7648000
2018-10-26,63.900657653808594,64.46811126931775,62.67708706372587,63.83859262600543,8371100
2018-10-29,64.00703430175781,65.62073119822703,63.29771415985957,64.95574610191426,9874200
2018-10-30,66.0640640258789,66.1793256904443,64.55676020033427,64.78729029404424,9470000
2018-10-31,66.53398132324219,67.68661818486997,66.42758126457461,66.94183806793313,8755500
2018-11-01,68.08562469482422,68.12995298656665,66.35665896695278,66.70245752419095,6117800
2018-11-02,67.89940643310547,69.68156144335278,67.12802136290902,68.74171809876997,6995100
2018-11-05,68.74172973632812,68.95452308791201,67.42949617621903,67.8196161933597,7143300
2018-11-06,67.89055633544922,68.78607164434263,67.70436128867364,68.57327150695967,6424200
2018-11-07,69.13185119628906,69.36238125542967,67.89054433921108,68.21860608627355,5403900
2018-11-08,68.96338653564453,69.30031664660008,68.48459645526944,68.88359157120445,5425000
2018-11-09,67.7043685913086,68.95453740152554,66.96844992378608,68.90134074373165,4737600
2018-11-12,66.58718872070312,68.06788759551215,66.4896570089895,67.69549747692182,5204900
2018-11-13,66.67581176757812,67.62452321889067,66.35661849755,66.96840672586652,4584600
2018-11-14,66.67581176757812,68.70623299347754,66.40095352683336,67.66885824817402,7984200
2018-11-15,65.90447235107422,66.205929080497,64.62769852156669,66.00200406108269,7858300
2018-11-16,66.26795196533203,66.95953509507305,64.77838569951469,65.39904225627423,8064200
2018-11-19,64.29963684082031,66.2768626080853,63.714453344069504,66.22366595326605,6744900
2018-11-20,63.058311462402344,63.9006230644427,61.63967142695772,62.499719749958494,9053900
2018-11-21,64.1666259765625,64.6365476588687,63.670099210239066,63.82969589145416,7326100
2018-11-23,63.3863639831543,64.29960890520799,63.315437395736645,63.88289068253849,2582300
2018-11-26,64.46810150146484,64.72522993899948,64.07797466319442,64.14003968159383,6458300
2018-11-27,63.91835403442383,64.326217448057,63.21790913065131,64.08681906333418,5008000
2018-11-28,66.19707489013672,66.2857382460917,64.10458721961311,64.10458721961311,6167200
2018-11-29,65.9133071899414,66.45416217510181,65.00893060426652,66.17930388462182,5436700
2018-11-30,66.8025894165039,67.12273015244259,65.71766878745117,65.96666562992456,7947300
2018-12-03,69.31037139892578,70.25300447779077,68.41219817615138,68.56337389924165,10211800
2018-12-04,67.39842224121094,69.71943980370385,67.06049883407297,68.84794383787015,8800400
2018-12-06,67.17610931396484,67.20278658763321,65.44201189428729,66.13565493295287,9693700
2018-12-07,65.21968841552734,67.55849544516074,64.8017331780984,66.73146608657632,6133700
2018-12-10,64.48157501220703,65.54870631758367,62.79194479148122,65.00624598169819,7235000
2018-12-11,65.4242172241211,66.31349570034112,64.5260440634351,65.69100348084963,7794500
2018-12-12,66.09119415283203,66.94490090927651,65.37088056122599,66.26904718284447,6950400
2018-12-13,64.8550796508789,66.33127839585853,64.55272144043573,66.25124658949956,7454800
2018-12-14,64.49935913085938,65.49535334835774,63.503371698016544,64.00136541443796,7221200
2018-12-17,62.160560607910156,63.82350684941195,61.769275946542365,63.46780092233831,10647700
2018-12-18,63.27215576171875,64.39264837892095,62.631874266174634,63.04983617491345,7533300
2018-12-19,61.33353042602539,64.02804280867907,60.75549812707148,63.53893699002834,8426100
2018-12-20,60.05298614501953,61.86711540505957,59.1637074950778,61.1201245957442,14488500
2018-12-21,64.3570785522461,66.06449140687415,63.36108432805194,65.17521303034009,28487900
2018-12-24,60.55985641479492,63.9657942437835,60.542073832415866,63.49447778719896,8551400
2018-12-26,64.92623138427734,64.92623138427734,61.0489762112796,61.093436069731,10019200
2018-12-27,65.5131607055664,65.56652204154511,63.12989349981318,64.18813733205923,9004900
2018-12-28,65.21968841552734,66.21568287699525,64.53494688772,65.77993826839057,6197000
2018-12-31,65.93111419677734,66.21568307452318,65.37975902785725,65.78883315023303,5519100
2019-01-02,65.85997009277344,66.37575330241766,64.19702347447031,64.73058927063525,6762700
2019-01-03,64.69501495361328,65.20190345918314,63.32552516311679,65.13965423164498,8007400
2019-01-04,66.38462829589844,66.80259019405298,65.02403354464997,65.31749023546352,7844200
2019-01-07,67.33617401123047,67.90531174992171,66.07340007755036,66.46467803248994,8184800
2019-01-08,68.2343521118164,68.83016716425972,67.76302873986323,68.32327861768508,8809000
2019-01-09,68.10983276367188,68.60783330583669,67.70966017776753,68.44776291454373,8591000
2019-01-10,67.95864868164062,68.77678312091248,67.10494229483669,67.26501266640338,11148600
2019-01-11,67.6207275390625,68.37661279070805,67.40730263163852,67.88750697717862,10689900
2019-01-14,67.66519165039062,68.30547319766586,67.10494868885274,67.10494868885274,5677400
2019-01-15,69.25701141357422,69.34594469679034,67.70077394248936,67.75413526935041,6212400
2019-01-16,69.07913970947266,70.11959370863433,68.9991011331844,69.3637084985935,5697100
2019-01-17,70.36860656738281,70.60871556624286,68.75011993875715,68.9546569827988,7737300
2019-01-18,71.54246520996094,72.00489391080355,70.91107817793073,71.09782588165874,10404100
2019-01-22,71.8092269897461,72.3072206962323,71.32012118183613,71.43573170988142,8781700
2019-01-23,71.58692169189453,72.38727372612657,71.33792478894607,72.20052604891522,5823000
2019-01-24,71.53357696533203,71.9159670572246,70.7421195075219,71.67585802168446,4753200
2019-01-25,71.68474578857422,72.32502744200146,71.52467537521741,72.25388352836353,4457100
2019-01-28,71.4268569946289,71.59582209998895,70.91107377748784,70.96443510713998,5452000
2019-01-29,71.33792114257812,71.88038156112712,70.99999097614382,71.46241958768874,4187500
2019-01-30,72.2805404663086,72.2894351491754,71.19561983483291,71.49797799040807,5200200
2019-01-31,72.8141098022461,72.87635901616923,71.7736557475355,72.19161766301467,8599200
2019-02-01,72.48506927490234,72.83188723631756,72.14713921069466,72.76963803259314,5351900
2019-02-04,72.91194915771484,72.9208438432534,71.88038952892957,72.22720763370418,4236600
2019-02-05,73.68560028076172,73.97906374728235,72.85857119262039,72.90303782136169,6545600
2019-02-06,73.55220794677734,73.55220794677734,72.6006804298163,73.37435499926605,3682800
2019-02-07,73.26765441894531,73.67672171113914,72.66294477295088,73.05422948055212,4827500
2019-02-08,73.2409896850586,73.56113053976931,72.86749428278196,73.143168491416,3786500
2019-02-11,74.4148178100586,74.54821092883012,73.69450446721055,73.76564158385362,6158500
2019-02-12,75.3307876586914,75.44639143155507,74.36147726362802,74.67272340953566,6290300
2019-02-13,75.94436645507812,76.11332471468201,75.37522889875433,75.37522889875433,5032800
2019-02-14,75.30412292480469,75.71319032534305,74.43262678650414,75.24187368525881,5179000
2019-02-15,75.92662048339844,76.28233335556034,75.67762350828274,76.02444169285943,6111300
2019-02-19,75.20629119873047,75.63314791350146,75.10847000960915,75.21518588446622,5105900
2019-02-20,75.44639587402344,75.54421706630538,75.01065124409503,75.25964817548268,6436100
2019-02-21,74.65492248535156,74.83278224452928,74.12135677713057,74.31699911989801,8579200
2019-02-22,75.37525939941406,75.60646696077872,74.72608300719459,74.87725874762323,4449500
2019-02-25,75.73985290527344,76.23785350966806,75.55310522287182,75.93549527292951,6229700
2019-02-26,76.30007934570312,76.54907617923662,75.7665069485258,75.86432810236465,6678700
2019-02-27,76.6291275024414,76.67359414175998,75.64202781454712,76.05998979937796,4588200
2019-02-28,76.23785400390625,76.83366901133452,76.19338736200271,76.54910014326005,4988100
2019-03-01,77.70894622802734,78.44894131839496,76.88869980640239,77.50388292209281,6314900
2019-03-04,76.35375213623047,78.44893198551068,75.88122299429507,77.85158408163433,7339500
2019-03-05,76.1754379272461,76.89760455859881,76.1754379272461,76.56772253086247,4976300
2019-03-06,75.8990478515625,76.66579552668739,75.81881013775532,76.31808516263216,3198000
2019-03-07,76.01496124267578,76.14869757730322,75.48002270627856,75.7564061429594,4321800
2019-03-08,75.6048355102539,75.67615565460106,74.90940798544517,75.40868980854724,4669700
2019-03-11,76.51424407958984,76.62123451858832,75.82774080182764,76.13087017582015,3999800
2019-03-12,76.16651916503906,76.7460386956642,75.80097366958975,76.47856605011046,4431600
2019-03-13,76.61231231689453,77.26315887775984,76.31809372901928,76.4072490217386,5037800
2019-03-14,77.45037078857422,77.45928155449822,76.4072329959975,76.80844193225359,5906100
2019-03-15,77.38796997070312,78.11013661283353,76.63905062150941,77.76242624424391,11031400
2019-03-18,78.29737854003906,78.31520687910923,77.56629420012244,77.8337669009682,7750700
2019-03-19,78.18145751953125,78.9838618145117,77.82482960947793,78.65398660945446,6642200
2019-03-20,77.28987884521484,78.08337224769498,76.7549336642125,78.01204531661327,5991500
2019-03-21,78.46676635742188,78.5648392125761,77.41471765840477,77.78025637134228,10386900
2019-03-22,73.27783966064453,76.58554996576268,73.24217619079147,75.96144944650123,21659800
2019-03-25,73.4026870727539,74.19618088109078,72.11882886505647,72.64485674819906,15558300
2019-03-26,74.33881378173828,74.97182519292124,73.91978323228035,74.56170541111733,9611900
2019-03-27,74.08024597167969,74.71326407642161,73.14410537009034,74.61519123214394,6485100
2019-03-28,74.92725372314453,75.53351924959227,74.62411755886417,74.82918085841673,6032700
2019-03-29,75.07880401611328,75.64940595493584,74.76675714364963,75.4265143600173,6492000
2019-04-01,75.98821258544922,76.0684503020536,75.51567664658941,75.81881278091245,6737400
2019-04-02,75.22147369384766,76.0149673941746,75.03424553106285,75.78315818220209,4433800
2019-04-03,75.31063079833984,75.77424243130324,75.11448506058537,75.69400470337455,4080900
2019-04-04,76.03278350830078,76.12193879022904,75.21254403118164,75.32844521747717,3660700
2019-04-05,76.13977813720703,76.81737056112351,75.82773123215088,76.6747166604622,7367400
2019-04-08,75.54241180419922,76.04168673048981,75.39975793833864,75.79204926734452,4705800
2019-04-09,75.14122009277344,75.42652108763194,74.86483666709834,75.08772828189755,3804500
2019-04-10,75.6761474609375,75.79205543691195,75.39084650810321,75.4621734468396,3918400
2019-04-11,75.78314971923828,75.82773076344746,75.141220774455,75.69399443293223,3347400
2019-04-12,76.88866424560547,77.1115557870891,76.04167910881165,76.05059667506181,6037000
2019-04-15,77.41471862792969,77.78025734544514,77.06700824697816,77.46821043973381,5034900
2019-04-16,78.279541015625,78.41327054824268,77.56628509847219,77.56628509847219,4652700
2019-04-17,79.10869598388672,79.322670032387,77.96748518695641,78.41326842256419,5694900
2019-04-18,79.5277099609375,80.24096571031804,79.0819268181024,79.13542542067806,7016600
2019-04-22,77.88725280761719,79.02845688064833,77.83376099235412,78.76990177002209,5390500
2019-04-23,77.94966125488281,78.16363531547336,77.57520494832119,78.0744800237367,7513700
2019-04-24,78.80555725097656,79.18893109305667,77.94965428305376,78.16362832450642,8063000
2019-04-25,78.06554412841797,78.93928210740205,78.00313475864134,78.81446336784877,7069900
2019-04-26,78.73422241210938,79.29591356753221,77.86049119584723,78.41325798104245,6219600
2019-04-29,78.68968200683594,78.91257369078745,78.57377397782794,78.61835503546399,5008400
2019-04-30,78.30628204345703,78.81447464208007,77.798089444834,78.71640178952894,7614100
2019-05-01,76.5855712890625,78.41327871365849,76.55882537975384,78.21713977802384,6524600
2019-05-02,76.02385711669922,76.92434100452859,75.7742196354264,76.86193163421039,6813700
2019-05-03,76.4072494506836,76.94219481422823,76.4072494506836,76.5855668392361,6798300
2019-05-06,74.50821685791016,74.77568954571717,73.87520541902077,74.68652744837283,12836600
2019-05-07,73.58988952636719,74.56169361165678,72.95687821535888,74.01783757786863,9811300
2019-05-08,73.7949447631836,74.88265681276896,73.23326040408642,73.49181546522651,9501300
2019-05-09,73.982177734375,74.00892363618232,72.69832003073284,73.29566784480083,6336600
2019-05-10,74.84698486328125,75.13228579461457,73.27783314200337,73.80385397079168,5450500
2019-05-13,73.58096313476562,73.670118401295,72.50216876490533,72.796387266352,6445200
2019-05-14,74.59735870361328,74.89157724673227,73.16193626221529,73.80386515552517,7529200
2019-05-15,74.9004898071289,75.32843783931328,73.94651409950005,74.15157054763925,4862200
2019-05-16,75.14122009277344,76.13977697583434,75.06989314353075,75.34628337131812,6745200
2019-05-17,75.3997802734375,76.24676574602088,74.44580436976572,74.45472193955128,5068200
2019-05-20,73.86628723144531,74.71327953434586,73.76821436687669,74.71327953434586,7181900
2019-05-21,74.57061767578125,74.71327157344925,73.5631500314218,74.32098015697446,5762500
2019-05-22,74.17832946777344,74.30314823257567,73.78604483644322,73.99110132057008,5237800
2019-05-23,73.67904663085938,74.05350288573773,73.09952711138851,73.55422787923325,9704200
2019-05-24,73.25110626220703,74.15158352178393,73.18869007772669,73.28676293603506,5999000
2019-05-28,72.39517974853516,74.16940155632678,72.33277038055978,73.86626548179572,7927300
2019-05-29,70.31784057617188,72.09205571067727,69.27470277554053,71.95831939755926,10116900
2019-05-30,70.66555786132812,71.08459517600554,70.08603831554261,70.36242173496298,6177800
2019-05-31,68.96686553955078,69.9682018039871,68.90428244933884,69.73574740275193,8891100
2019-06-03,69.69998168945312,70.25429390843293,68.91322190019835,69.05626603413333,11665500
2019-06-04,72.97219848632812,72.99901883432537,70.43309867955472,70.89800744832276,7526800
2019-06-05,73.95567321777344,74.11660217754415,73.24937427328238,73.5712321928238,8173200
2019-06-06,73.71427917480469,74.25964918029399,73.3834856712125,73.95567603417716,4953000
2019-06-07,74.57255554199219,74.81394552853126,74.03612122337965,74.28645360084113,3891100
2019-06-10,73.83049011230469,75.27884359776701,73.7142594995387,74.87652470092644,4419800
2019-06-11,74.43843078613281,75.40399734350768,74.32220019253683,74.78710892483234,3939400
2019-06-12,73.87516784667969,75.11789375289183,73.7768220422131,74.63511393956573,4025900
2019-06-13,74.7513656616211,75.02851840277036,74.2507008850815,74.34010433502843,3383400
2019-06-14,74.59935760498047,74.97485607911571,74.24173708726137,74.66194068400301,4355600
2019-06-17,73.41029357910156,74.61725720813452,73.32089012899652,74.50996897538087,5101900
2019-06-18,75.36824798583984,75.68116341688707,73.7589588818186,73.93776575068993,6456500
2019-06-19,74.69770812988281,75.01062354473451,74.33114520031049,74.85863703195575,6217700
2019-06-20,76.20865631103516,76.59309725768034,75.47553715941474,75.90468323840877,6163800
2019-06-21,76.66461944580078,76.66461944580078,75.63646283537983,76.13713437619377,9289800
2019-06-24,75.54705810546875,77.64806959981418,75.4308343178058,76.88813014284393,8043300
2019-06-25,73.86627197265625,75.71695165503532,73.45501057891059,75.63648376221164,7339900
2019-06-26,73.80364990234375,74.82286386639106,73.7053040969494,74.34007722746703,5838500
2019-06-27,74.79605865478516,74.89439765903029,74.14340061613717,74.14340061613717,11436700
2019-06-28,75.05533599853516,75.77057721392859,73.91095551074226,75.09109874140941,12443800
2019-07-01,76.36064910888672,77.13846656611125,75.90468268224255,75.93150303303713,6587300
2019-07-02,75.95832824707031,76.41429470290778,75.29673454127884,76.31594886300076,7187200
2019-07-03,77.06694030761719,77.14740818023647,76.10137358350359,76.28912285822139,4012800
2019-07-05,77.62125396728516,77.70172184136096,76.36958529213183,76.7093279277144,6440900
2019-07-08,79.1053695678711,79.1411254851376,76.86130719140762,76.94176823682454,7052000
2019-07-09,78.71199798583984,79.39147647282445,78.51530630636698,78.76563869077029,6219700
2019-07-10,78.17557525634766,79.51664753002582,78.13087011880653,79.10538618462341,5985500
2019-07-11,78.93550109863281,78.94444348879276,78.13979890052556,78.41695160607783,3942400
2019-07-12,79.6775894165039,79.84745396044677,78.68519522711915,78.83718180576973,4240900
2019-07-15,79.99943542480469,80.34811367488743,79.62392999921478,79.62392999921478,3750900
2019-07-16,79.212646484375,80.20504024802614,79.18582613741867,80.01729099828734,5812800
2019-07-17,78.22920989990234,79.29312933727566,78.17556919584848,79.05173252694175,4461500
2019-07-18,78.17557525634766,78.46167040189047,77.56762221943836,78.34543977270206,4607000
2019-07-19,77.3798599243164,78.5689386232862,77.31727683489694,78.43483687527676,6635300
2019-07-22,76.86129760742188,77.77322344699508,76.73613144946171,77.38878258439055,6810300
2019-07-23,77.51397705078125,77.8715976988623,77.09378012191104,77.46033634093538,5659900
2019-07-24,77.51397705078125,77.96994354761075,77.16529879469003,77.4692787329252,6362900
2019-07-25,78.03250122070312,78.22919285410339,77.41560597431945,77.62123999679544,4546400
2019-07-26,78.26496887207031,78.53317920046273,77.57654803833432,78.17556542927284,3707200
2019-07-29,78.33649444580078,78.56000646357704,77.94311111178001,78.36331479656666,4387300
2019-07-30,77.96098327636719,78.5957633621826,77.20998622656947,77.6212474901794,3561200
2019-07-31,76.9149398803711,78.02355736842078,76.48580070740407,77.86262847329711,5818200
2019-08-01,74.31327056884766,77.57654023970002,73.93776523317445,76.22653270076755,7871800
2019-08-02,72.5430679321289,74.42056772398827,72.23015243699338,73.78579434212871,8761400
2019-08-05,70.60298919677734,71.56856291378095,69.90563267484583,71.2198846528152,8493300
2019-08-06,72.68610382080078,72.94537173361704,71.06787233160209,71.38973015149548,8664500
2019-08-07,72.668212890625,73.15099957960153,71.60429369708166,71.97085661356252,6275000
2019-08-08,74.20597839355469,74.52783619492114,72.96325231312932,73.14205917120205,6208900
2019-08-09,73.29407501220703,74.59044218395765,72.70399992147595,74.33116738539822,5460200
2019-08-12,72.99903106689453,73.26724141285617,72.57882735507083,72.78446142591605,3762500
2019-08-13,74.49209594726562,75.23415759227032,72.28379579608463,72.56989094799596,6896800
2019-08-14,72.4447250366211,73.03480012664927,71.97982297078845,72.63247434134465,7266100
2019-08-15,71.08576202392578,72.6861088442638,71.02317893356822,72.35530861177652,6713600
2019-08-16,71.77417755126953,72.02450991804798,70.85330913588648,71.60430623622183,5649000
2019-08-19,72.53410339355469,73.61590052988515,72.26589311720866,73.31192751915083,7027900
2019-08-20,71.99767303466797,72.62351062894862,71.03209970935075,72.16754431070818,5903100
2019-08-21,73.97352600097656,74.06292943240562,72.98113222371136,73.25829172849943,6454200
2019-08-22,74.48316192626953,74.84972500453367,73.75898498371004,74.20600913512646,5571600
2019-08-23,71.91722106933594,73.99141209207987,71.55065812661803,73.32981168147361,8497800
2019-08-26,73.53544616699219,73.56226651495645,72.18543181075123,72.81126948777802,4336000
2019-08-27,73.3387451171875,74.36690152393972,73.31192477266208,73.87517247082748,3842500
2019-08-28,74.63511657714844,74.73345556404684,73.06159047111862,73.22251935492899,4123700
2019-08-29,76.33382415771484,76.68250237027883,75.25202677757456,75.29673191089637,5101900
2019-08-30,75.7422103881836,77.07778117724366,75.66154149399806,76.81783667598168,5235400
2019-09-03,75.89460754394531,76.03802806365708,74.95343602833722,75.29404950465252,6360800
2019-09-04,77.4004898071289,77.53494483642834,76.6385870926546,76.71029735343654,4151200
2019-09-05,79.25592041015625,79.43519599503644,78.23407351166428,78.23407351166428,6328400
2019-09-06,79.4979476928711,79.75789218468356,78.8973829793282,79.23800320105863,3625300
2019-09-09,79.48004150390625,80.08956505859342,79.25595206231048,79.72206193048322,4282400
2019-09-10,77.83074188232422,79.44418166296484,77.34670789653204,79.11253368581092,7072400
2019-09-11,77.75902557373047,78.20720439548109,76.9702333093692,77.94725985822579,4623300
2019-09-12,78.58367919921875,78.942223652799,77.28396324849032,78.07275557543356,4057500
2019-09-13,78.26995849609375,79.58760548344779,78.25203435009811,79.10357147756262,5894700
2019-09-16,78.22513580322266,78.71813528839407,77.6873225349145,78.06379113886354,4171700
2019-09-17,78.51197052001953,78.55679114211861,77.50805423620126,77.77695745279539,3248400
2019-09-18,78.95120239257812,79.23803663583904,78.171368588087,78.56576823707117,4722200
2019-09-19,78.61056518554688,79.52485384164738,78.44026187797233,79.238019659838,4231200
2019-09-20,77.69630432128906,79.31870995855454,77.68733882731479,78.87949649516987,6991100
2019-09-23,78.60160827636719,78.8974011176286,77.80385047680394,77.96519513506766,4790000
2019-09-24,78.14444732666016,79.4979490700044,77.76797881696123,79.28281834560642,10202900
2019-09-25,81.39822387695312,83.1730147684605,80.80663147222742,82.26769176205867,25330700
2019-09-26,82.61727905273438,82.86825808868046,80.89627408739047,82.12428647174478,10408300
2019-09-27,82.74276733398438,83.23576674627112,82.10635426272876,82.33044366128351,6420500
2019-09-30,84.18592834472656,84.32934888450345,82.91310182821157,82.9399914697528,7401200
2019-10-01,82.71588897705078,84.92989363079484,82.51868918525172,84.37414938469445,8464900
2019-10-02,82.00778198242188,82.32150587825846,81.18313435946054,81.9898578335175,6933900
2019-10-03,82.662109375,82.7517437785536,80.98591799001429,81.84642057372889,5762300
2019-10-04,83.42402648925781,83.5136609083114,82.40217906697768,82.66212366930056,4551400
2019-10-07,83.5136489868164,84.1859172917544,82.82345653609349,82.91309094235184,4975400
2019-10-08,82.24081420898438,83.1013167304766,81.03969824315132,81.0755465310473,6916800
2019-10-09,82.9310073852539,83.4060826877638,82.30355976105776,82.83241433459412,5115900
2019-10-10,83.36123657226562,83.80941526351437,83.1102575993526,83.80941526351437,5794100
2019-10-11,84.15007019042969,84.7685592783572,83.86323595983544,84.25763559140283,6220100
2019-10-14,85.04641723632812,85.3780720516245,84.30244553289747,84.43689371873838,4636000
2019-10-15,84.96574401855469,85.3153229613568,84.36518602334759,85.15397830785842,4292500
2019-10-16,85.04641723632812,85.27947215623009,84.3203696781207,84.33829382334395,4883300
2019-10-17,85.65594482421875,85.95174452445816,85.12709703166975,85.66491031658971,3427400
2019-10-18,86.13998413085938,86.4626734893939,84.97472308163346,84.98368173588854,6209200
2019-10-21,86.24754333496094,86.8301772370583,85.53045440335389,86.59712230848598,5185800
2019-10-22,85.69178009033203,86.79430288170273,85.62006984532174,86.10410374114312,5470100
2019-10-23,82.75172424316406,85.63799649142118,82.57245547837724,85.18085225095024,11933600
2019-10-24,82.01671600341797,83.24472831150891,81.5595717370972,83.0744181882655,12085800
2019-10-25,81.49683380126953,82.31252252435625,81.34445464596739,81.96294359693795,8147200
2019-10-28,81.43409729003906,81.83746236622748,80.82457376842102,81.62233159012699,10304700
2019-10-29,80.02680969238281,81.49683568751593,79.89235467749472,81.43409092572364,9044700
2019-10-30,80.84249877929688,80.91420219403248,80.08955479591054,80.17918919332969,8127500
2019-10-31,80.26883697509766,81.03970516536333,79.72205821598673,80.67219521570952,6752000
2019-11-01,79.93717956542969,81.14726108673027,79.77583490667851,80.83353726101033,5263600
2019-11-04,80.54672241210938,81.17417021420623,80.06268831963402,80.78873603901297,8161200
2019-11-05,80.56460571289062,80.976929322162,80.25984746029796,80.80662605575155,5589700
2019-11-06,80.20610046386719,81.31758224197749,79.54279075553188,81.24587197534652,7033800
2019-11-07,81.03075408935547,81.21002293070605,80.46604424563208,81.09349886769496,7110000
2019-11-08,80.50187683105469,80.9859107735128,80.0357738709095,80.92316601274968,4555400
2019-11-11,80.71701049804688,80.7618242781134,80.10748701207874,80.10748701207874,3247300
2019-11-12,80.2239990234375,82.49178248265103,80.21503353330135,80.950046435165,3979600
2019-11-13,81.82850646972656,82.06156141849762,80.28676992021686,80.43019045443519,5923600
2019-11-14,81.81055450439453,82.42904343193982,81.31756193144217,82.00775426904177,6035300
2019-11-15,83.3970947265625,83.86319757343024,82.4290270769168,82.59037168519109,6785500
2019-11-18,84.4189682006836,84.49067845774367,83.28059693418759,83.80944469300599,6165600
2019-11-19,83.90805053710938,85.26155267076878,83.4150510331936,84.8044082979257,5368400
2019-11-20,83.40607452392578,84.61615587424126,83.15508866014777,84.35621135861318,6235400
2019-11-21,82.60833740234375,83.63018473824248,82.52766164494793,83.02066116606892,5493100
2019-11-22,83.66603088378906,83.6749963763067,82.40216998548676,82.65314906664369,4264400
2019-11-25,83.27162170410156,84.23072405445068,83.12820120675387,84.06041392351672,5419700
2019-11-26,83.65704345703125,83.92594659207013,83.3791679938936,83.70185722687204,5907400
2019-11-27,84.38310241699219,84.59822632234193,83.80943411028244,83.80943411028244,4017400
2019-11-29,84.0191421508789,85.02568479848462,83.92927386331841,84.80999953703726,2541800
2019-12-02,84.0820541381836,84.7291168059739,83.56081530602907,84.55836225294281,3892000
2019-12-03,83.0934829711914,83.17436922683711,82.05998055767569,83.11146074200627,5570700
2019-12-04,84.22586059570312,84.28876909400886,83.33615273208994,83.40804326121645,4456400
2019-12-05,86.08615112304688,86.22993901864909,85.08859731392158,86.16703052872728,6946000
2019-12-06,87.17355346679688,87.45214716523655,86.6163592134079,86.77812484461698,6368500
2019-12-09,86.8410415649414,87.73973807775612,86.41865996338711,87.19153265641832,6517800
2019-12-10,87.18257141113281,87.7038103018739,86.84106226668546,86.95789722936982,4234300
2019-12-11,87.33531951904297,87.46113647097773,86.8590115072171,87.08368561517342,4319700
2019-12-12,87.82064056396484,88.23404021350012,87.0837095614869,87.46116052108283,4762800
2019-12-13,87.86555480957031,88.33288083464865,87.09268211857503,87.56000128714314,5247600
2019-12-16,88.80020141601562,89.27650947708906,88.12617902245653,88.19807638999865,8211300
2019-12-17,89.55513000488281,90.02244928495146,89.01591334126147,89.31247804952048,7050700
2019-12-18,90.38192749023438,90.57964186268829,89.49221967070348,90.04940724051535,7332000
2019-12-19,90.90316772460938,91.01100693468629,89.53714497387034,90.31901352948458,12214500
2019-12-20,89.8337173461914,91.12784273118463,88.8361635046777,90.7683626957408,17641600
2019-12-23,89.90560150146484,90.48975561608104,89.46524212248173,90.07635603590153,6350500
2019-12-24,89.9954833984375,90.46280950343659,89.6539811344085,89.71688962663782,3328100
2019-12-26,90.50772094726562,90.54366962895658,89.96850443492123,90.17520078400676,3709900
2019-12-27,91.28058624267578,91.47830053292115,90.75934072412139,90.76832960727134,5307500
2019-12-30,90.58861541748047,91.31655743239163,90.28305502362812,91.25364894785005,3495200
2019-12-31,91.04695129394531,91.11884866825183,90.32799812041313,90.39090660880359,3213600
2020-01-02,91.84678649902344,91.85577538452564,90.78632427461505,91.09188467309409,5644100
2020-01-03,91.59514617919922,91.66704354518926,90.14824425707296,90.39987818152792,4541800
2020-01-06,91.51427459716797,91.52325662630084,90.65152670116755,90.7234172167845,4612400
2020-01-07,91.46931457519531,92.33206225944258,90.5975780075106,91.49627436899848,6719900
2020-01-08,91.26263427734375,91.79286193260478,90.63354259992877,91.04694217602474,4942200
2020-01-09,91.19971466064453,92.03550259581066,91.11882841839775,91.61311418626839,5007500
2020-01-10,90.67849731445312,91.60415380731656,90.55268032648206,91.56820511696604,5135300
2020-01-13,91.81085968017578,91.97261850659741,90.60660251689099,90.76836819982441,6722400
2020-01-14,92.49382781982422,93.36556438695337,91.98157116836296,92.07143943315265,5088500
2020-01-15,92.37701416015625,93.19482441067728,92.09842043893075,92.79041372783317,4209200
2020-01-16,92.89825439453125,93.0779909417139,92.43092840144071,92.45788819786712,6571700
2020-01-17,93.94074249267578,93.95872026202383,92.87129148129836,92.95217773034449,6271200
2020-01-21,93.98568725585938,94.08454442531283,93.29368706968516,93.689115747499,4854700
2020-01-22,93.90480041503906,94.9203319028172,93.84189193091649,94.36313757450964,5031400
2020-01-23,92.58369445800781,93.79694000913499,92.22422140516463,93.4913796864075,7102900
2020-01-24,91.69400024414062,93.3655762361055,91.36148693656813,93.09596455101052,3839300
2020-01-27,90.0853271484375,90.5077155625389,88.0812379730966,88.26097451434805,9841400
2020-01-28,90.23811340332031,90.81327858004408,89.43826725866315,90.17519806987234,5673200
2020-01-29,89.72583770751953,91.0379403744406,89.1237128159313,90.83123720303257,4503700
2020-01-30,88.24300384521484,89.64496806905383,87.5060730536444,88.98891666431584,7065100
2020-01-31,86.54449462890625,88.47668704147,86.2029854960161,88.17113345573847,8780300
2020-02-03,89.213623046875,90.6964740505454,88.58453806665703,88.97097794208008,9727000
2020-02-04,91.10984802246094,92.36802448438367,91.00200883143135,91.5861629233787,6559600
2020-02-05,90.35494995117188,91.64008626336344,89.44726453602696,91.45136081484011,6108300
2020-02-06,90.1123046875,91.24466431857765,90.0134543699043,90.67848793129427,5641800
2020-02-07,89.36637878417969,90.22912656886524,88.94399034806584,89.69889208847448,4121800
2020-02-10,89.88764953613281,90.32801589804635,88.97098183110204,89.16869622110201,4213900
2020-02-11,89.88764953613281,90.18422112113278,89.366410611102,89.93258711804638,4871800
2020-02-12,92.56575775146484,92.6376551312035,90.26509645191989,90.53470134117259,8075600
2020-02-13,92.89825439453125,93.23076769247015,91.37945520175163,92.12537489992823,5386800
2020-02-14,93.05103302001953,93.36557541218127,92.07145030556165,93.04204413552637,4305300
2020-02-18,91.66704559326172,92.9072443300033,91.31655449686713,92.56574211868585,4916200
2020-02-19,92.0804443359375,92.91623237125206,92.05348453746126,92.26018775329618,6200500
2020-02-20,92.14334869384766,92.23321697024964,90.36393350895447,92.08044021471527,6427600
2020-02-21,90.09432220458984,91.73893841009638,89.53712791812309,91.66704104606647,5750900
2020-02-24,86.1939697265625,87.2364539212144,85.60082684783117,85.86144961062139,8364200
2020-02-25,83.48889923095703,86.95786797902859,83.23726532906741,86.58939915375481,9602100
2020-02-26,82.68009185791016,85.06163935338049,82.6711029715807,83.65068588615269,9308400
2020-02-27,79.57958984375,83.6327067345737,79.53465226935492,80.88269722307281,12825700
2020-02-28,80.54835510253906,80.62946577316224,76.73632547159151,77.52937015089037,16552400
2020-03-02,83.52227783203125,83.93682434917946,79.22360515650041,80.74661136883047,14102000
2020-03-03,81.94520568847656,85.59502788138775,81.62077674352739,83.57635736269648,14767600
2020-03-04,84.52259826660156,84.5496328624673,81.86408403943149,82.98156442245741,6904400
2020-03-05,81.62979888916016,82.62110659953495,81.0530377894681,82.2426084170248,8851100
2020-03-06,79.629150390625,80.5573750073322,77.39419612495715,79.629150390625,12336400
2020-03-09,75.79908752441406,78.1692146264731,72.92428937312873,73.79844472794174,13272700
2020-03-10,79.5750732421875,79.66519085971045,74.69061861625543,78.12415691080759,12755900
2020-03-11,75.69995880126953,76.26770601708684,73.96066185379044,75.69995880126953,16172000
2020-03-12,66.8683090209961,70.73441574226644,65.78688354849528,70.50011124439706,21534800
2020-03-13,68.1119384765625,70.4730517592754,64.66939312209219,70.4730517592754,21859600
2020-03-16,60.19048309326172,65.75983776890386,57.108411394599656,58.829684219093124,17976700
2020-03-17,62.93909454345703,66.08425200636293,56.234246871207304,60.839327461074845,17122100
2020-03-18,61.31696701049805,61.578312929532956,54.071398752587285,58.38809957806624,19498800
2020-03-19,63.389686584472656,65.52550886385549,57.81132645479538,60.41576440015888,16177200
2020-03-20,60.78525924682617,66.74212535358394,60.55996175980972,64.4440951113363,15761900
2020-03-23,56.59473419189453,60.271587791327995,54.59409462778682,58.57735298032035,17690000
2020-03-24,65.18307495117188,65.48046930404227,57.67616053182353,59.20818079573644,18849500
2020-03-25,71.20301818847656,75.24034521856896,68.6706698135827,72.19432573489448,27053200
2020-03-26,75.97032165527344,78.27736591295483,72.10421563326145,72.24840246159943,17200800
2020-03-27,75.00603485107422,77.26801644259673,71.65360748170956,73.62720859390677,14183400
2020-03-30,76.94359588623047,77.46628771028249,73.44698133586253,75.69995622346568,10960100
2020-03-31,74.5644302368164,77.25899225952531,74.25802905393071,76.71827296532233,9610100
2020-04-01,71.40128326416016,73.15860092876308,70.77044616941865,71.63558770241806,9771300
2020-04-02,72.22137451171875,73.53711124081194,69.53583184736829,71.19401834139208,12731300
2020-04-03,71.0678482055664,71.9059552307734,70.21172040451533,71.51844323254792,8476900
2020-04-06,76.26771545410156,76.63720669422605,73.18564697167426,73.81648416506208,11266500
2020-04-07,75.84415435791016,80.08875846965154,75.72699525655246,79.93555094291717,10468100
2020-04-08,76.87150573730469,77.2950592397454,75.34849251663937,76.33078626510452,6642700
2020-04-09,78.21427917480469,78.75499178759794,76.74534198286845,78.12416155192813,7773600
2020-04-13,76.11451721191406,77.49333700451822,75.82613664663434,77.32211555595323,5077600
2020-04-14,78.82707977294922,79.09743261118095,77.03371383987283,77.45726730732252,6397200
2020-04-15,76.63719177246094,77.39418800649243,75.43860752637762,76.48399113588792,8053900
2020-04-16,77.77268981933594,77.97995964257036,76.19560752071526,76.98865214425828,9373800
2020-04-17,81.0259780883789,81.33237931963215,79.6291311504049,80.2058920714378,8111400
2020-04-20,79.2146224975586,80.60245627516642,78.87216581022443,79.69225221880278,7244400
2020-04-21,76.7813949584961,78.31342227753545,76.68226349591859,77.49333597358236,6597000
2020-04-22,79.9986343383789,80.60243687181259,77.88083918532878,78.38551026740174,6463000
2020-04-23,78.71896362304688,80.68355855972801,78.63785980424464,80.15185963504054,5343500
2020-04-24,79.63815307617188,80.31404549385587,78.98929525510992,80.10676879386483,4450100
2020-04-27,80.53936004638672,80.989955087067,78.68290380342036,79.64717691545478,6875100
2020-04-28,80.02568817138672,81.74695778478453,79.87248062028627,81.60277093588054,5145400
2020-04-29,79.36779022216797,82.35974026451544,79.15150658220621,81.10708691662356,9461400
2020-04-30,78.56574249267578,79.30471799900882,77.96194685803873,78.40352802174736,9371400
2020-05-01,77.0877914428711,77.6014694546413,76.42991973455226,77.20494366466644,6151200
2020-05-04,77.27705383300781,77.32211608983,75.97933784252136,76.31278066661443,6348900
2020-05-05,78.58377075195312,79.78235518600208,77.52938002825647,77.98898888558625,6321500
2020-05-06,79.70123291015625,79.92653037371907,78.7910292322132,79.34976941704087,7342300
2020-05-07,79.80935668945312,81.32335564259733,79.64714227034726,80.56635960379107,4565900
2020-05-08,81.52163696289062,81.68385141878562,80.7375992801426,81.20622187518737,5488000
2020-05-11,81.94520568847656,82.38678685639417,80.33207478873872,80.61144148418175,4937600
2020-05-12,79.53902435302734,82.61207840837609,79.43989291167415,82.4859123694781,5622600
2020-05-13,77.52035522460938,79.07040301371744,76.7813797525385,78.74597408690256,6739800
2020-05-14,77.99800109863281,78.02503569988124,75.79909518996796,76.60115377949877,7431800
2020-05-15,78.39450073242188,78.61079124020073,76.4929896569456,76.82643236645511,9165000
2020-05-18,82.0443344116211,82.54899858676305,80.9989507625028,81.54867718565401,8517200
2020-05-19,82.46788024902344,84.54962647993324,81.84605708891999,81.87309168274491,6514100
2020-05-20,83.76560974121094,84.58569596096382,83.54031223585476,83.9909072465671,6347000
2020-05-21,84.94617462158203,85.05431302543667,83.24292600552826,83.70252797297913,7504300
2020-05-22,84.48655700683594,85.29762932920828,84.12607965516672,85.09035261745005,4049500
2020-05-26,87.07296752929688,87.8029291222729,85.86536953078951,86.49620656376689,7185200
2020-05-27,90.0018539428711,90.10999234993984,87.97417630391769,88.42477133479622,7915900
2020-05-28,88.73114776611328,90.74080406535052,88.54189873129351,90.2000846795425,7260700
2020-05-29,89.0609130859375,89.66621484677982,87.57023911800832,88.7085728434959,10332500
2020-06-01,89.92820739746094,90.14503055869768,88.43753351700471,88.89828876573132,4295400
2020-06-02,91.01234436035156,91.13882513195286,89.27774501323225,89.8198064476214,10798700
2020-06-03,94.05692291259766,94.454437805212,91.35564544710276,91.4821262051738,5867700
2020-06-04,91.50019073486328,93.86720054852381,90.76840823091986,93.65037737933396,8775000
2020-06-05,92.7920913696289,94.58090116464845,92.26809581533516,93.95752690548234,8363600
2020-06-08,94.21953582763672,94.22857213624394,92.79210234578866,93.0992748042788,6165400
2020-06-09,92.7198486328125,93.74976750330318,92.53916377200859,92.89150407545615,5385900
2020-06-10,92.25907897949219,93.18961889500459,91.88866613943088,93.05410183418499,5194200
2020-06-11,85.98019409179688,89.4313270277095,85.71819624075587,88.88022928805171,10976900
2020-06-12,87.11851501464844,88.35622739119616,85.59170279230584,88.35622739119616,7416400
2020-06-15,88.39234924316406,88.60917927347978,84.41722851827481,84.83280907068838,8645300
2020-06-16,89.47650146484375,91.55440475518951,88.28396356565422,91.47309864266262,6054400
2020-06-17,89.63008880615234,90.56062890201508,89.34098890362523,89.44036764130819,3405500
2020-06-18,88.94346618652344,89.81980212810657,88.40140477820252,89.16029626399963,4392400
2020-06-19,86.53128051757812,90.32572381382457,86.53128051757812,90.31668750491912,10304000
2020-06-22,89.90110778808594,89.92820982238584,86.74810453930277,87.49795965412633,6918200
2020-06-23,92.0783920288086,92.34942616446277,90.98523296232305,91.38274785656667,6499000
2020-06-24,90.41608428955078,92.01516665109861,88.61823755579144,91.19304158623304,8611600
2020-06-25,91.60861206054688,91.86157359076428,89.25967470364768,89.6481533086772,11531400
2020-06-26,84.62504577636719,89.24161505171101,84.53470334425994,88.9886534847364,24918500
2020-06-29,86.61260986328125,86.73005433048702,84.65214402174493,84.65214402174493,9624200
2020-06-30,88.58209228515625,88.80795176890965,86.40480355328496,86.73004176130462,9065500
2020-07-01,87.9948501586914,89.18738787466582,87.73285234854833,88.98863043988942,5733800
2020-07-02,88.92539978027344,90.0366315176226,88.55498690359549,89.24160169165418,5354900
2020-07-06,90.29864501953125,90.37092172952515,89.4765198445815,90.00051565300765,4995000
2020-07-07,87.69671630859375,89.93724532395504,87.56119924562665,89.63910916396428,6352900
2020-07-08,89.2957992553711,89.42228690338824,87.59733847469718,88.08519577070318,5634600
2020-07-09,87.62446594238281,89.3590724625532,87.06433868981037,89.03383417081415,6282300
2020-07-10,88.52787780761719,88.58208876859133,86.47707680933095,87.63347621741167,3967000
2020-07-13,87.14561462402344,89.38614353612053,86.96492981018437,88.76276921081325,4845600
2020-07-14,87.41665649414062,87.85933915220524,86.28735907573181,87.02817790650062,4850600
2020-07-15,89.0247802734375,89.47649926798954,87.91354851405816,88.90733581622052,5343700
2020-07-16,87.86837768554688,88.74471360724262,87.66962023204665,88.08520086541775,3594700
2020-07-17,86.98300170898438,87.84127186735383,86.76617853844954,87.58830346026481,7405700
2020-07-20,86.4138412475586,87.04624505512999,85.92598392771013,86.2783241765977,5822300
2020-07-21,88.86213684082031,89.44033644419645,86.82036561426419,87.56118428688255,5855600
2020-07-22,89.35906982421875,89.43133963704882,88.45563168332572,88.68149121854898,4097000
2020-07-23,88.8079605102539,90.50642151389214,88.283964802125,88.85312827583978,4530500
2020-07-24,88.92539978027344,89.76559736919069,88.26588702852099,88.66340194150519,5638400
2020-07-27,87.82320404052734,88.89829742808648,87.53410416648009,87.59734454853154,4273400
2020-07-28,86.97396087646484,88.05809045812379,86.8745890518463,87.58829890493305,3822600
2020-07-29,87.60639190673828,88.13038764849718,87.00109004609554,87.11853451537851,6872400
2020-07-30,87.47086334228516,87.84127621577458,86.5493596523815,87.15466143362629,4018400
2020-07-31,88.1845932006836,88.22073155168633,87.00109149925827,87.53411666800578,5509900
2020-08-03,88.83507537841797,89.70237517953937,88.37431998971137,88.56404117501735,5472700
2020-08-04,87.93161010742188,88.49173717911009,87.22692966711479,88.34719070317519,7539300
2020-08-05,91.19303894042969,91.47310253017142,87.70576751724735,87.74190586635682,7217500
2020-08-06,90.7503662109375,91.40987914264095,90.37092381374809,90.9220216779603,4060900
2020-08-07,92.02417755126953,92.06935219966432,90.24440393037895,91.24722046912761,5545600
2020-08-10,95.23141479492188,96.51429526107131,92.51206414497969,92.57530453717901,12678000
2020-08-11,94.96939849853516,96.9659955138592,94.7345027047663,96.53234227095398,5400700
2020-08-12,95.05975341796875,95.66505526164427,93.39742380963384,95.51147244626726,4714800
2020-08-13,96.23420715332031,96.65882409155603,95.04166933809965,95.13201864701456,4281700
2020-08-14,96.15290832519531,96.46911025228003,95.27657234678549,95.87284474587528,2985700
2020-08-17,95.45728302001953,96.21616779555129,94.96942556745492,96.21616779555129,3017000
2020-08-18,96.64076232910156,96.6678643658138,95.2856053520107,96.18000702693892,5023000
2020-08-19,97.92364501953125,99.09811718561188,96.98406866520374,97.29124117175552,9508100
2020-08-20,97.58033752441406,98.23984338568418,96.98406515294654,97.17378630040855,4304000
2020-08-21,99.15232849121094,99.17039421988558,97.34545234558523,97.57131186378844,5564000
2020-08-24,101.0314712524414,101.18505405524519,99.2878356702463,99.37817808997295,8173100
2020-08-25,100.74237823486328,101.43802249608932,100.3629290178729,101.18506094655257,4380900
2020-08-26,100.76043701171875,101.26636007588968,100.54361382602903,101.11277727322133,4477900
2020-08-27,100.13705444335938,101.89876250008236,99.82988886303846,101.17600941639843,4390800
2020-08-28,101.67179107666016,102.01585556187003,100.11443420305497,100.51282974968544,3731100
2020-08-31,101.30960845947266,101.8800327639009,100.63052894603015,101.53596829728683,3519800
2020-09-01,103.98064422607422,104.03497528061006,101.25527695057494,101.40919997119379,4912400
2020-09-02,105.75532531738281,106.30764390733135,103.6728119217125,104.17985577820775,6775400
2020-09-03,102.1788330078125,105.84586527278493,101.40921091371888,105.75532271605996,7264400
2020-09-04,101.7713851928711,102.99372694424494,99.78847078884978,102.27842902266669,5157600
2020-09-08,102.06112670898438,103.0752143804785,100.08726860959939,100.76634813588385,5300100
2020-09-09,104.03496551513672,105.22108865720229,102.16070664649017,102.33273539717075,5997900
2020-09-10,103.93538665771484,107.05010031743639,103.22008872269953,104.94042491633536,5032800
2020-09-11,106.84185028076172,107.97364954221047,105.41125435638142,105.7191073476318,8565200
2020-09-14,108.00080871582031,108.58934569754288,106.99577044603598,107.29456710093496,4990300
2020-09-15,107.99173736572266,109.08732494795223,107.9102511482421,108.38107652335415,5934200
2020-09-16,107.37605285644531,108.37204170171833,106.98672055432584,107.12253093508646,7023700
2020-09-17,105.35691833496094,107.33983262820887,104.8498745334908,106.24424498753366,7376400
2020-09-18,103.81768035888672,106.76035827960862,103.66375041760384,104.51486562675795,12876600
2020-09-21,102.6496810913086,103.27442966405039,101.17381024942469,102.26939124203993,8486400
2020-09-22,105.81869506835938,106.11748479180552,102.17882515919668,102.40518498759896,13007200
2020-09-23,115.09039306640625,118.05118352537278,113.41533169801295,117.90630991766442,37822700
2020-09-24,112.95355987548828,115.47973651247975,111.64067556997686,114.48375460057927,13485800
2020-09-25,112.48274230957031,112.95356776898713,110.70807496542228,111.95758578748476,9182800
2020-09-28,112.56423950195312,114.25741387093869,112.17490023669784,113.32481228178086,7525000
2020-09-29,114.40225219726562,115.08133166053545,112.23825286028207,112.58231730147551,7796400
2020-09-30,113.66885375976562,115.24431625201306,113.32478930291617,114.17589757153404,8699700
2020-10-01,114.66484832763672,115.65178089386896,113.46061223344553,115.65178089386896,5637200
2020-10-02,114.66484832763672,114.80972195157909,111.90325531583807,112.59139121365513,7491100
2020-10-05,115.81475067138672,116.34895657251653,114.49280314027921,115.05417802461317,8270300
2020-10-06,115.579345703125,118.10552256542918,115.23527429541289,116.65681393750292,5978000
2020-10-07,117.76142883300781,118.07833810276006,116.12258597059557,116.25839633425694,4390500
2020-10-08,117.44454956054688,118.54917290763572,117.26345062950439,118.06929113537221,3595600
2020-10-09,118.59445190429688,118.78460026236455,117.10048238084349,117.69807571658852,4293400
2020-10-12,117.21818542480469,118.92040202388573,117.03708650038679,118.7845916464805,5136500
2020-10-13,116.98278045654297,117.58942326269886,115.8600374125006,115.9415305595117,4245000
2020-10-14,115.58838653564453,117.34494102134612,114.99984959794467,117.28155363751412,3586600
2020-10-15,116.80166625976562,116.89221571346154,114.18494731247382,114.51996233046972,4235800
2020-10-16,115.89624786376953,117.87916244010921,115.48880288055534,117.26345643906006,6010900
2020-10-19,115.38013458251953,117.50791563535999,115.03607012253875,116.89222352001138,5160800
2020-10-20,116.33992004394531,117.61657916988723,115.64272779815333,115.89624973918504,3799200
2020-10-21,117.19100952148438,118.95662732302175,116.30368281874144,116.3489575498413,4916300
2020-10-22,117.7252197265625,117.94251631282334,116.67490683994488,117.34493688469897,2869900
2020-10-23,117.69803619384766,118.25035460973696,116.48473727284349,117.7070856113229,4046300
2020-10-26,116.23125457763672,117.36305385899848,114.70106664664475,116.85600999149388,5422500
2020-10-27,115.8871841430664,117.24535011904113,115.80569791480322,116.60248208117837,2985700
2020-10-28,110.53604125976562,114.4475391082838,109.594383474832,113.43344451498122,8618300
2020-10-29,111.24227905273438,112.44651504570056,109.69397859375815,110.71712257201851,4947000
2020-10-30,108.72518157958984,111.96665678946133,107.5662200741053,111.96665678946133,7791600
2020-11-02,110.81673431396484,112.36503495262926,109.64871658838541,110.79862856437,4740400
2020-11-03,112.8086929321289,113.63264611218682,111.54108328273902,112.28354332364788,3490900
2020-11-04,115.29866027832031,116.73830573833573,113.41535140652061,113.47873189391836,5061800
2020-11-05,117.43548583984375,118.07835388421091,116.31274984110198,116.97371672577175,3940000
2020-11-06,116.71112060546875,117.62562314348457,116.21314004165072,117.62562314348457,2954000
2020-11-09,116.75640869140625,123.45666858827188,116.5934362298915,122.28864401711382,7491700
2020-11-10,115.6336441040039,117.81574907257948,114.31170364721622,117.75237551027409,8014700
2020-11-11,115.58838653564453,117.52602612158279,115.15377262394122,116.52098792697556,6058700
2020-11-12,114.66484832763672,115.75137287538608,113.75035257337566,114.64674257862123,4780400
2020-11-13,116.14974975585938,116.43949695715142,114.83686556278381,115.81474164328404,3986100
2020-11-16,117.80672454833984,117.99687290724997,115.32582244945495,117.21819444641051,6116200
2020-11-17,119.7081527709961,120.06127359503228,116.90128501979927,118.14173261419909,7002900
2020-11-18,119.18299865722656,121.31077306505166,119.09244918629379,120.48683366956526,5572800
2020-11-19,119.4365005493164,119.6175856448773,117.64372080031424,119.44554996852693,4642800
2020-11-20,120.40528869628906,120.90328296879922,119.43647603513689,120.695035842442,4318100
2020-11-23,121.44657897949219,122.1347078808448,120.50491436089658,121.6729388068209,6118400
2020-11-24,121.9626693725586,123.13069379139014,121.51901296346585,122.23430392223386,7204700
2020-11-25,122.7232437133789,122.95866678712285,120.98480181513202,121.55523302808623,4484500
2020-11-27,121.55526733398438,123.25749821755583,120.73131397515674,123.13978664746276,3506800
2020-11-30,121.9626693725586,122.49687523684547,120.14274137677634,121.24737841379057,9652500
2020-12-01,122.6326904296875,123.59245379439571,122.00793515600603,123.53812965162447,3833100
2020-12-02,122.75945281982422,123.42948282570725,121.93549980230038,122.37917000002236,4132700
2020-12-03,124.00900268554688,124.90537896778346,122.2343351480997,122.32488462642551,4930900
2020-12-04,124.4671401977539,124.65765725741139,123.06088286327734,124.36734093288901,4344000
2020-12-07,125.88245391845703,125.98225317441079,124.1132978753707,124.29474729245848,4590800
2020-12-08,126.21817016601562,127.41576156133077,124.88449513200871,125.41978974617908,6953600
2020-12-09,125.91874694824219,127.53368424969429,125.44698120001978,127.53368424969429,4341300
2020-12-10,124.82096862792969,126.23629355691166,124.51250321391137,125.456048551998,4511000
2020-12-11,124.6667251586914,125.32902174778047,123.59615008450764,124.64857606422649,4172400
2020-12-14,123.64151763916016,126.10926846041414,123.56893510398173,126.03668592523572,7599000
2020-12-15,126.463134765625,126.50850059316522,124.52159640278343,124.6848967694799,7637000
2020-12-16,125.51046752929688,127.46108673859295,124.7120873640817,126.17277794292286,6573400
2020-12-17,127.47021484375,127.68796254323259,125.88250754142571,126.94400161944887,8727000
2020-12-18,124.54878234863281,128.05081017613284,124.44898309019226,128.00544435980467,17970800
2020-12-21,130.66372680664062,134.2292557200332,129.29375390261458,131.38953834044398,16111300
2020-12-22,129.23931884765625,130.1647288878014,128.00544340869718,129.78368095214245,6339400
2020-12-23,128.6133575439453,130.2827288654669,128.558924080668,129.33916935629702,3388300
2020-12-24,128.4681854248047,129.00346618517895,128.0145548461065,128.0145548461065,1821900
2020-12-28,129.22117614746094,129.66573901624878,127.96008392523852,129.32097541009887,4081500
2020-12-29,128.44093322753906,129.79274311877373,127.40664250377692,129.58407698643535,3232400
2020-12-30,128.4500274658203,129.38450528598818,127.61534891983085,128.97624056206044,3052100
2020-12-31,128.3502197265625,128.64053605903064,127.35222705059914,128.5588858883713,2949900
2021-01-04,127.10726165771484,129.71109609329065,125.49233831200613,129.60222921182364,6178500
2021-01-05,128.13246154785156,128.52259095950924,125.74637463596389,125.74637463596389,4163100
2021-01-06,129.1486053466797,130.2554648438298,126.59012275184628,128.15061273655945,6072900
2021-01-07,131.5074920654297,132.1335044317546,129.73833571084114,129.91978515987745,5256900
2021-01-08,132.7776336669922,133.20404738276218,131.46209433246233,132.0518222033176,3950500
2021-01-11,133.4127655029297,133.45813133278452,131.3714277528316,132.46013845080907,4252000
2021-01-12,131.5982208251953,133.2312935181116,130.99035757021917,132.91374660648432,3678800
2021-01-13,129.77459716796875,131.6707830304284,129.22116744763707,131.39860198304012,3330100
2021-01-14,128.19601440429688,131.46214652190807,127.86031833590361,130.33715145811533,4104000
2021-01-15,127.66978454589844,129.1758413114503,126.90768853575385,127.52461944576446,6412400
2021-01-19,126.35424041748047,128.12339655773246,125.57399542181754,127.9147304088063,6537800
2021-01-20,129.556884765625,129.9288651302622,127.02561860438732,127.36131461711854,4654400
2021-01-21,128.4772186279297,130.47318987065157,128.04173726530198,129.20303012811118,4011200
2021-01-22,126.42679595947266,128.72216463861196,126.39049777559087,128.00542086580666,4150500
2021-01-25,124.79376983642578,126.27259604844411,122.24436830398004,126.10022806434107,5998700
2021-01-26,122.57098388671875,125.065951987832,122.21715260067275,124.98428796512432,5312300
2021-01-27,118.86933135986328,120.53868815468388,118.18888565987307,119.95804171110701,7815900
2021-01-28,122.2262191772461,123.72319448755975,119.30483726374759,120.08508238058953,6244600
2021-01-29,121.20099639892578,122.5074544833611,119.89453831449045,121.5276109200346,7166100
2021-02-01,123.1243896484375,123.43285504903061,120.93788743586782,122.81591040414092,4366800
2021-02-02,126.6445541381836,126.88951847372559,124.06793633316828,124.34918501589623,7132800
2021-02-03,125.77360534667969,127.07098201924339,125.21109407500482,126.74436748345659,4678600
2021-02-04,127.58814239501953,127.96919042406351,126.03671970761272,126.60829867303208,4533700
2021-02-05,131.65264892578125,132.06999509179002,128.18690513807562,128.23227095842296,6151500
2021-02-08,130.11029052734375,132.35122608429253,129.5568608180628,131.68891565200852,6304300
2021-02-09,128.6405792236328,130.84523147712665,128.55892902557622,130.2827338766798,3436300
2021-02-10,129.24839782714844,129.3754138032545,127.83305915149107,129.23931635790314,4125700
2021-02-11,130.22824096679688,130.9631340231038,129.20304542596972,129.73832610629682,3828700
2021-02-12,128.93992614746094,130.14658491303982,128.2866971338588,129.83811950208988,3637000
2021-02-16,128.5679473876953,130.07398995061183,127.95100278101287,130.07398995061183,4873400
2021-02-17,130.63653564453125,131.15366729208952,127.20708966613421,128.19600097952406,6437100
2021-02-18,131.6344757080078,131.9066567365122,128.11431296211177,129.7201547272534,4486800
2021-02-19,128.84918212890625,132.00644582286634,128.37740263873255,131.94293092216745,7486000
2021-02-22,123.99535369873047,129.24840240777328,123.62337338277128,128.41371014240508,8985900
2021-02-23,123.50544738769531,124.14052733452331,119.37740696775643,123.41471574798935,10364100
2021-02-24,123.06993865966797,123.3512011744907,121.52759785940634,122.53465803762063,6360900
2021-02-25,122.97015380859375,126.27258340118877,122.05382515282011,124.83912315748891,5674300
2021-02-26,122.52925109863281,124.41110634052623,121.23832281715084,123.5474449269903,6650200
2021-03-01,125.13837432861328,126.50203266363711,123.18380293048577,123.31107715354733,5717800
2021-03-02,124.56563568115234,125.69291758866275,123.28379363614587,125.05654653251193,5292700
2021-03-03,122.05652618408203,124.92021745975205,121.95652400229321,124.62929697751105,4888400
2021-03-04,120.03829956054688,122.84744645957777,118.3473625581165,121.82015267341417,7181500
2021-03-05,121.22923278808594,121.52922541767066,117.4473503038687,121.40195119329076,5957100
2021-03-08,122.32923126220703,123.3019807850332,120.33828803999921,121.4928558845937,4983000
2021-03-09,123.59290313720703,125.4565723854185,123.13835033870913,123.19289445503279,5977800
2021-03-10,125.08382415771484,125.63837907531172,123.72926582183422,124.09290247815872,4519600
2021-03-11,128.35662841796875,129.27482012684652,125.96567612925622,126.52931719095828,5696500
2021-03-12,127.68388366699219,128.10207836272505,126.00204656527893,127.27478890559443,4143200
2021-03-15,131.7657470703125,131.82029117820085,127.88386288736103,127.9111349413052,5413900
2021-03-16,131.5021209716797,132.86577938703144,130.76574764688587,132.62033086000065,5623000
2021-03-17,131.6566619873047,132.86576006586242,130.18390168003322,130.18390168003322,5134400
2021-03-18,130.15664672851562,133.329430257634,129.59300569706187,131.24757067113765,10188400
2021-03-19,124.99292755126953,129.87481993483382,123.1928885675113,127.27477749681069,24980400
2021-03-22,125.7020492553711,126.19296023066319,123.66564748974179,125.12022216117018,7537300
2021-03-23,124.65654754638672,127.85660294004762,124.13836460053281,125.90203157244733,5582600
2021-03-24,121.05648803710938,125.38382509197803,120.80193961457879,124.04743893776812,8157600
2021-03-25,116.94733428955078,117.62916343393293,114.03819938122355,115.50185983270451,18475800
2021-03-26,120.9019546508789,121.08377299036258,117.97463360808645,119.63829846446974,10010500
2021-03-29,121.35649108886719,121.73831371190666,118.783721009766,120.85648031875066,7153900
2021-03-30,120.8655776977539,121.22922823364175,119.29282901160647,120.32012270169648,6026600
2021-03-31,120.8110122680664,121.98375209373047,119.9291789479322,120.99283056800346,6878900
2021-04-01,120.48375701904297,122.44742832956051,120.19285045740136,122.44742832956051,5720600
2021-04-05,122.83832550048828,123.34742233935627,121.00194245626426,121.00194245626426,5508900
2021-04-06,124.69293975830078,125.19295066212568,122.66562408205179,123.12927686189487,4670100
2021-04-07,124.1292953491211,125.67478625083426,123.96566296951559,124.53840404184113,6646000
2021-04-08,121.5291976928711,124.82925458395238,121.28374923375117,124.80198253293905,8748400
2021-04-09,123.13833618164062,123.18379423063426,121.36558324568026,121.76559188186597,6056800
2021-04-12,124.22017669677734,124.45653913620662,122.02014302073037,122.50196783269917,5638200
2021-04-13,121.40193939208984,123.6292589100007,121.27466518008198,123.274708328561,8778200
2021-04-14,120.23828887939453,121.98376978120739,119.83829411027315,121.40194281393643,7354100
2021-04-15,121.5201416015625,121.88379215783252,120.62012208062582,120.91104252564183,6284800
2021-04-16,122.10198211669922,122.52017683467373,121.57469915571043,122.46563271316658,6852500
2021-04-19,120.5201416015625,122.16562059385603,120.13830502474686,122.09289047788405,5613600
2021-04-20,115.55641174316406,118.09281022782248,114.27456953597574,117.42916703328862,13268700
2021-04-21,118.09280395507812,118.48372655016928,115.79277498732013,115.99277237970247,7110900
2021-04-22,117.43826293945312,118.52010089839473,116.34734585366986,118.08373406408141,6442900
2021-04-23,118.3564682006836,118.77464903642053,116.78371929159628,117.2109861900748,7489000
2021-04-26,119.63829040527344,119.72919263296677,117.56553095671669,118.62918273648798,8217800
2021-04-27,120.1019515991211,120.72013680127934,119.4655803992959,120.00194941973058,5833100
2021-04-28,118.82921600341797,120.3019628461762,118.50193738593252,120.23831878662365,8195400
2021-04-29,121.14738464355469,121.92921586845848,119.3019017298599,119.79282643043913,6612500
2021-04-30,120.56558227539062,121.71106422877948,120.0473992879749,120.40194992310697,5643600
2021-05-03,120.93832397460938,122.22925233794923,120.53831526757563,121.24741656755313,5053000
2021-05-04,119.59284210205078,120.53830580383982,118.6200924706959,120.21102723940317,6129500
2021-05-05,120.1928482055664,122.02014532670644,120.07466004769358,120.63830103721101,6234200
2021-05-06,121.35649108886719,121.67466967214261,119.94737487193815,120.54738779607798,5201000
2021-05-07,125.28382873535156,126.69294505721443,122.47469602475445,122.72924445906976,10566700
2021-05-10,124.00201416015625,126.27477845100847,123.91111191163358,125.45658885504263,5669300
2021-05-11,124.65654754638672,125.80202940790012,122.73833429687191,125.80202940790012,8045400
2021-05-12,121.26559448242188,124.3838338794405,121.22013642840663,123.11107772626639,5865100
2021-05-13,121.46559143066406,122.7565196294028,120.44739766756864,121.54740759980217,6284300
2021-05-14,123.57470703125,124.25653617321501,121.86559808158198,122.12923257952805,4367900
2021-05-17,124.01107025146484,124.61108314136116,123.18378101283635,123.93834015524885,3934200
2021-05-18,123.23831939697266,124.97471394993569,123.13831725329817,124.03833654636857,5664700
2021-05-19,120.87469482421875,121.7928865482208,119.9655891629627,121.3474197803388,5582300
2021-05-20,121.1565170288086,122.01107858165827,120.17468123650374,121.62015592856989,4934800
2021-05-21,120.60197448730469,121.97471920283503,120.37469804535147,121.66562657102341,5329700
2021-05-24,121.87471008300781,122.13835850891876,120.73832793786288,121.00197636377382,4313200
2021-05-25,122.11109161376953,122.88382318205136,121.68381079936836,122.67473274261663,4885800
2021-05-26,124.44744110107422,125.38381857928479,122.72923240231572,122.9110507129866,6781500
2021-05-27,124.14741516113281,125.73834940553893,124.05651295598848,125.04743438468988,12882300
2021-05-28,124.306884765625,125.11762085039219,123.9698274967869,124.10647684356192,4153500
2021-06-01,122.53052520751953,125.75526034960848,122.25725434788511,125.57307514323877,5577900
2021-06-02,122.22080993652344,123.42325732781737,121.63780893161012,122.60340304288776,5226100
2021-06-03,122.22080993652344,122.69450259671562,120.7086463019594,121.33719708378665,5027400
2021-06-04,121.8291244506836,122.92224970523064,120.4991458927595,122.52143386860031,5217100
2021-06-07,122.02040100097656,123.15907591494582,121.56493103538887,122.06595077750339,3765000
2021-06-08,121.4738540649414,122.72183741190678,120.6175682444561,122.69451032400544,4915200
2021-06-09,120.09832000732422,122.8857940381317,119.74305398182602,121.71979201086374,6448100
2021-06-10,119.31491088867188,120.76331597462428,118.59527444331988,119.78860355514186,6584100
2021-06-11,120.1894302368164,120.23498001845707,118.90500145369577,119.78861439812556,5414500
2021-06-14,119.66107177734375,120.28962256361064,118.54061953651696,119.97078802280149,5743600
2021-06-15,118.68637084960938,120.01634941445903,118.26734621810789,119.8250458914923,5168100
2021-06-16,118.78656768798828,119.487995363693,118.05782682474496,118.69548203000336,7915500
2021-06-17,117.4383773803711,118.31288585347146,116.47278325163653,117.7298848380181,8568100
2021-06-18,116.97382354736328,117.53860197092716,115.39789408985165,115.39789408985165,9784800
2021-06-21,118.49506378173828,119.11449624140617,117.23796227261961,117.72987760220508,6288500
2021-06-22,120.68132781982422,120.87263133656566,118.54062715065082,119.1782823733867,6043800
2021-06-23,121.24613952636719,121.79269527646747,120.43540334885137,120.98195909895166,4566000
2021-06-24,121.70161437988281,122.81296251851954,121.06394512996287,121.9748853157409,11420500
2021-06-25,140.60360717773438,140.82222390145466,137.07825960947685,138.83638119516854,46285400
2021-06-28,138.79080200195312,140.3302926378707,138.01649753660206,140.21186600438793,13133300
2021-06-29,142.06106567382812,142.4709858230313,139.2918146682469,139.61063527325427,10279900
2021-06-30,140.7310791015625,141.5053695058056,139.84746648155115,141.0043498913914,10281800
2021-07-01,143.92852783203125,144.1198313583714,140.18456367230561,140.34854010914606,9011500
2021-07-02,145.51358032226562,145.72309265870075,143.60060050310412,144.11984304538973,6396700
2021-07-06,145.85057067871094,146.15118247810426,143.8009561463512,145.67748989422645,6671000
2021-07-07,145.89614868164062,147.11680490339117,144.18357709302052,145.89614868164062,5408300
2021-07-08,146.32427978515625,146.49736058918458,143.33639804147487,144.08336152747535,6081600
2021-07-09,146.66134643554688,147.53585498985078,146.21498081201733,147.2898972871025,5002300
2021-07-12,147.4083251953125,147.96398528057838,146.39718118634045,147.24434875880357,4992200
2021-07-13,147.1987762451172,147.85465409018425,146.67042943104428,146.98015956332142,5747700
2021-07-14,147.1532440185547,148.23726486119986,146.9710587953851,147.4538558917132,4928000
2021-07-15,147.2898712158203,147.7544455500304,146.10564659350348,146.53378944849374,6432500
2021-07-16,145.61375427246094,147.2989848134962,145.42245077004617,147.2261079506639,6603700
2021-07-19,143.81005859375,144.67546250445847,142.65317508124974,144.06512062011524,7377100
2021-07-20,145.51358032226562,146.142117331571,142.63500619623252,143.25443880824707,4629200
2021-07-21,146.73423767089844,147.05305837619375,145.7595250607869,146.20589072801226,5393100
2021-07-22,149.1026611328125,149.16643360841667,146.59757598824368,146.76155242562427,4851500
2021-07-23,151.5439910888672,151.62597235946882,149.14821424910792,149.71300654621828,4217700
2021-07-26,150.38710021972656,151.69885620904273,149.23021628179174,150.95189254280845,3858800
2021-07-27,149.9133758544922,150.86074717035427,148.10060057241134,150.14111081405736,4359000
2021-07-28,150.72412109375,151.12492297155467,149.46701959110896,149.84050828389937,4093600
2021-07-29,152.1178741455078,152.15430562922836,150.6603645995452,151.1249389911482,3605600
2021-07-30,152.59156799316406,152.91950697837964,151.534888062885,151.753504786467,5364400
2021-08-02,153.72113037109375,154.84158271828736,153.06525243618975,154.00351955698596,5532500
2021-08-03,155.98023986816406,156.2261975405038,153.48427336312312,154.14925561813328,5718100
2021-08-04,156.59970092773438,156.99139846129276,155.73431069559064,156.09868114075383,4646200
2021-08-05,158.36692810058594,158.5035635437042,155.93470601434777,156.14423222691795,3824000
2021-08-06,157.41043090820312,158.8497177407825,157.31933135050735,158.83149504927513,4088700
2021-08-09,156.47215270996094,157.64725908151593,156.33550338314015,157.13713495433424,3612800
2021-08-10,156.9276123046875,158.46710287960806,156.16241226459982,156.28083889339035,3747100
2021-08-11,156.0166778564453,157.79300785063958,155.71606602668328,156.68166007994583,4078300
2021-08-12,155.4427947998047,156.06224120283875,154.3861011062906,155.67052979065647,3997100
2021-08-13,156.39930725097656,156.4266343418595,153.74846823659055,155.26973652839212,2966200
2021-08-16,157.0096435546875,157.04607504446503,154.55010794932042,155.49747958181493,3530200
2021-08-17,155.4610137939453,156.408385217429,154.29501178050057,156.2626314907883,3602900
2021-08-18,153.7757568359375,156.49947204418706,153.63912141572402,154.63204253551345,5487400
2021-08-19,150.8425750732422,152.61890557365243,149.73122698583813,152.09057252211994,7336300
2021-08-20,152.84658813476562,153.0469960095822,150.68766518314226,151.46196959946425,4039100
2021-08-23,154.60476684570312,155.6796695749434,154.1128513697318,154.35880910771746,3796500
2021-08-24,154.84156799316406,155.65230398839856,153.84864678885762,154.49542026587955,3133100
2021-08-25,154.71405029296875,155.48835487306906,154.4316611095896,154.85980403272626,3003800
2021-08-26,152.0540771484375,154.4225263036444,151.46197180955525,154.29499528143103,4069600
2021-08-27,152.90724182128906,153.3543440269122,151.7210628092853,152.62438664085,3012400
2021-08-30,153.3178253173828,153.66455817857462,151.98566608093273,153.19008383001395,3537100
2021-08-31,150.31590270996094,152.99847411080478,149.8231755690456,152.87986595840414,7545600
2021-09-01,150.1516571044922,152.03128794821484,149.71368824837694,150.48013722727336,4706500
2021-09-02,149.339599609375,150.94549487366328,148.53664501584066,150.77214233440512,4632100
2021-09-03,148.9928741455078,149.79582877924685,148.0165669638307,148.91075758236119,4254500
2021-09-07,148.39979553222656,149.5129776053995,147.73371574181377,149.36698331844335,5648800
2021-09-08,146.6387481689453,147.89791027770696,145.7627965985748,147.81579373376601,6591700
2021-09-09,149.0384979248047,151.60246158768393,148.91075640887843,150.7903875386996,8414800
2021-09-10,149.26658630371094,151.15535049361665,149.12972538681007,149.86880218363265,4252100
2021-09-13,145.55294799804688,148.65524941200252,144.46713832632878,147.41432606186453,8814500
2021-09-14,144.85946655273438,145.43431018089981,143.31744935554718,145.23357157813658,5323900
2021-09-15,144.0839080810547,144.45801313199667,142.04003031464848,143.70980303011268,6827100
2021-09-16,143.80104064941406,145.08757486165192,143.43605504935113,143.79190730767684,5085900
2021-09-17,142.72433471679688,146.90332539568035,142.40498801525416,144.12950475646636,7944800
2021-09-20,140.74436950683594,141.6750655082738,138.98336073986255,140.269895124545,7041200
2021-09-21,141.44696044921875,142.45977304181199,140.13303990501353,141.51082423865068,5857900
2021-09-22,143.65504455566406,144.16601046638164,141.9761525853701,143.0619481842565,6844800
2021-09-23,145.60768127441406,146.25550812184085,144.41238296138408,144.8138601797894,11981500
2021-09-24,136.49237060546875,138.55450108246197,135.04158930507685,137.81541041883455,26913300
2021-09-27,135.07806396484375,136.78434194806997,134.39373167243528,136.41935637178642,11479300
2021-09-28,132.5780029296875,134.61274741619346,132.30426717855545,134.4393809763839,10692300
2021-09-29,133.23497009277344,134.9868594992433,132.93386214314557,132.95211490691133,7794900
2021-09-30,132.51414489746094,134.5671424516208,131.7750680056083,133.10724143344223,10133600
2021-10-01,134.18386840820312,135.04156707538004,131.72939445466193,132.5049765914348,8112300
2021-10-04,134.25686645507812,134.6948352097236,132.99769062234975,134.1838693421746,7951000
2021-10-05,136.37379455566406,137.77895124364844,134.87738795999527,135.04162108648984,10881900
2021-10-06,135.7715606689453,136.37377656554472,134.59450105988472,135.04160327210778,7610700
2021-10-07,138.5544891357422,140.20600890517136,137.10369403766575,137.1401995581129,7958000
2021-10-08,139.1293182373047,139.4851704849117,137.47779847474968,138.8920880464922,6333700
2021-10-11,137.12191772460938,140.14210149214261,136.92117917304157,138.6822012076548,5551200
2021-10-12,139.9231414794922,140.15125223252508,138.0526305200673,139.07456223836655,7408600
2021-10-13,142.6148681640625,142.9524676767226,139.7497972091908,140.80823461233518,8456300
2021-10-14,143.38136291503906,144.58579494978162,142.56928880292887,144.3302979752872,6024500
2021-10-15,144.1751251220703,144.46711358870633,142.85208544921977,143.98351987326976,5532100
2021-10-18,145.47085571289062,145.5073612484422,142.2955563362432,143.53648001213037,5765300
2021-10-19,144.0017547607422,145.92699604222472,143.07105904232114,145.69888530201783,6198200
2021-10-20,144.57662963867188,144.8959903440923,143.5455782375075,144.62225458555753,4487000
2021-10-21,147.9800262451172,148.12602049340646,144.42150346042763,144.57661712819328,6121700
2021-10-22,149.16619873046875,150.20638333991982,148.07126976095878,148.07126976095878,5323000
2021-10-25,149.8413848876953,150.30672578783762,148.41797608935437,148.9380613397752,3878200
2021-10-26,149.44908142089844,150.96374063468923,148.83774608292308,150.38891082533377,4711200
2021-10-27,148.13514709472656,149.6954170436369,147.50555911005927,149.32131202046108,4163900
2021-10-28,150.06040954589844,150.18815103251634,148.55486996492542,148.73735581398273,3762000
2021-10-29,152.64263916015625,152.95288047491007,148.72826338482443,148.7830077571985,6740600
2021-11-01,151.76666259765625,154.02039817002165,151.36518540573704,153.10795506939684,3610800
2021-11-02,153.13534545898438,153.43645338873063,151.5659420254589,152.15902454228186,5038000
2021-11-03,157.3964385986328,157.73403809859917,153.88352700862492,154.2028876705446,7176700
2021-11-04,160.07901000976562,160.25237641592437,156.9402037079622,157.13182287339453,5460100
2021-11-05,161.96780395507812,163.4185993725012,160.13379794804482,160.34365600709128,5892200
2021-11-08,156.8033905029297,161.08273798928752,155.44384494053162,160.90938545318966,8301100
2021-11-09,158.6008758544922,158.70123123565634,155.9821545326577,156.2558902636605,4343000
2021-11-10,153.52769470214844,157.09535111554635,152.87986779786345,156.23765224145282,8185200
2021-11-11,152.35064697265625,154.75037711884042,152.04041961644091,154.75037711884042,4994900
2021-11-12,154.2849884033203,154.82332644886358,152.7429574569543,152.8342073289475,5126300
2021-11-15,154.0660400390625,155.4438242602033,153.76493211203604,154.84160840615036,3856700
2021-11-16,156.78512573242188,158.76512591941906,154.4310204704694,154.4310204704694,4401000
2021-11-17,156.70301818847656,157.61546149333435,155.3434726520377,156.57527668270768,3940200
2021-11-18,156.34715270996094,158.27240847823592,155.4438289019074,157.24134317515473,4044200
2021-11-19,159.5680694580078,161.68493041810774,155.59893601400046,157.07708952591412,6145600
2021-11-22,158.9840850830078,162.186755237524,158.97495174175657,159.65928404233685,5906400
2021-11-23,157.07705688476562,158.2449828109724,155.48941497530262,157.89826393845104,5302100
2021-11-24,156.96759033203125,157.3325620144366,152.98933773359298,153.73754778213438,4637600
2021-11-26,153.3087158203125,154.82336100492378,152.8707330443195,153.3452074235892,4751100
2021-11-29,154.99676513671875,156.16469164447605,154.4128018828401,154.96027352456855,5448700
2021-11-30,154.42189025878906,156.52963179691872,152.8616062801806,154.01127968567548,11033700
2021-12-01,152.10427856445312,158.19027303407898,152.0860258020861,155.9274177978106,6618200
2021-12-02,155.11534118652344,155.61718772197662,152.37801163617303,152.6334946137168,4398900
2021-12-03,155.61349487304688,157.28626843605014,152.43247599202445,155.96083692839096,4878500
2021-12-06,154.3977813720703,156.50017531346631,153.62080514988003,156.15281926856224,5636900
2021-12-07,156.5732879638672,158.4563108648404,155.75975456328894,156.40875970091486,5898700
2021-12-08,155.62265014648438,157.03033200490307,155.24787272230097,156.50931188282004,5614400
2021-12-09,153.65736389160156,156.46359155855103,153.55681419975514,154.74511098801244,5171600
2021-12-10,154.534912109375,155.61353759790305,152.95355199127738,154.0230277207055,4791100
2021-12-13,152.5056610107422,154.83657631596756,151.06140766063317,154.30640630533478,5972300
2021-12-14,151.18936157226562,152.72502866076016,150.10161423817763,152.00289509394682,4872200
2021-12-15,149.81822204589844,151.43615311965567,147.9169413763397,150.8237190855898,7144600
2021-12-16,148.7396240234375,151.6829731343608,148.56594597841357,148.72133845348677,7138100
2021-12-17,147.4964599609375,148.86758470749513,146.75605482944474,147.74326632070247,7705100
2021-12-20,143.49278259277344,145.88769015745024,142.11252192655607,145.65001958931248,8411900
2021-12-21,152.31369018554688,156.4819074035381,150.5586520910139,152.3685329466568,13862900
2021-12-22,151.2259521484375,154.4800866533927,149.9919340427943,152.8713049733601,5811300
2021-12-23,151.43617248535156,152.79816156823193,151.22593724027732,151.96634245155056,3876900
2021-12-27,153.1820526123047,153.2826023145254,151.262472460019,152.21312672606967,3769300
2021-12-28,152.12168884277344,153.7944623807397,152.01200334775908,153.3831278266364,2658600
2021-12-29,154.2789306640625,155.21129924781766,152.28623637974263,152.71585651403177,3830900
2021-12-30,153.09976196289062,155.50379069414106,152.83467009030988,153.84930274688605,2666800
2021-12-31,152.35023498535156,153.31002507011826,151.92976455250636,153.16376842051915,2752000
2022-01-03,150.5220489501953,153.48368295070455,149.27889548739142,153.13632694045347,5670500
2022-01-04,152.09429931640625,152.8164188894562,150.82372425784317,151.62812191718177,6064200
2022-01-05,148.3099822998047,152.66101281478777,148.17287541454937,152.18569964736855,5021000
2022-01-06,147.20396423339844,149.16925164018576,145.39408325717983,148.16375446017327,4144600
2022-01-07,143.483642578125,147.29536788978584,143.38309286712087,146.95716156540962,5108000
2022-01-10,137.51467895507812,138.3282124458489,135.99729749433178,137.58780728487585,10439000
2022-01-11,137.38670349121094,137.88030226687846,134.9186817172687,137.551231767166,8175400
2022-01-12,139.13262939453125,140.2752335537315,137.7889257874874,139.05950105460587,6351200
2022-01-13,136.7377166748047,140.40319961229136,136.2166964498054,140.03755792581413,4990900
2022-01-14,135.44883728027344,136.0521355192539,134.23311893963407,135.64080088278624,6030500
2022-01-18,134.32452392578125,136.0430048111594,133.7303754227998,135.3391568392839,6931000
2022-01-19,132.64260864257812,136.28980549245355,132.5603445051935,135.06492345091755,4823800
2022-01-20,130.46707153320312,134.71756614016158,130.25683633432837,132.9625283348667,5366500
2022-01-21,130.66818237304688,133.7852092350663,130.5767824275184,131.9204857622235,7553400
2022-01-24,133.4561309814453,133.7394945073605,127.56943365719093,128.71203751833343,9733200
2022-01-25,132.98081970214844,135.24775607496701,130.26599148902994,132.51464229250888,8195400
2022-01-26,131.61888122558594,136.17101290946178,130.46712714989943,135.08325137033856,7444600
2022-01-27,132.21299743652344,134.69016911949794,131.24407144725035,132.53293214519428,6396400
2022-01-28,133.37387084960938,133.48355636027122,128.52922754355723,131.73765426062914,6130200
2022-01-31,135.34829711914062,135.448832874565,132.743154593245,133.7029446789856,6932200
2022-02-01,135.4854278564453,136.81998166381894,134.18743124404173,136.65545336474725,6695000
2022-02-02,135.93331909179688,136.61888149322294,134.85469366069572,135.60424858120024,5491700
2022-02-03,132.82540893554688,135.7047789804827,132.51462403859784,134.7358392081933,5240200
2022-02-04,132.89854431152344,133.89489156524567,131.29889885088988,132.88025874373176,4313400
2022-02-07,132.67001342773438,133.56581091208383,131.82905869478176,132.81627006332627,3877500
2022-02-08,131.19833374023438,132.99907839167068,130.07401553962688,132.30438032299773,5829400
2022-02-09,133.69381713867188,134.69931433803058,133.15451134438135,133.55671022412483,4551000
2022-02-10,132.37750244140625,134.86379528841437,131.49084084447426,131.59139052910982,5142600
2022-02-11,128.1361541748047,132.5968838845295,127.5694271518742,132.32265618227913,6710500
2022-02-14,129.42498779296875,130.90581149914988,127.7796358682105,128.04472770631463,6841200
2022-02-15,133.07225036621094,133.74867703896905,131.71941096849918,131.82909650275016,7820200
2022-02-16,133.90403747558594,134.32450788810226,132.18555679538582,132.56033421143817,4817500
2022-02-17,130.5310516357422,134.2879332213699,130.38479501225223,133.03563006096113,5202300
2022-02-18,130.66818237304688,131.57312970493047,129.62612814896963,131.05209561899093,5177400
2022-02-22,126.31714630126953,129.4707302187083,124.46155871703334,129.42502327397415,9604500
2022-02-23,125.07401275634766,128.85831685298504,124.78149942143679,127.66087002727613,7636600
2022-02-24,125.38481140136719,125.61333223878627,119.680926278177,121.57308550695343,8417200
2022-02-25,126.87477111816406,127.25868444945638,124.48901302900076,126.262336950545,5424500
2022-02-28,124.81803131103516,126.49080480604017,123.43775711115607,125.28420860067297,6613300
2022-03-01,120.86006164550781,125.00085673448993,119.88198608982574,124.9734353588914,6534000
2022-03-02,124.02278900146484,124.87289354204012,121.36281776602914,121.55476740732591,7743900
2022-03-03,122.45972442626953,125.04658149276958,121.98439726850424,124.99173873375865,4576500
2022-03-04,120.18303680419922,122.41849129109372,119.74327962010436,121.40154319187954,7084500
2022-03-07,114.00807189941406,120.0456222173745,113.76070235663083,120.01813826591297,11383400
2022-03-08,111.04883575439453,114.95171737400366,110.67321012580943,114.74099544346988,9089400
2022-03-09,116.30762481689453,118.78127774806352,116.014451084387,116.70157767524651,8845100
2022-03-10,115.46476745605469,115.98698345899345,113.60494567348007,113.6232659762963,7167400
2022-03-11,112.34979248046875,117.15052266834364,112.23985668321984,116.36261683559371,5882000
2022-03-14,107.71398162841797,112.18488352401893,106.96272337977571,111.34200977965236,13884900
2022-03-15,109.39057159423828,110.32506082692942,107.87889146240731,109.79368117019611,10431300
2022-03-16,114.69517517089844,115.5380487956791,111.70846290329976,112.55133652808043,11100400
2022-03-17,116.72908782958984,116.72908782958984,113.33009491613024,114.46614943273306,6845300
2022-03-18,120.23802947998047,120.43958778654357,116.07861422232023,116.21604097586916,10350900
2022-03-21,119.27605438232422,121.21832835226076,117.83766222107938,118.84545379772422,14388500
2022-03-22,121.93292999267578,127.3474921883115,121.84132147959866,125.77168037523684,19731200
2022-03-23,121.8504867553711,124.04928693955561,120.20137962741738,121.52066532978036,8068800
2022-03-24,121.00759887695312,122.94071595711596,120.20136571225841,122.53759937476859,5853800
2022-03-25,122.4917984008789,122.64754546082108,120.66863095007378,121.89629411406288,6287000
2022-03-28,123.50872802734375,123.55453926858651,121.09004267378366,122.5467478797581,5804100
2022-03-29,127.47574615478516,128.0346097691343,125.46933393311144,126.29389436949128,7275900
2022-03-30,126.92601013183594,128.1353595697405,126.02816868769874,127.32912661113745,5545800
2022-03-31,123.27969360351562,127.08180319326287,123.22472570239646,126.27557003117113,7206500
2022-04-01,122.326904296875,123.93935690855568,121.62145016317602,123.1789348646313,5807500
2022-04-04,123.07813262939453,123.87520911712993,121.72220650604676,121.8962808422146,5307300
2022-04-05,121.20917510986328,123.38964806862094,120.9526488794212,122.80330040194889,5707800
2022-04-06,117.59945678710938,119.37682693505438,115.7396347819001,119.14778467845589,6961000
2022-04-07,118.533935546875,119.08362849349338,116.43590095867549,116.74740201620261,5320500
2022-04-08,117.40704345703125,119.03782304335867,117.1596809200392,118.58890921206145,4877400
2022-04-11,114.50281524658203,116.2343742569544,113.8981402957521,114.6127510632308,6365400
2022-04-12,114.55777740478516,117.36125941547282,113.9164548839911,114.70436081623104,5146800
2022-04-13,116.8023910522461,117.14137611947356,114.55777965982001,114.55777965982001,5119300
2022-04-14,122.27191162109375,123.11478535963644,118.08501289829783,118.25908723184125,12811300
2022-04-18,120.5953369140625,122.20778941459791,119.3859870539382,120.93431499017446,5298200
2022-04-19,125.56095886230469,125.95490480519148,121.64891348574344,121.93292362682534,7346100
2022-04-20,124.4798583984375,127.02680670807888,124.28747076663946,126.39466193825795,5309700
2022-04-21,124.104248046875,127.47574296205345,123.7560993838146,126.9352066543963,6562400
2022-04-22,118.24993133544922,123.61866788249503,117.9201099591487,123.0689749084132,7321700
2022-04-25,117.21465301513672,118.1308219285211,114.3836874380757,117.08638992644804,6512500
2022-04-26,110.41667175292969,116.89398553770093,110.38003114829769,116.307638006194,7977900
2022-04-27,111.07632446289062,113.60495278855822,110.93889771881251,110.93889771881251,6007800
2022-04-28,116.3992691040039,117.24214286921452,112.32231304021403,112.84452906755261,6551600
2022-04-29,114.24626159667969,117.6818950487428,113.83398837835777,115.63884227021187,5867900
2022-05-02,115.51057434082031,115.60218983107396,112.50554152569188,113.99889428728657,5428400
2022-05-03,112.5605239868164,115.21741548684781,110.14183838411857,114.53944539365337,8201200
2022-05-04,115.49224090576172,115.6205039832572,110.01355519613088,112.26732968759723,6924000
2022-05-05,108.68511199951172,114.29206807596415,106.75199509852072,113.70572055043088,8411600
2022-05-06,104.89217376708984,106.18397525104298,101.38325224710252,104.20504710281193,11237500
2022-05-09,101.88715362548828,104.83721892311354,101.31912632929844,103.49961302222916,7506000
2022-05-10,100.31134033203125,103.93021202105437,99.26690824705106,103.55457938163826,7526900
2022-05-11,98.8729476928711,101.83217636574362,98.57061027317116,101.41989615983984,6611800
2022-05-12,98.85462951660156,100.66864009419534,96.19773820627493,96.36264889422111,10245400
2022-05-13,103.53626251220703,103.62787801589441,99.56008534587816,101.01679771682245,9618800
2022-05-16,103.16061401367188,103.93019950402136,102.20779754409403,103.50876265994509,5722500
2022-05-17,106.18396759033203,107.28336737793423,103.591208153291,105.81749866452684,6026100
2022-05-18,100.20140838623047,103.85692082444564,99.66086502890406,103.06901490686133,8188300
2022-05-19,97.51702117919922,99.96319049540901,97.37043079824485,99.81660011445464,7702000
2022-05-20,98.94625854492188,100.49458649407865,96.26188291776796,99.56009013796897,7621900
2022-05-23,99.52342987060547,99.63337266021887,96.9489973747004,98.46067753026658,7136400
2022-05-24,98.29578399658203,98.93709957338824,95.9503933273301,98.13087327828678,6023400
2022-05-25,99.12947082519531,99.76162959427008,94.78683225587267,94.78683225587267,7158800
2022-05-26,103.47212982177734,103.98518222863161,100.7785907061628,100.7785907061628,6520300
2022-05-27,106.26644134521484,106.28476863968226,104.45243062257107,104.64482527558997,5043000
2022-05-31,108.88666534423828,109.74786629143439,104.85552104626981,107.64983880697196,13774600
2022-06-01,108.73094177246094,110.62741140262767,107.75064118082528,109.78453756473469,5543100
2022-06-02,113.06442260742188,113.22016966394695,109.26231975984307,109.49136201584402,5838100
2022-06-03,111.08516693115234,112.54548822576675,110.21265289855812,110.40552420027478,5201500
2022-06-06,110.42391204833984,112.17812670391997,109.68915812536564,111.5903263683937,3963400
2022-06-07,111.74644470214844,112.02197913905358,108.79825705864336,108.9819490189574,5373600
2022-06-08,112.41690063476562,113.72108193435592,110.6259409279949,111.03924255592568,4365800
2022-06-09,108.92684173583984,112.07708714227034,108.91765538572,111.45254846962975,3892600
2022-06-10,105.37250518798828,107.54001469163445,104.94083775472915,107.54001469163445,6292600
2022-06-13,101.43238830566406,102.88351635565228,100.33025748715018,101.38646356055138,6423100
2022-06-14,101.6895523071289,102.76412409802916,101.03746155349373,101.36810010563727,4548400
2022-06-15,104.18771362304688,105.36331432284513,102.13959174249034,103.01211292324862,4828700
2022-06-16,98.38316345214844,100.93642210867945,97.09734777419656,100.57823154936074,7384800
2022-06-17,98.58522033691406,99.69653748397486,97.21674844654007,97.49228289752132,10256800
2022-06-21,99.81593322753906,100.86295294263898,99.22813293159288,99.61387556197026,6211400
2022-06-22,96.36260223388672,98.1811142357524,96.07788843333799,96.80345596398917,9884000
2022-06-23,99.19140625,99.28324874324932,95.89421379455814,96.44527576118708,8898400
2022-06-24,103.70093536376953,103.72848740851276,100.67008431362986,100.96398446944508,10463700
2022-06-27,101.48748779296875,103.97645610975043,100.88131481919825,103.08556934915971,12644700
2022-06-28,94.39714050292969,104.74794989591838,94.12161306207155,99.37507721003355,31296500
2022-06-29,94.82881164550781,96.99632790083287,93.24909569598626,94.59001558154627,10326600
2022-06-30,93.86446380615234,94.94822211577845,92.5602820966238,93.62567470923035,9027400
2022-07-01,92.92764282226562,94.13998182005321,91.41221732324806,93.3501238510412,7934300
2022-07-05,95.81153869628906,95.8666427839396,91.9449120535236,92.25717789305293,9948800
2022-07-06,95.72888946533203,97.09736146197892,95.01250123857388,96.33505549457945,6432900
2022-07-07,99.31078338623047,99.44855060552717,96.68404789826546,97.0330591214347,7633900
2022-07-08,99.1270980834961,99.75163673593167,97.82291669395266,97.88720712844757,5938600
2022-07-11,96.537109375,98.35561439832361,96.31668601004948,97.90558131780266,4935200
2022-07-12,95.29722595214844,97.22594631613546,94.73697764067194,96.4452746220375,6017400
2022-07-13,96.537109375,97.24430421581864,93.276648611047,93.6256598632788,5299400
2022-07-14,94.8012466430664,95.33394278711776,93.5429830629033,94.70021782239697,6951300
2022-07-15,96.16053771972656,97.00550672500131,95.4533429403776,96.21564881152324,7862000
2022-07-18,95.4625244140625,97.97904458743878,95.2237283808259,97.52901156902215,6834800
2022-07-19,100.28433990478516,100.6425304943966,96.83100787949466,96.9871408017084,8973900
2022-07-20,102.04773712158203,102.52532222143128,99.99043614147959,100.31188832475621,5884600
2022-07-21,102.51615142822266,102.5620691684448,101.09256834581606,101.36810281567948,4291400
2022-07-22,100.22004699707031,102.80085785021832,99.88022210962403,102.80085785021832,6039300
2022-07-25,100.36700439453125,100.67009092086404,98.89750351900801,100.67009092086404,5079500
2022-07-26,96.61975860595703,99.12709960398149,96.04114468662766,98.7138049483365,8459500
2022-07-27,99.06282043457031,99.54040558001043,97.12491379265221,97.6300579911172,7437000
2022-07-28,103.07638549804688,103.23251840611104,99.21893848754299,100.50475415771095,6773500
2022-07-29,105.54700469970703,105.81335284173437,102.4059451055362,103.56318016917454,7560000
2022-08-01,104.9775619506836,106.12561049779461,104.01319836825745,104.70202749652405,4802900
2022-08-02,102.65390014648438,104.49996407047057,102.56205766920482,104.30709276604394,6334400
2022-08-03,104.95919036865234,105.71230994329906,103.39784713079256,104.16933239925062,5986500
2022-08-04,105.14288330078125,105.94192062080553,104.54589664305264,105.28982987400832,4332000
2022-08-05,104.5826416015625,104.97757061464809,103.38866821117364,103.59072589328248,4162200
2022-08-08,104.70203399658203,106.15316913193071,104.06830891695184,104.70203399658203,6071600
2022-08-09,101.12931060791016,102.63554988457172,99.94452355362156,102.24062086647551,7377600
2022-08-10,103.91217041015625,104.54589545577782,102.73656980916087,104.0040128932717,6951800
2022-08-11,104.79387664794922,107.22774112414216,104.45405874094298,105.51025786579584,5582100
2022-08-12,106.60320281982422,106.65830691152992,104.49079054742472,105.06022518787023,4407900
2022-08-15,106.83280944824219,107.0716055172666,105.48270318352348,106.03376510600617,4279000
2022-08-16,108.43089294433594,108.8074562520804,106.36440544501447,106.48380698509571,6189800
2022-08-17,107.49408721923828,108.35742200762186,106.91547324814246,107.24610479795967,5108400
2022-08-18,106.54808807373047,107.16344039335368,105.89599736093291,106.53890172365388,4750200
2022-08-19,103.9305419921875,106.21745273066435,103.81114045900377,106.07968550390815,5967600
2022-08-22,101.34053802490234,102.57124971157246,100.8813186058869,101.96507671504861,5802900
2022-08-23,101.6528091430664,103.62745401264408,101.55178031203229,101.79975571094106,4806700
2022-08-24,102.32325744628906,103.26006182356359,101.04662122524516,101.65279412187598,4769000
2022-08-25,103.98564910888672,104.095857287796,102.304904309196,102.77331009095771,5433700
2022-08-26,99.44854736328125,104.45404278699226,99.40262962976726,104.06829318411141,6203600
2022-08-29,99.0811767578125,99.68734973863533,97.75862963015446,98.09844750685932,4132400
2022-08-30,99.06282043457031,101.1017559161814,98.39235695361975,100.08228817537587,5129500
2022-08-31,97.76782989501953,99.20059951669217,97.18002948868896,99.15467476329958,8884800
2022-09-01,97.8045654296875,97.85967653357004,95.33396932794385,97.17084729567198,5590800
2022-09-02,97.39464569091797,99.61444385175547,96.75910756341553,98.97889869699567,7763800
2022-09-06,96.85124206542969,98.01180098248288,95.49725783341087,97.11835522245634,9158900
2022-09-07,99.9184341430664,99.99211496094127,96.71308315230986,96.78677099744444,7238300
2022-09-08,100.14868927001953,100.20395163244989,97.70783420530385,98.55522322310999,5628300
2022-09-09,102.2119140625,102.87509061549505,100.6737171854063,100.74739800342597,5171500
2022-09-12,103.51060485839844,104.41326318477931,102.58952808861547,102.58952808861547,4836900
2022-09-13,97.3762435913086,100.31448092771163,97.11834320327169,100.24999880344387,5955600
2022-09-14,98.55522155761719,98.88680978111323,96.85123081464282,97.75388217962535,4888700
2022-09-15,97.17361450195312,99.605256994608,96.55649465563933,97.77231590196676,6598900
2022-09-16,95.90254211425781,96.98020054406001,95.10120257485464,95.85648545222797,8000800
2022-09-19,98.74866485595703,98.89604054983158,95.17488860661747,95.50647689057536,5162300
2022-09-20,94.3366928100586,96.19727205173967,93.68272906543095,95.62620185362053,10006600
2022-09-21,91.91426086425781,95.45119263979159,91.89583539176051,94.56695969590814,6279300
2022-09-22,90.77215576171875,92.3011401734827,90.10897909068437,91.91428945779963,9638800
2022-09-23,89.36286163330078,89.84182547020556,87.81545243921836,89.27075536535996,9026500
2022-09-26,88.4786376953125,90.01684133611785,88.15626221152401,88.50626887574316,8521600
2022-09-27,88.69049072265625,90.02604934414565,87.50230074298052,89.40892954123723,9890300
2022-09-28,90.9103012084961,91.58269054095825,89.12341652606403,89.44579208521981,9423300
2022-09-29,87.80626678466797,90.36685956540234,87.02335278748262,90.36685956540234,19339200
2022-09-30,76.5599136352539,79.39682511605726,75.98884343357622,76.72570775656298,48176100
2022-10-03,78.65995788574219,79.64550975258993,75.73093346405088,76.5691096740109,19108200
2022-10-04,81.64424896240234,82.04031227706184,80.23500254871527,80.778434500761,15114800
2022-10-05,83.91010284423828,84.46274756995899,80.27185195825629,80.58501472616975,12732700
2022-10-06,83.05351257324219,85.32857391964734,82.72192428639109,83.34825693630319,9951900
2022-10-07,80.28107452392578,81.75479631536855,79.84816721047638,81.55215825143397,8554700
2022-10-10,79.84815979003906,80.85213025153806,78.3560126620376,80.83371180528285,7991200
2022-10-11,81.04554748535156,81.28502942636472,78.98233737462634,79.24945049589901,11903200
2022-10-12,81.5245132446289,81.86530717868817,80.41921681798793,81.05476208762502,8772900
2022-10-13,82.49163818359375,82.72190738980277,79.25866358804534,79.57182633540552,9335000
2022-10-14,80.64029693603516,83.70747811087075,80.58502753559645,83.36668410658906,7811700
2022-10-17,82.8692855834961,83.53246204197526,81.69951404499568,82.4640095194791,8451900
2022-10-18,82.6021728515625,85.57725419291657,82.11400324150875,85.29171558859063,7364700
2022-10-19,81.57977294921875,82.65743113260405,80.83370298029945,81.29424138625129,5102000
2022-10-20,79.97711181640625,83.43115031677468,79.77447376668981,82.40875435848487,13500000
2022-10-21,81.51528930664062,81.7731896625716,79.86656114293031,80.15209267595993,7976300
2022-10-24,81.06400299072266,81.82849169442152,79.43369247880757,80.8613648907322,8847100
2022-10-25,84.48118591308594,84.67461124519232,80.95345921846662,81.08240943987087,8639900
2022-10-26,85.09829711914062,86.903607061186,83.54167485654783,83.61536269759277,8648200
2022-10-27,83.39429473876953,86.10226279324398,83.09955044236308,85.54961108863083,8617900
2022-10-28,86.42463684082031,86.47068646393798,83.32060553055422,84.00220038711637,6022400
2022-10-31,85.36539459228516,86.47989663115216,85.36539459228516,85.66013887506604,6426400
2022-11-01,86.36936950683594,88.84706837804823,85.63251227412341,88.13784232531441,7250700
2022-11-02,83.17326354980469,86.98652211784587,83.07194450831844,85.77990635848971,7176600
2022-11-03,83.2653579711914,84.37986024124487,81.71794840879082,82.86929460024186,6550300
2022-11-04,88.2299575805664,90.47738747767642,86.53517242105058,86.99571087358892,12543300
2022-11-07,86.0654296875,89.22472380543759,85.35619652355484,88.7089159514977,9094500
2022-11-08,86.35094451904297,88.45099836538483,85.60487460712095,86.98648971942563,7017800
2022-11-09,84.83119201660156,86.48913346116132,84.70224179616469,85.35620563616882,6550900
2022-11-10,91.63793182373047,91.81293867010481,88.63522641838684,88.72733269590967,9361000
2022-11-11,97.71704864501953,98.74865734186349,92.2366436935732,92.39322508595525,12597500
2022-11-14,96.1512222290039,98.03943278702837,96.08674712360724,96.89729230963101,7134900
2022-11-15,98.28811645507812,100.68291502128507,97.20124541761955,99.46709377830251,7242900
2022-11-16,96.92494201660156,98.18681309006358,96.50124038544612,96.94336046578819,5998700
2022-11-17,97.04466247558594,97.0815063947543,94.79723259712966,95.8933163537963,5252900
2022-11-18,97.09992218017578,99.2184017971261,95.94857608993297,99.13550122445402,5498900
2022-11-21,95.63541412353516,97.15519238077388,95.42356334917093,96.35385296547301,4774800
2022-11-22,97.60652160644531,97.78152846865882,95.64462328407882,96.36306917920098,5313200
2022-11-23,98.23285675048828,98.5368138262838,96.92492918630431,97.63415533590117,3873100
2022-11-25,97.59730529785156,98.72102021507982,97.22887314064016,98.0486310011246,3426100
2022-11-28,96.67623138427734,97.91047809471081,96.39069979162699,96.94334453076861,6967400
2022-11-29,97.86442565917969,98.3894392380962,96.8236112384531,97.05388047529823,8494400
2022-11-30,101.03292083740234,101.03292083740234,97.12754997582519,98.62890972260561,16251000
2022-12-01,102.34085083007812,103.03165847746291,100.9039731722406,101.4013484943699,7822900
2022-12-02,103.66201782226562,104.1332107988546,100.09574809902489,100.38216310968714,5892000
2022-12-05,101.27835845947266,102.6734484166286,100.88107945970877,102.5718184132824,6220100
2022-12-06,99.71694946289062,102.11909822333209,98.62674256522821,101.30606531868608,7086100
2022-12-07,100.08651733398438,100.81640230573119,98.91315536147994,99.15337236392482,5751500
2022-12-08,102.8859634399414,103.00606843804798,100.20664008027886,100.3359860932641,6192800
2022-12-09,101.09355926513672,102.90440999554723,100.94573831205581,101.83268517702257,5677700
2022-12-12,103.54194641113281,103.63433542404292,101.36153187207087,101.7218539566012,6426000
2022-12-13,104.2625732421875,107.58862649566528,102.78432813495611,106.81255045767956,8655300
2022-12-14,102.9690933227539,105.43592224827847,101.84193641475547,105.04787722872197,7528500
2022-12-15,100.2528305053711,101.27836456545457,99.5321864737078,100.88108554173908,7500700
2022-12-16,97.88763427734375,99.42131843077505,97.12079924945682,98.73763138649818,14083600
2022-12-19,95.20831298828125,97.48111605329157,94.65396493193327,97.00068201096711,10620300
2022-12-20,95.35614013671875,95.53168416917461,93.94256800900045,95.16212112397592,17147900
2022-12-21,106.9696273803711,110.11090307695534,106.56310727586323,107.87505659982142,32777300
2022-12-22,107.828857421875,107.93048744691967,105.38050990286825,105.59301096855154,17147600
2022-12-23,107.40384674072266,108.25383678234972,106.96961070565726,107.27450073651107,6603700
2022-12-27,108.61415100097656,109.20544899171668,107.00656002920365,107.60709903353197,6661100
2022-12-28,106.23048400878906,109.24240594492015,106.2120019816215,108.63263297612374,5437800
2022-12-29,108.4201431274414,109.08535519745077,106.9880960228429,107.2467880392179,4588600
2022-12-30,108.10601043701172,108.32774542625924,106.96036438677172,107.69024940224087,4355500
2023-01-03,109.71360778808594,110.397294822946,108.50329571779622,109.52882979450061,8124800
2023-01-04,111.98641967773438,112.92880584547362,110.43426044454256,110.8315395056818,8550700
2023-01-05,111.44131469726562,113.03042382279773,110.94240563911772,111.12718363895227,6046700
2023-01-06,115.05377197265625,115.82061403756543,112.50379478211045,112.71629581833452,10080700
2023-01-09,115.34941864013672,116.97549173345489,115.07225165585774,115.48800565669045,9397900
2023-01-10,116.26407623291016,116.71679426906458,114.90594327093126,115.68201924920491,5899900
2023-01-11,118.20428466796875,118.49992662882353,116.42114959583411,116.70755759148169,6989200
2023-01-12,118.15809631347656,118.68472842416432,116.83691315143382,118.58309840794342,8366400
2023-01-13,119.0450439453125,119.39611790222246,117.02169179530871,117.02169179530871,4856500
2023-01-17,118.3890609741211,119.22981701870746,118.10265298254163,118.2597149747737,6172200
2023-01-18,116.80918884277344,118.80481791717044,116.41190982095515,118.07493992364303,6828800
2023-01-19,115.05377197265625,115.89452805441107,114.20378192541719,115.29398900299029,5273500
2023-01-20,116.98473358154297,117.00320856109522,114.60105943607725,115.1923574653485,5673200
2023-01-23,118.52765655517578,118.9526586648315,116.91083135030827,117.24343740640366,5581600
2023-01-24,117.17875671386719,118.26895676656213,111.28424414426065,117.16027468483543,5486200
2023-01-25,117.16951751708984,117.34506155147095,115.33095033431898,116.28257042818286,5933700
2023-01-26,117.82547760009766,119.17438366147431,116.42114660241776,118.68471566260453,5838800
2023-01-27,117.82547760009766,118.79557963286744,117.05863557791416,117.40048260015732,5730000
2023-01-30,116.75377655029297,117.85321775752506,116.60594849452717,116.87388155898044,6494600
2023-01-31,117.64070129394531,118.12112828586505,116.42114826187237,116.79994524705035,7686900
2023-02-01,119.64558410644531,120.31079620380731,116.61517970631094,118.16733891721258,6387900
2023-02-02,119.23906707763672,121.31785141050392,118.13038491963925,120.52329327936835,5214500
2023-02-03,117.8993911743164,119.57165517529229,116.81842517530418,117.14179016874867,4930200
2023-02-06,116.16244506835938,116.50428501370511,114.85973713411248,115.96841903867472,4666400
2023-02-07,115.79291534423828,116.34725645574827,113.87119291209596,114.52716404974625,5288900
2023-02-08,113.55706024169922,114.6565013655187,112.5315260913258,113.99128926270035,5877800
2023-02-09,112.88260650634766,115.50649084329993,112.25435141810387,115.22008281958686,5929000
2023-02-10,112.92880249023438,113.30759951002197,111.36740228838488,112.26359040308361,5195500
2023-02-13,115.62659454345703,116.15321957581635,113.14129036590117,113.47389639147848,5689800
2023-02-14,116.59669494628906,116.74452298616539,114.3238916994075,114.51791071512349,4845900
2023-02-15,117.779296875,117.79777185537499,115.39562262338409,115.39562262338409,5687900
2023-02-16,114.91519165039062,117.52984199584776,114.66574064003466,115.88529379374735,4722200
2023-02-17,115.3401870727539,115.38638509833174,114.04672694252311,114.29617795368789,5161500
2023-02-21,111.88478088378906,114.56410408258293,111.77391690721753,113.89889202783922,5110300
2023-02-22,110.7761001586914,112.16195627314836,110.53588312518016,111.88478223072549,5022000
2023-02-23,110.83153533935547,111.5706614412159,109.52883421964185,111.5706614412159,4101900
2023-02-24,109.05762481689453,109.70435477252202,108.41088781243919,108.99295182133179,4693000
2023-02-27,109.51036071777344,110.70219794919618,109.31634168691338,110.18481386690269,4239800
2023-02-28,109.75057983398438,111.23806614728784,108.88210763771713,109.70438180484393,8414100
2023-03-01,109.55654907226562,110.67447217926889,108.8636210023094,108.97448498225194,4120500
2023-03-02,110.48046112060547,110.83154216375091,108.60493680402412,108.60493680402412,4443200
2023-03-03,112.05558013916016,112.148232585038,110.27662066123425,111.30507906901398,3871800
2023-03-06,111.34212493896484,113.02842465185245,111.14755271081559,112.23160101147316,5183800
2023-03-07,110.80473327636719,112.12968358368586,110.4711859274434,111.36992231389716,5345700
2023-03-08,111.0549087524414,111.22168597057019,110.00792275853341,110.50824734399175,4175200
2023-03-09,109.2110824584961,112.9079686513828,108.91459045676706,111.2587314499571,5635900
2023-03-10,108.85899353027344,110.24880111614763,108.07143731206344,110.10055864949639,5979600
2023-03-13,108.2752914428711,109.60024180225511,107.28389551444585,107.31169053887109,6038200
2023-03-14,110.25809478759766,110.71209672801128,108.61812455528718,110.25809478759766,6050800
2023-03-15,109.48905181884766,109.91525867656837,107.30242041389602,107.77495702375217,6599200
2023-03-16,111.78687286376953,111.93511534981678,108.04365642778218,108.27529105573491,5658700
2023-03-17,111.54596710205078,112.78753234176503,109.95231978455993,112.26866598581346,12868900
2023-03-20,112.29645538330078,113.66773537607178,111.00856752543946,112.1018831604146,7594100
2023-03-21,116.38249969482422,116.79943918560511,113.93643865934027,114.42750292548193,15078800
2023-03-22,110.72135162353516,116.05821540494007,110.56384177383515,114.57575520702976,17625500
2023-03-23,112.0833511352539,114.21438520926284,110.69354353827666,111.62008193626149,7628100
2023-03-24,111.84245300292969,112.11114999581903,110.55456515113652,111.39771851526453,6158800
2023-03-27,109.15548706054688,112.1760042354299,108.97018220740703,112.12967448768143,6564200
2023-03-28,109.2110824584961,109.73920905747991,108.26600934309754,109.28520015723316,4461400
2023-03-29,111.63861846923828,111.71274324351252,109.78554152594775,109.92452371048006,5644000
2023-03-30,111.27725219726562,112.51881723729399,110.5730810860395,112.13893312830143,4578900
2023-03-31,113.63067626953125,113.6955336790316,111.74053696118581,112.03702898589133,5659400
2023-04-03,112.73193359375,113.82524926766799,111.94437731051282,113.50096221797357,4838400
2023-04-04,114.60354614257812,114.84444105625641,112.44470980102287,112.46323746017981,5895300
2023-04-05,112.01850891113281,114.26999780611949,111.70348213728285,113.96423839680487,4331400
2023-04-06,111.3884506225586,111.63861288706605,109.19255200974509,110.73060918885527,4256900
2023-04-10,112.95430755615234,112.95430755615234,110.37852468794954,110.53604159923789,3731200
2023-04-11,114.24217987060547,114.96487864301247,113.07473958575677,113.07473958575677,4471000
2023-04-12,114.57575988769531,115.68760331431727,114.16808066576748,115.5949508735868,4524900
2023-04-13,117.14225769042969,117.36462494135891,115.31697579460564,115.48375300003441,5355300
2023-04-14,116.69751739501953,118.12438748618715,116.27131054736077,117.67038561547439,4828700
2023-04-17,116.91989135742188,117.18858836099594,115.93775577599624,116.77164180968687,3917900
2023-04-18,116.93843078613281,117.92982676237904,115.83584763789449,117.88350407574517,3857700
2023-04-19,116.4380874633789,116.81797162797336,115.74318361305711,116.74384685406311,3547400
2023-04-20,115.3077163696289,116.14160245418573,114.62207984185017,115.63201050784897,3891600
2023-04-21,116.30836486816406,116.44734704272281,114.53868019015877,115.26137901515187,3651400
2023-04-24,117.7537841796875,117.79084657098282,115.9563041498983,116.28985860262792,3790900
2023-04-25,115.50228881835938,117.45727848250043,114.93709978734367,117.23491122947168,4383300
2023-04-26,114.7425308227539,115.79879127486014,114.23293886079433,115.08535263161731,4003200
2023-04-27,116.46587371826172,116.75310542830795,114.093937683124,115.29844042723879,4252100
2023-04-28,117.41095733642578,117.73524439069494,115.78024763205109,115.9562922053376,4421400
2023-05-01,118.5228042602539,119.22696843678571,117.54067570371947,117.59626575214887,4112600
2023-05-02,117.91128540039062,118.20777742232274,115.97481635954696,117.80936560513952,3831600
2023-05-03,117.42948913574219,118.94901880018367,114.58501618413621,116.27131599471487,4560100
2023-05-04,114.58501434326172,115.9933568187247,113.79745803380126,115.76172219424058,6177100
2023-05-05,117.29048919677734,117.69816834278635,116.0211361504022,116.6789775466906,4887800
2023-05-08,117.55919647216797,118.30969742660919,116.72531751889814,117.91128560872203,3892600
2023-05-09,115.90995025634766,116.42881655750469,115.04826927772149,116.06746008485655,4082100
2023-05-10,114.436767578125,117.17005321720882,113.19520236149714,117.01254337499503,5052600
2023-05-11,113.24153900146484,114.76106160816069,112.94504695793707,114.38117742202277,5923100
2023-05-12,111.37919616699219,112.29646733506037,110.28588041565499,112.10189509146578,6574200
2023-05-15,111.02710723876953,111.17534971903798,109.34080749576637,111.01783987471289,5518200
2023-05-16,107.92321014404297,109.183296030446,107.58965571063608,108.86827632607722,8306400
2023-05-17,108.38646697998047,108.52544208719513,106.78355241047576,107.8305382754133,7765400
2023-05-18,110.13762664794922,110.3970562795092,108.2660150449625,108.80340903543808,5970500
2023-05-19,106.32955932617188,107.00592846676386,104.79150203629494,106.14424738640662,11674300
2023-05-22,102.08601379394531,104.55986993071967,101.93776423856379,104.55986993071967,12710300
2023-05-23,100.78885650634766,102.90136314708992,100.24220218656248,101.70612763847464,11790400
2023-05-24,100.33485412597656,101.0853480422828,99.32492349406527,100.99269560688772,8503200
2023-05-25,99.5843505859375,100.96489082601511,99.52875347493114,100.39043447179611,6729800
2023-05-26,99.61215209960938,100.48309344763676,99.13961550435435,99.13961550435435,7911200
2023-05-30,98.69487762451172,100.88150904370808,98.46324300018098,100.4367745235926,9335200
2023-05-31,97.5274429321289,98.37058927782438,97.12903110073303,97.93511505874893,21465200
2023-06-01,96.01717376708984,96.91591716408892,95.3408046801647,96.52677272485029,12025200
2023-06-02,100.19103240966797,100.78596839330756,98.65721019564239,100.05159273708449,11838200
2023-06-05,97.79269409179688,100.28399121739396,97.77410544488639,100.28399121739396,7434000
2023-06-06,98.71298217773438,99.23354934743136,97.7926846699112,98.06226612341736,7896300
2023-06-07,99.54961395263672,100.61864198383559,97.99720309536514,98.57355043108707,11123900
2023-06-08,98.72228240966797,99.94933877876205,98.22960170655999,99.61469348918772,9137600
2023-06-09,98.40623474121094,98.79666019148313,97.93214264176778,98.45271700099448,5795200
2023-06-12,99.30792999267578,99.32651864001913,97.23494475015923,98.80595140804581,7964600
2023-06-13,99.26143646240234,99.91215252066053,98.8059401861587,99.59608881414752,8460500
2023-06-14,104.91334533691406,105.41532391414768,99.91216239604033,99.91216239604033,17415500
2023-06-15,104.49503326416016,104.87616081225178,102.40345940787701,103.95587030130223,10374200
2023-06-16,105.5919418334961,106.6795656400473,105.09926112146519,105.97307647771416,14445500
2023-06-20,101.82711029052734,104.87615899110038,101.28794733703187,103.56544308519875,10602400
2023-06-21,102.23612976074219,102.58937078023081,101.05554858568416,101.44597399020257,8377800
2023-06-22,102.68231964111328,103.41669522682115,102.05019933266826,103.01697198630157,6002900
2023-06-23,101.80850219726562,102.5242891226454,99.74482223610516,100.16313411245764,14329200
2023-06-26,103.87220764160156,104.30911533197222,101.94795990373268,101.94795990373268,6887100
2023-06-27,105.61052703857422,106.14039208442237,104.51361256391715,104.60656997522113,7138600
2023-06-28,105.07137298583984,105.74067775119224,104.22545125177247,105.35954311284573,6766000
2023-06-29,105.38743591308594,106.22405977116179,104.68094676705643,105.60123726625771,12465500
2023-06-30,102.59867095947266,104.34629454204176,102.06880587221207,103.73276281353137,19629600
2023-07-03,101.42739868164062,103.46319970350594,101.42739868164062,103.24009336398836,5734200
2023-07-05,99.55889892578125,101.24145846017385,99.03833178171924,100.97187701994304,10405300
2023-07-06,97.69973754882812,98.62002806137271,96.37042587862084,97.87636161094548,9923500
2023-07-07,97.10479736328125,98.04368357460345,96.70507409249625,97.42086108753266,7463100
2023-07-10,98.33184814453125,98.82452880329495,96.90957919611655,97.12338762330245,5374600
2023-07-11,99.82848358154297,100.04229200385271,98.18311546695135,98.21100198025357,5454900
2023-07-12,100.17245483398438,101.40880210063379,99.67047621252344,100.88823483046562,8305000
2023-07-13,100.24681091308594,101.44598081523792,100.09808045515682,101.39020778003909,6692300
2023-07-14,100.34906005859375,100.99047829287541,99.64257801536361,100.33976928142758,6933600
2023-07-17,101.05554962158203,101.41808851409347,99.24285515902483,99.70764933836733,6682900
2023-07-18,101.99444580078125,102.57078610039108,100.68372268290015,100.93471553586323,5717200
2023-07-19,102.14315795898438,102.48710817680448,100.93469744668418,101.39949158807559,5027100
2023-07-20,99.9586410522461,102.27331421797591,99.91216588685039,101.85500226843084,6458000
2023-07-21,101.38090515136719,101.59471359658792,99.94004743618854,100.39554375072404,6631600
2023-07-24,101.111328125,102.76600145044293,100.86964024504489,102.63585964056043,6787600
2023-07-25,100.67440795898438,101.18567722921803,99.828479267001,100.65581222278949,7692800
2023-07-26,101.60401916503906,101.87359357107104,100.34906909930514,100.67443072653806,5148900
2023-07-27,100.0887680053711,102.46851881535122,99.83778229134053,102.09668208639847,6544600
2023-07-28,100.97189331054688,101.28794995837778,100.05159569956415,100.49780124660394,5988300
2023-07-31,102.61726379394531,103.04487361057087,101.37161873145301,101.70627112571593,6406000
2023-08-01,101.69696807861328,102.7474003730094,101.45527311901726,102.25471967659178,4566700
2023-08-02,99.9400405883789,100.87891966940916,99.88426046742363,100.65582046217578,6213200
2023-08-03,100.99048614501953,101.4087981003037,99.1406071610476,99.46596169206825,5084300
2023-08-04,101.14850616455078,102.5428886905234,100.61864108836905,101.0555487479252,5621400
2023-08-07,102.70091247558594,103.12852221741991,101.49244491964976,102.13386307849846,4887300
2023-08-08,101.96656036376953,102.15247521873911,99.7913196812005,101.91078023352097,5851900
2023-08-09,101.96656036376953,102.27331916524963,100.67443297279878,102.05951779125432,4328600
2023-08-10,101.3530044555664,104.06740040843104,100.87891246836618,102.54287626546896,7276500
2023-08-11,100.47920989990234,101.81781950734582,100.26540853283377,101.23218135018774,5104300
2023-08-14,100.0608901977539,100.67442191773637,99.5310251178583,100.3211738030084,5305200
2023-08-15,99.04762268066406,99.29860836683525,98.16450966090228,98.60141723701038,6197600
2023-08-16,99.02904510498047,100.74878212213218,98.60143531800519,98.60143531800519,5953100
2023-08-17,97.65325927734375,100.23751376281598,97.40226645051224,99.86567700333735,5692800
2023-08-18,97.4301528930664,97.65325920390357,96.45408937888988,96.51916027983498,5836100
2023-08-21,95.6174545288086,98.05297846425614,95.40364609605949,98.04368059530287,6697600
2023-08-22,94.31602478027344,95.1619535080491,93.6374293165504,93.85123064647028,9814700
2023-08-23,91.79685974121094,92.20588093006724,89.75176798132354,90.15149129983392,20909100
2023-08-24,90.75569915771484,92.20586166420392,90.69062826328361,91.75035831098972,10310000
2023-08-25,91.88050079345703,92.11289785992231,90.9230260143714,91.56444418731816,7290600
2023-08-28,92.61488342285156,93.01460669127992,91.90840139341235,92.57769903832379,6006600
2023-08-29,94.60420989990234,94.9667559066727,92.69855790394831,92.9867280431743,8641600
2023-08-30,94.91097259521484,95.5709794968417,94.36251885286727,94.48336278960575,4822100
2023-08-31,94.54843139648438,95.64534594673506,94.45547397877425,95.3943602096981,7046200
2023-09-01,95.47180938720703,96.03143169682346,94.68833246095703,95.10805453015716,6359400
2023-09-05,93.569091796875,95.09872949527653,93.48515164907708,94.66968546923552,6698700
2023-09-06,93.43851470947266,93.55976396320277,92.36590107237527,93.0467797826669,6096000
2023-09-07,91.33992004394531,92.11406791128537,91.069434387309,91.64771480315045,9927100
2023-09-08,91.09741973876953,91.52646376931379,90.73366486252583,91.49848371975415,6435000
2023-09-11,90.27664184570312,91.75964141770442,90.0807743804945,91.71301037321714,7584700
2023-09-12,89.81961059570312,90.63106044170101,89.70768328909006,90.46317303977324,6307700
2023-09-13,89.66104888916016,90.65904428799608,89.22268293085453,89.81961435916851,7140700
2023-09-14,90.64972686767578,91.10675095863854,89.44653489613421,90.21135377153456,7075300
2023-09-15,89.78230285644531,91.54511704545565,89.66104649344452,91.54511704545565,10467300
2023-09-18,89.08277130126953,89.88489920386999,88.86824574388325,89.53979534754723,6946300
2023-09-19,88.25267028808594,89.0641201929758,88.05680282428548,88.64440521568686,9386600
2023-09-20,87.71170043945312,88.98018156420112,87.51583297230614,87.64641128373746,10274200
2023-09-21,85.42656707763672,87.19871048071445,85.3239759307703,87.1334213239898,7958600
2023-09-22,84.73636627197266,86.11677473254734,84.45655865043999,85.41724500473912,9289400
2023-09-25,84.50318145751953,84.7363580107224,83.74769170225704,83.94355915302941,8291700
2023-09-26,84.10211944580078,84.59645261146237,83.73836458367306,83.94356109379308,8060500
2023-09-27,83.40259552001953,84.59645844377087,83.20672805121511,84.46588013123458,7631000
2023-09-28,83.59846496582031,83.73837233712763,82.6937458121333,83.10413175438771,16315600
2023-09-29,89.18537902832031,92.77629686256205,88.25267272768691,92.68302765569558,34935400
2023-10-02,88.19668579101562,89.89421059398204,87.42254514272695,89.72632321276633,12776300
2023-10-03,88.6910171508789,89.58642124388156,87.84225832394662,87.97283660501313,10964300
2023-10-04,89.43721771240234,89.78232164827551,88.71903690270277,89.14808100039131,8045400
2023-10-05,89.34394073486328,89.75433379961397,88.86825851126449,89.34394073486328,7430000
2023-10-06,90.5750961303711,91.13471840542029,88.66304564830442,89.34392427886954,8532900
2023-10-09,90.36058807373047,90.60309371572338,89.4651908371236,90.26731886249772,5964200
2023-10-10,91.05078887939453,92.20734266477058,90.68703400241348,90.70568499682969,8499000
2023-10-11,92.011474609375,92.29128221972223,91.41454316811998,91.69435077846722,7642900
2023-10-12,92.57109832763672,93.31726619833375,91.89021961192684,92.84158400286479,10705200
2023-10-13,93.18667602539062,94.06341497846608,92.7576249289697,92.88820322232101,8774700
2023-10-16,95.17334747314453,95.6770097066626,92.89754192524452,93.009469238021,10845400
2023-10-17,96.07807922363281,96.61904347662502,95.10806380491123,95.10806380491123,9253800
2023-10-18,96.78691864013672,96.90817499961098,96.00344885268863,96.04075795437429,8757300
2023-10-19,96.11537170410156,97.32788543077578,95.92882620431715,96.78691415537581,8391100
2023-10-20,95.76094055175781,96.78691591326508,95.6676713581632,96.3672009840977,7823500
2023-10-23,95.89154052734375,96.777615856795,94.92152503947324,95.25729990512015,5966100
2023-10-24,98.10205078125,98.54042388913065,96.68434030936581,96.68434030936581,9252200
2023-10-25,96.5724105834961,97.97147002520333,96.52577242237881,97.43049866657364,7054700
2023-10-26,93.2892837524414,95.72364783667587,93.22399459415094,95.30393283566353,11222600
2023-10-27,91.38655853271484,93.58773866439284,91.22799306722607,93.0654254585015,9602700
2023-10-30,94.94950103759766,95.18267760486486,92.33792063781137,92.33792063781137,8206700
2023-10-31,95.85420989990234,96.00344630268098,94.57640700203106,94.57640700203106,6558500
2023-11-01,94.0914077758789,95.76095288539142,93.2426487540729,95.64903268505635,7272400
2023-11-02,98.0087890625,98.44716220388109,95.03345340451901,95.1826898424296,8135100
2023-11-03,99.85552978515625,100.40583017813317,98.91350158732257,99.26792740389507,7568000
2023-11-06,100.03275299072266,100.35919878008289,99.21197398947628,99.76226730354288,5231900
2023-11-07,102.00077056884766,102.00077056884766,100.01410853569476,100.09804869445469,7745800
2023-11-08,102.02873992919922,103.25058288522264,101.57171584210397,102.01008893453552,8639700
2023-11-09,99.79956817626953,102.5044177089166,99.72494996886235,102.42979950150942,9154200
2023-11-10,98.9694595336914,100.57371540242308,98.5031064144547,100.11668422206272,8897700
2023-11-13,97.18798065185547,98.6056980237288,97.16932965937603,98.27925228546303,7055600
2023-11-14,98.63368225097656,99.89283421821781,98.2885783896209,98.45646579298531,9674800
2023-11-15,100.56439208984375,101.72094589911514,99.53841659213603,99.63168579811231,11140800
2023-11-16,100.36853790283203,100.73229283545903,99.7995864203159,99.89285563863316,5386800
2023-11-17,98.82955932617188,100.92814851459394,98.41916627443211,100.78824114550225,6352600
2023-11-20,99.16532897949219,99.37985454967819,98.0274262071665,98.86686326183168,6197400
2023-11-21,99.37983703613281,99.51973725726927,98.26058545516176,99.02540416663307,5803500
2023-11-22,100.65765380859375,100.76025206233138,99.63167838720125,100.26591890304123,6280300
2023-11-24,100.39649963378906,100.73227445123857,100.17265212748403,100.26592132877913,2443600
2023-11-27,100.6949691772461,100.9374748026237,99.70630279714509,100.4151615627189,5785000
2023-11-28,101.43179321289062,102.50440670224656,100.87217094939545,101.26390582224376,7287400
2023-11-29,102.94279479980469,104.60301084149302,102.73759827941907,103.34385878528995,9601800
2023-11-30,102.84951782226562,103.1573126008789,101.62767487902306,103.09202344626252,8690900
2023-12-01,106.19985961914062,106.26536858586434,102.70914917529865,103.25194183669038,8051800
2023-12-04,107.7627182006836,107.9218103807264,105.75064694150728,105.82551636974213,10086600
2023-12-05,108.00602722167969,108.59560783291906,107.24798684729673,107.30414248165819,6960000
2023-12-06,108.66111755371094,109.62503812772718,108.15575968054942,108.55817388658873,6317000
2023-12-07,107.44452667236328,108.55818621225308,106.79879748884727,106.79879748884727,7294500
2023-12-08,108.47396087646484,108.82957994210291,107.12633976046122,107.15441401038771,6122200
2023-12-11,111.000732421875,111.75876565517042,109.8964334803141,110.23333872621002,7972800
2023-12-12,111.96465301513672,112.29219779874347,110.97265820194458,112.00208772468332,7378400
2023-12-13,113.3965072631836,113.64918979108556,111.55288870159484,111.69326709043578,8182900
2023-12-14,113.2561264038086,114.72540494308494,112.13311359746103,113.6491873119774,9590500
2023-12-15,113.75213623046875,114.22941276820515,112.86307783950446,113.17190887446915,13633300
2023-12-18,113.3684310913086,114.02352070820437,113.10639524455027,113.62111361492649,6874800
2023-12-19,114.77220153808594,115.42729115990208,113.83635514123922,113.92993835293562,7697300
2023-12-20,113.63981628417969,115.47407417199047,113.23740209032718,113.35905953872329,9176600
2023-12-21,114.66925048828125,115.38985616587463,113.51816349255917,114.4540098292169,16533300
2023-12-22,101.10884857177734,103.69178670288765,100.55669546848716,101.31473592758243,46666200
2023-12-26,101.09012603759766,101.71714855847313,100.58477525949127,101.35216902987325,12846700
2023-12-27,100.25723266601562,101.6235676950168,99.99519678921295,101.38960607073696,10157900
2023-12-28,101.83879852294922,102.38159111421339,99.95774537870805,100.33208534302614,9352900
2023-12-29,101.60484313964844,102.90566906160124,101.15563372705904,101.96982266365296,7667500
2024-01-02,99.71441650390625,100.9310122926059,99.62082617098017,100.70641120145119,9326600
2024-01-03,97.3654556274414,100.58476937330512,97.32802091644984,98.9376777893817,10573700
2024-01-04,95.73709869384766,96.97241577389991,95.73709869384766,95.88683041933837,10420600
2024-01-05,95.53119659423828,97.02854931798444,95.36274396657052,95.88681563489644,8044500
2024-01-08,96.972412109375,97.03792107554078,95.20366288295692,95.53120771378586,9414200
2024-01-09,96.14884948730469,96.76651148933595,95.92424836835734,96.55126369288665,7759500
2024-01-10,97.11276245117188,97.16891808146438,95.80258341001776,96.10205392513016,6784700
2024-01-11,99.10613250732422,99.20907617973506,97.07534758783967,97.53391031225269,9537700
2024-01-12,98.32002258300781,99.49919107118264,98.00183822743611,99.19972050243334,6680900
2024-01-16,95.19429779052734,97.53391381117561,94.85739251235867,97.27187795925364,10547900
2024-01-17,94.35203552246094,94.81059826783145,93.80924288674966,94.56728334005042,8226200
2024-01-18,94.46432495117188,94.92288762512638,93.65013612440576,94.52047344269353,8852400
2024-01-19,95.25044250488281,95.62478248129814,93.27580609073462,94.53919726368781,8517200
2024-01-22,94.10871124267578,95.27851923700078,93.66886229441897,95.22237073805442,9897400
2024-01-23,95.36273193359375,95.58733302883002,94.73571667525832,95.11004945400539,8208000
2024-01-24,94.29589080810547,95.2691719781307,94.23038184185097,95.25045105066266,7879300
2024-01-25,94.30524444580078,95.21301665259313,93.66886856866381,95.01648975317548,10063700
2024-01-26,96.15821838378906,96.64485537418145,94.72637452250868,95.05391933719022,9735800
2024-01-29,97.21573638916016,97.33740100940435,94.83868531136946,96.27988984546032,8860800
2024-01-30,97.4964828491211,97.61814031649652,96.51384122666619,96.71036812316882,7542800
2024-01-31,95.01648712158203,97.6087857372172,94.63279379713876,97.41225170330095,11547600
2024-02-01,95.23173522949219,95.6902979834812,94.15551040120064,95.36275315920334,7666700
2024-02-02,94.24908447265625,94.90418119759606,93.05120229440641,94.40817663759297,8966900
2024-02-05,93.28516387939453,94.13678033988319,92.69558325290237,94.05255759607331,10097900
2024-02-06,96.0271987915039,96.04591257775748,92.77045020789996,93.11671594309234,11368600
2024-02-07,97.1314926147461,97.64620381846699,95.78387159857033,95.8213063090131,9447800
2024-02-08,97.11276245117188,98.22642177609313,96.43895914712417,97.73042440480762,6330400
2024-02-09,97.79595184326172,98.20772655685677,96.70101323477482,97.14086219885289,5449000
2024-02-12,100.30402374267578,100.53798535738254,97.93633334423417,98.02055609835651,7501900
2024-02-13,98.26387023925781,99.01255020181914,97.56198545183454,98.25450977624195,6180500
2024-02-14,99.508544921875,99.59276766689125,97.75850966270188,98.09541492264903,5743300
2024-02-15,99.24650573730469,100.45374121480657,99.04061840317543,100.15427067605695,7201300
2024-02-16,96.86946105957031,97.98311339967505,95.12878621678463,97.91760443849242,14590100
2024-02-20,96.67294311523438,97.1782939254059,95.61543203557511,96.51384378912948,8759500
2024-02-21,98.51654052734375,98.75050211105449,96.32666353098288,96.7197172780311,8888100
2024-02-22,98.33875274658203,99.20909028437505,97.4029062388451,99.01256337454338,6705500
2024-02-23,98.85345458984375,99.77994768467362,98.44168702097203,98.50719598465217,6947300
2024-02-26,97.83338928222656,99.29330746753966,97.10343018957002,98.55398791114752,5831500
2024-02-27,98.40423583984375,98.49781903802007,97.31865074916547,98.10476532171532,5317400
2024-02-28,97.65555572509766,98.67563186045277,97.04725422859492,97.42159416028433,4219800
2024-02-29,97.26251983642578,98.79730741170748,97.0285582287311,98.24516144472004,10811600
2024-03-01,95.68467712402344,97.61941344715244,95.63772192206548,97.55367043205032,7349300
2024-03-04,93.48696899414062,95.58135858144261,92.9891994643904,95.46866037271468,11050900
2024-03-05,92.33175659179688,93.13946047742103,92.04061001632198,92.97979991444771,8670600
2024-03-06,91.693115234375,94.0129156331305,91.15777723200456,93.91899806815253,10045300
2024-03-07,92.21906280517578,92.41629183337109,91.74007392787254,92.03122051728695,8133900
2024-03-08,93.13007354736328,93.28034020472236,92.05939047347236,92.50081087116197,9043500
2024-03-11,94.93333435058594,95.57198388719408,93.39306320325777,93.8250897772204,8537400
2024-03-12,94.08805084228516,95.20568919193975,93.59028130803753,94.66095729333072,7040900
2024-03-13,95.1962890625,95.79737002668632,94.22892460968296,94.49189663583319,7326400
2024-03-14,94.16319274902344,96.25758246623529,94.0035250010039,95.98521650249744,8350900
2024-03-15,93.58088684082031,95.00845958961649,93.29912698724323,94.20075565250961,15208500
2024-03-18,92.73561096191406,93.59967113654827,92.52898803244612,92.96102170248844,7207000
2024-03-19,93.88142395019531,93.95656086382903,92.45385841840692,92.51020752090699,6168900
2024-03-20,94.17256927490234,94.33223700560234,93.00797579094872,93.40243383407731,7771700
2024-03-21,94.68913269042969,95.72224022653961,93.69359361305388,94.33224308063195,17176000
2024-03-22,88.1523666381836,89.38270314286443,86.1425007786582,88.14297273263895,41837400
2024-03-25,88.04905700683594,89.71142005032674,87.12864771145955,88.34959750146791,14548800
2024-03-26,86.95021057128906,88.15237260617383,86.79054999347332,88.03966722835928,10816900
2024-03-27,88.40593719482422,88.42472500430485,86.7060058747687,87.59823335795313,11095700
2024-03-28,88.26507568359375,89.04459790544598,87.74851833888677,88.63135919513115,11331700
2024-04-01,86.93141174316406,88.20871053473527,86.11432114526413,88.10539907619275,10360000
2024-04-02,85.41931915283203,86.31155386351577,85.1281725746833,86.18006784980665,11107300
2024-04-03,84.8370361328125,85.8795376270997,84.79007376568377,85.47568563232672,8876600
2024-04-04,83.65364074707031,85.5132398271918,83.4845862852411,85.41931510860334,12110300
2024-04-05,83.43763732910156,84.76189868706393,83.40007603417244,83.72879110568579,9716700
2024-04-08,84.52710723876953,84.771298666008,83.40008200843327,83.69122864042228,8452500
2024-04-09,85.4662857055664,85.6165595374321,84.40500363845514,84.52709575275799,7191900
2024-04-10,83.58789825439453,84.62100567613412,83.37188143195033,84.43317056870876,7932900
2024-04-11,86.40547180175781,86.79054310463835,85.30662132572616,85.6822987231717,15330200
2024-04-12,86.40547180175781,87.22256960379309,85.57898725973791,86.4148657071928,10905900
2024-04-15,87.43858337402344,88.20871885047559,86.91263929218803,87.89878444562942,11597300
2024-04-16,87.7109603881836,88.46231531314072,86.07677166667119,87.3822452955592,10388200
2024-04-17,89.0727767944336,89.28879364876924,87.96453946538028,88.85676710554904,10181200
2024-04-18,89.91805267333984,90.0495387060694,88.78163358163357,89.37332789436796,10062900
2024-04-19,88.7816162109375,90.36884936534369,88.74404775672937,89.617494612081,11241900
2024-04-22,88.4623031616211,89.27939382741279,88.14297485447041,88.87554186467702,8642000
2024-04-23,88.3026351928711,88.96007245153274,88.19933089146701,88.63135740492721,6582700
2024-04-24,88.88494110107422,89.4014984676865,88.3777776407961,88.3777776407961,6493200
2024-04-25,88.22750854492188,89.02581859058603,86.81872358241425,88.2838576504779,5317900
2024-04-26,88.39656829833984,89.61751103938369,88.19933925168165,88.83798159393605,6115700
2024-04-29,88.34022521972656,89.11975478161584,88.00211618482163,88.69712207071086,5030700
2024-04-30,86.649658203125,87.82364552423923,86.6402642982301,87.26013304319439,6493300
2024-05-01,84.84640502929688,86.28337147507482,84.61160757393736,86.22701521328274,9783100
2024-05-02,86.7905502319336,86.82811152585738,85.38176524991027,85.77622332516857,7333300
2024-05-03,86.54635620117188,87.95514114042443,86.28338415898352,87.42918989059697,5736700
2024-05-06,87.68277740478516,87.69217131094341,86.85629279913151,87.1662200478448,6696300
2024-05-07,88.07723236083984,88.58439579367268,87.54189437598029,88.35899221200832,7113500
2024-05-08,87.89878845214844,87.94575081821749,87.0910916462787,87.45737517217404,5372900
2024-05-09,87.7109603881836,88.26508625756608,87.35407073982734,87.94575790655124,6429800
2024-05-10,85.4099349975586,87.47614998875854,85.35357872894184,87.41040697991446,10548400
2024-05-13,87.08170318603516,87.12865838958975,85.60717508393327,85.71987330482547,8792100
2024-05-14,87.1474380493164,88.60317820142717,86.96898966233186,87.3352731768627,7811000
2024-05-15,86.09554290771484,86.98777767928873,85.32540741823942,86.67784326920146,15614400
2024-05-16,86.18946075439453,87.19439373987736,85.96405716697852,86.1143310022231,12711700
2024-05-17,86.57452392578125,86.67783538641483,85.7856006959839,86.41486336496577,12019600
2024-05-20,86.18946075439453,87.06290771676379,85.30662705141063,86.6402750946774,9701500
2024-05-21,87.17562103271484,87.20379558802648,85.88892807168833,86.0016334583864,7809700
2024-05-22,86.87506866455078,87.11926005306918,86.07675865585853,86.35851133604082,7611900
2024-05-23,85.84197998046875,86.95022462907706,85.60718244614878,86.82812532534133,7729000
2024-05-24,86.17066955566406,86.59330212599686,85.92647818601957,86.18945020004442,6936800
2024-05-28,86.40547180175781,86.89384740262176,85.7949969265901,86.16128041860065,10835000
2024-05-29,86.09554290771484,87.08169524328314,85.82317695631549,86.10493681374953,7237300
2024-05-30,87.76728820800781,88.171140128247,86.36789734434404,86.62148261531627,9300100
2024-05-31,89.27001190185547,89.28879254895932,87.31649499230815,87.8142645432469,12565600
2024-06-03,89.00599670410156,89.80742636684764,88.67599710102398,89.11913531461282,9668100
2024-06-04,89.32657623291016,89.67543710787525,88.07257759323574,88.90229200652108,7838400
2024-06-05,88.93055725097656,89.8734172757721,88.34598144596093,89.8734172757721,7463300
2024-06-06,90.25057983398438,91.26887058023824,88.61942851673777,89.43971948346213,9760100
2024-06-07,91.03315734863281,92.34373248227146,89.85458207065182,89.93943603780919,9397400
2024-06-10,90.51457214355469,91.44800165461857,90.13742665426616,90.26000307451977,7035100
2024-06-11,90.39201354980469,90.51458279102455,89.11914647454371,90.06200671195022,7301500
2024-06-12,88.32714080810547,90.98600619358936,88.15742569016172,90.84457572972754,9861300
2024-06-13,88.798583984375,89.12858365307257,88.36486910645058,88.66658411689598,8348200
2024-06-14,88.05371856689453,89.36429374479549,87.96886459687137,88.44029472398547,7426800
2024-06-17,89.57171630859375,89.68486211883689,86.75256640946886,86.75256640946886,6365400
2024-06-18,89.36429595947266,89.81687205783744,88.8268658889818,89.260580753461,6712000
2024-06-20,90.10914611816406,90.59943024122201,88.17627989316259,88.51571012968434,9393800
2024-06-21,91.62715148925781,91.6554361433687,89.96771557804783,90.4768609324004,15124400
2024-06-24,91.61772918701172,92.43802019792359,91.15572967655585,91.74030562388472,9466900
2024-06-25,89.33600616455078,92.0608716346213,89.10029110870764,91.7497260344797,9006500
2024-06-26,88.68544006347656,89.08144686787583,87.82744090642726,88.7137247223365,10160400
2024-06-27,88.8080062866211,89.32657509074906,88.05371523440436,88.41199952780839,25772700
2024-06-28,71.06336975097656,74.53309527625886,70.29022474121837,72.72279838095153,129967000
2024-07-01,72.43994903564453,72.65680284775274,70.04508332581554,71.18594327535867,44369000
2024-07-02,71.6950912475586,72.54366687543781,71.08223067223179,72.43052106056975,26183400
2024-07-03,70.94080352783203,71.58194878857067,70.73337312090882,71.1859492081461,15952000
2024-07-05,71.11994171142578,71.74222567253602,70.507081172571,71.05394178837693,19603700
2024-07-08,68.87593078613281,71.17650445854689,68.82878490539238,71.10108112019421,29905000
2024-07-09,68.31964874267578,69.90365415514331,68.24421820078389,69.11165504563574,23445500
2024-07-10,68.39508056640625,68.48936514881196,67.5747895932263,68.13108085828927,21378200
2024-07-11,69.19650268554688,69.5359328995837,68.15935800641293,68.54592690973435,15876700
2024-07-12,69.22480010986328,69.81880669074849,68.98908503959532,69.36623059071466,14527500
2024-07-15,67.2353744506836,68.83824148558095,67.1693745088231,68.82881086718541,20775800
2024-07-16,68.64964294433594,68.79107340083891,67.4239291060311,67.4239291060311,20980700
2024-07-17,68.89479064941406,69.14935972396988,68.35736065339442,68.38564530685039,11161600
2024-07-18,68.24421691894531,69.70565306847753,68.21593226463023,68.80050816313357,14440100
2024-07-19,68.54592895507812,68.65907476095047,67.74449927880855,68.16879065574088,11913300
2024-07-22,70.58253479003906,71.03510378365208,68.8948136991453,68.94195959964661,19385500
2024-07-23,69.20594024658203,70.75223040196336,69.05507916144606,70.36565426639179,11041800
2024-07-24,67.02792358398438,69.19650477314931,67.0185001619142,69.0645049296473,18563300
2024-07-25,67.32965850830078,68.29137286392844,66.8582283510718,67.44279714222561,13855400
2024-07-26,68.41393280029297,68.62136319218365,67.76336416344314,67.88593339799112,8892000
2024-07-29,69.34736633300781,69.64908129075988,68.07449938633462,68.35736030636245,10471800
2024-07-30,70.07337188720703,70.23365639960697,69.26251151530384,69.47937253295581,8515700
2024-07-31,70.58253479003906,71.11996496586355,69.69624365348645,70.24310444810207,14632900
2024-08-01,69.6302261352539,70.51651704812026,69.07394205569916,70.43165588732646,9563500
2024-08-02,69.78108215332031,69.89422076822056,67.81050068686612,68.66850688160436,11526600
2024-08-05,67.33906555175781,68.47050196995454,66.70735102116596,66.99963534564395,13191500
2024-08-06,68.35735321044922,69.05506762905159,67.42392378077633,67.5653542261089,13469700
2024-08-07,68.47050476074219,69.96964890430567,68.38564360902907,68.7156432135759,9571200
2024-08-08,69.9508056640625,69.96965970432456,68.87594553280118,69.04566066897155,8828000
2024-08-09,70.09222412109375,70.31851574936726,69.17765576560174,69.88480091868841,7186600
2024-08-12,70.37509155273438,70.71452183300907,69.81880743383888,70.44109148537372,7067300
2024-08-13,74.0145263671875,74.53310235924307,70.78051556429713,70.95023068956509,22114800
2024-08-14,74.03337097167969,74.5708009342979,72.99622631319123,73.54308689085933,13613000
2024-08-15,77.78596496582031,78.31396436550175,76.06052910742265,77.4088194545683,23583600
2024-08-16,78.4742660522461,79.1436960030394,77.72940555091047,78.14425919198676,13794200
2024-08-19,78.52140045166016,79.19083036579758,78.1819701862591,78.4742617552423,9627300
2024-08-20,78.78539276123047,79.10596895660618,78.0405323707319,78.7193928376902,7863100
2024-08-21,79.20025634765625,79.42654078019717,78.46482654680898,78.88911075700474,6915900
2024-08-22,78.64396667480469,79.84139587141554,78.4553903332643,79.62453487700708,8485500
2024-08-23,79.24740600585938,79.42654455981312,78.4648302806605,78.57796890558859,9219700
2024-08-26,79.46426391601562,79.68112494735952,78.61568821818557,78.70054938469514,7853300
2024-08-27,80.41655731201172,80.51084190503497,78.83255169147982,79.26626657414943,14954000
2024-08-28,78.05939483642578,80.54854512565883,77.20138862338482,80.1902608484117,11088600
2024-08-29,78.5025405883789,79.09653991204083,78.12539507774892,78.68167913100261,7477200
2024-08-30,78.5591049194336,79.08710428478796,77.36167573201871,78.82310460211077,13755300
2024-09-03,77.01539611816406,78.54964542594499,76.72180801117491,78.33181709700716,10133700
2024-09-04,76.73126983642578,76.7975641550455,75.4527324198803,75.859971012984,12837400
2024-09-05,76.55133056640625,76.93962378823333,75.96414716753806,76.8354459718932,7596300
2024-09-06,76.36192321777344,77.54575562846064,76.09674591386583,76.59868969991088,8512200
2024-09-09,75.28226470947266,77.26163615415001,74.83714259019185,76.47556974033664,8003300
2024-09-10,73.95635223388672,75.34853987841107,73.44494314762717,75.34853987841107,9748400
2024-09-11,74.24996185302734,74.42989944575159,72.6778291210296,73.87113407930775,8265500
2024-09-12,74.24996185302734,74.88449421932286,73.42601198710264,74.08896239749663,7176900
2024-09-13,74.82766723632812,75.28225475188373,73.9753066127385,74.15525141814584,5814200
2024-09-16,75.57585906982422,75.75579667117096,74.52461537950833,75.13073695628913,9547700
2024-09-17,76.37139129638672,76.69339744996306,75.6326810727352,75.77474239856184,7580600
2024-09-18,76.61762237548828,77.43209951719176,75.98309004257973,76.39032861343148,7637000
2024-09-19,76.69338989257812,78.72011007974312,76.21038432257869,78.22763182881158,15067100
2024-09-20,81.94013214111328,83.3417927437683,80.32065044463427,83.21867678749989,52039300
2024-09-23,81.63707733154297,81.94961081130096,80.54795733175378,80.87942895019134,17712400
2024-09-24,82.83037567138672,83.60696935402684,82.0727273514303,82.81143753424179,21123300
2024-09-25,83.34178924560547,83.43649437918596,82.62201722442445,83.19972793246548,12392800
2024-09-26,84.65821838378906,85.8231125947195,84.33621945304327,85.16016214379822,13592800
2024-09-27,84.70557403564453,85.48216776287126,84.48774570550837,84.71503949199105,9181000
2024-09-30,83.72062683105469,84.99916434828876,83.08609441350332,84.95180816317145,12027100
2024-10-01,84.41197967529297,84.89498529948749,83.06714785357575,83.34179782711618,20623400
2024-10-02,78.70116424560547,80.7184189652716,77.44156503411585,78.50228130045528,33208800
2024-10-03,77.75410461425781,79.34517552666225,77.64046133693256,78.03822725864893,18143800
2024-10-04,77.89617156982422,79.11788746819684,77.75411023735494,78.25605401661217,10322600
2024-10-07,76.55133056640625,78.10451790479189,75.85049667002009,77.79198445577147,12767400
2024-10-08,76.4945068359375,77.11010109409304,75.6989749765654,76.47556869785018,10569600
2024-10-09,78.08557891845703,78.54017372010985,76.77863060520642,76.84492492778712,11750600
2024-10-10,77.75410461425781,79.03264206293983,77.68781029397175,78.98529310590064,8370200
2024-10-11,77.80146789550781,77.91511118320197,76.88281278376854,77.69729006476173,10171100
2024-10-14,77.28057098388672,77.69728226503905,76.52292264833758,77.65939876443075,8177700
2024-10-15,77.77305603027344,78.34129413774038,76.75969578386984,76.75969578386984,11804400
2024-10-16,79.49669647216797,79.6387505454904,77.70674289292731,77.79197533692077,11220600
2024-10-17,78.98529052734375,80.27330061560077,78.96634516471536,79.65770638987607,9204500
2024-10-18,78.53070068359375,79.5061773795366,78.25605071255968,79.34517791478741,7214800
2024-10-21,77.16693115234375,78.69170057304476,77.12904765004433,78.46440678478749,7550200
2024-10-22,77.110107421875,78.05717336582003,76.93016980589246,77.04381309482044,7308800
2024-10-23,75.81261444091797,76.75020748878786,75.56637532840837,76.71232399259114,7253100
2024-10-24,74.85609436035156,76.52293247343421,74.84662167759852,76.23880979516176,7424500
2024-10-25,74.67613983154297,75.36750107206043,74.36360637108142,75.026556792564,9385400
2024-10-28,74.73297119140625,75.42432522947762,74.64773150591547,75.12126444041773,6617200
2024-10-29,74.24996185302734,75.26332199304245,74.06054435339814,74.70454940105982,7241100
2024-10-30,72.4031753540039,73.97530800323558,72.37476453693994,73.87113019030875,15691300
2024-10-31,73.04718780517578,73.24607077041159,71.2193503907258,72.16641625882343,13990100
2024-11-01,73.92796325683594,73.99425758208326,72.88619219200393,72.97143188191593,9623700
2024-11-04,73.10401153564453,74.39202160382783,73.02824453738936,73.86165984158029,6593800
2024-11-05,73.85220336914062,73.87114150823868,72.92407559146639,73.16084207065947,5629200
2024-11-06,71.33300018310547,72.8767149314808,71.1435899015948,72.80095515419998,16193700
2024-11-07,71.90122985839844,72.32741378034727,71.22881404434219,71.69287423773966,11831100
2024-11-08,71.86334991455078,72.50735494409297,71.2667010649682,71.50346751368903,8140800
2024-11-11,72.54524230957031,73.30289787607497,72.07170938688964,72.1190655693733,9877200
2024-11-12,72.60208129882812,73.33131892221951,72.1096029442568,72.41266376801607,9013900
2024-11-13,72.46946716308594,73.19871182835736,72.42211821146273,72.83882944876069,6835300
2024-11-14,71.6739501953125,72.90513880009203,71.66447751281859,72.62101612959223,6991600
2024-11-15,72.60208129882812,73.53967459334277,71.60765913229987,71.97701428545837,13584900
2024-11-18,70.9257583618164,72.1664122682475,70.31963681779368,72.12853599409249,12595100
2024-11-19,69.99762725830078,70.77422082001442,69.70403198673043,70.55639253630336,12028400
2024-11-20,69.47675323486328,69.93134080899853,68.86115897041338,69.76087588785222,12290300
2024-11-21,71.12464141845703,71.56029082725443,69.3252149208756,69.47674891986884,12818600
2024-11-22,73.3028793334961,73.39758444896798,71.81598662142235,72.100101967838,12248600
2024-11-25,75.06443786621094,75.63267590515362,74.25943337558058,74.34466582992958,18328900
2024-11-26,73.50180053710938,74.72351667214485,73.46391702607639,74.72351667214485,9495600
2024-11-27,74.1931381225586,74.86556126083252,73.48283870727761,73.50178407132044,8713500
2024-11-29,74.60038757324219,74.98868811156017,73.89956073823892,74.06056022827988,7123500
2024-12-02,75.28575134277344,75.29527237420612,73.48666131020889,74.17203032497997,11221000
2024-12-03,75.06681060791016,75.5808373152428,73.8769359879045,75.20007598435733,9414500
2024-12-04,74.60037994384766,74.73364531699626,73.39146329289056,74.0768322190366,15042600
2024-12-05,74.8002700805664,75.10487765298683,74.34335509072707,74.49566250814598,8316500
2024-12-06,75.09536743164062,77.27521863585909,75.0477695412425,75.40949607846399,13931100
2024-12-09,73.90550231933594,75.62843868997271,73.79127172511176,75.6189249206019,12043400
2024-12-10,73.04878234863281,74.32433174760838,72.93455903038502,73.7722281680157,12193100
2024-12-11,75.05728912353516,75.18104073121505,72.6394630388162,73.09637808559907,12033200
2024-12-12,74.2101058959961,75.55228807028654,74.11491737058418,74.92403073021383,6983200
2024-12-13,73.53424835205078,74.08635189495588,73.07733332216634,73.62943686507145,8037300
2024-12-16,73.48665618896484,75.21911340560484,72.97263672612735,73.06782524656323,13034000
2024-12-17,74.2481689453125,74.98112844328324,73.53424424391527,73.6389537811136,12452400
2024-12-18,73.20108795166016,75.20007585741148,73.14396903155183,74.22914136458998,14376900
2024-12-19,73.3914566040039,74.1910560324383,72.75368562457363,73.23915644675104,27067600
2024-12-20,73.23916625976562,74.2481776318138,71.25921311327016,72.30630134533769,49883400
2024-12-23,73.06782531738281,74.63846132456226,72.0968835257074,72.65850814293506,14203800
2024-12-24,73.09638214111328,73.40098976839593,72.68706496110048,73.05830527990061,4919100
2024-12-26,73.23916625976562,73.73415091518027,72.85840492199058,72.91551658081038,6363500
2024-12-27,72.7441635131836,73.22963432813971,72.15399042678341,72.83935201785292,6334400
2024-12-30,71.05931091308594,72.1254338819619,70.96412239978174,71.96361268310295,9042900
2024-12-31,72.03024291992188,72.71561181228125,71.18305283420482,71.29728340373731,9425600
2025-01-02,70.1264419555664,73.00118282134763,69.7171248360976,72.58234467237928,10883400
2025-01-03,69.78377532958984,70.62145184133773,69.49820973347353,70.36443481617164,10083500
2025-01-06,68.53677368164062,70.74518054310789,68.50821785459347,70.20259804195828,14947300
2025-01-07,68.62244415283203,69.90751452529078,68.51774186990293,68.91753799081899,10463500
2025-01-08,67.86092376708984,68.36542939616302,67.59439303946006,68.11793346518495,11855000
2025-01-10,67.77525329589844,68.9080162221058,67.67054375167332,68.39398953111468,15677400
2025-01-13,68.61292266845703,69.10790724881537,67.37545032393514,67.74669057480824,14584300
2025-01-14,67.74669647216797,68.7366729814796,67.1374812760405,68.60340761122784,16732900
2025-01-15,67.65151977539062,68.77476185113781,67.43257962178411,68.52726586497812,13468100
2025-01-16,67.6895751953125,67.80380575175586,66.93757370583185,67.48967716834933,13694600
2025-01-17,67.43257141113281,68.0798634990607,67.43257141113281,67.99419601183212,9711300
2025-01-21,69.6504898071289,69.74567831166348,67.71813484164922,67.87044225883844,14199900
2025-01-22,70.47865295410156,71.1069029644421,69.49819744881282,69.85039568134285,13029300
2025-01-23,70.71662902832031,70.91652709225795,68.88898336167473,69.81231996298148,10677400
2025-01-24,70.03125762939453,70.67854968807836,69.72665002897966,70.50720745894388,8106700
2025-01-27,71.94457244873047,72.20158214147202,69.8884658571281,69.9075079158008,11665400
2025-01-28,70.81182098388672,71.96361879627207,70.59288811093093,71.70660906227644,8694400
2025-01-29,72.89647674560547,73.40098239677334,70.74518150886475,70.86892584856432,11764800
2025-01-30,74.56230926513672,74.98114021727984,73.15349443769504,73.15349443769504,10902100
2025-01-31,73.20108795166016,75.06681048118928,73.06782257543796,74.35288571039106,13098000
2025-02-03,72.9059829711914,73.00117873602419,69.69808613904179,71.29727767184185,18539200
2025-02-04,73.02974700927734,74.40048491745482,72.38245491512892,73.81982551259733,11943700
2025-02-05,70.98316192626953,73.09638046952539,70.82134071663029,72.62995163956934,9807400
2025-02-06,68.2892837524414,71.7732402071291,68.18457420244248,71.6209327662512,16059400
2025-02-07,65.37647247314453,67.4040162440705,65.3193608144312,67.16604131620706,27428700
2025-02-10,67.52776336669922,67.5372771342402,65.79530629748689,66.02376017957589,16201300
2025-02-11,67.90851593017578,68.52725214044584,67.11844475890133,67.17555641256946,9636600
2025-02-12,68.78426361083984,68.96511958714424,66.94709718632281,67.20410686971181,10810900
2025-02-13,69.68856811523438,70.05980837435602,68.18456501999322,68.96512239332814,9739600
2025-02-14,69.52674865722656,69.96462160804529,68.86041457017551,69.65049299253913,9254400
2025-02-18,73.85790252685547,73.94357728592917,70.91653560967706,70.91653560967706,28252400
2025-02-19,73.08686065673828,73.9435718726611,72.43004751412768,73.1249375177147,14184100
2025-02-20,73.51521301269531,73.55328260768863,72.66801564452552,73.21060541582295,10689600
2025-02-21,72.82032775878906,74.23865629211707,72.2111125258528,73.67703894961144,12823400
2025-02-24,76.41849517822266,77.18953149445304,74.96209001982426,75.085834347609,24553500
2025-02-25,77.78924560546875,78.01769950280944,76.19957482984155,76.44706352595296,15522500
2025-02-26,77.26569366455078,78.47461029978831,76.95156503374878,78.15096063890859,16058100
2025-02-27,76.17101287841797,77.57030663761321,75.63795135583636,77.57030663761321,11651900
2025-02-28,75.60939025878906,76.17100757203892,74.41951568419047,75.43804802955015,14113800
2025-03-03,75.01622772216797,77.45585313168607,74.51873050118161,76.52783592642467,8628800
2025-03-04,73.97340393066406,75.24584007998439,73.45677555501877,74.33695398796588,10034100
2025-03-05,74.44219970703125,74.92055854293132,73.1506323099364,73.98297931210607,9853600
2025-03-06,74.34651947021484,74.93968697521304,73.41850228464334,73.41850228464334,9623700
2025-03-07,75.18843078613281,75.58068849585494,73.63855298465238,74.12648099212903,9294300
2025-03-10,73.09322357177734,76.71918402626824,72.76793580345647,74.15518065498178,15822600
2025-03-11,70.95973205566406,72.7870659026988,70.43354183365754,72.62442568676087,12837000
2025-03-12,70.3952865600586,71.27546504777237,70.0604368418171,71.14152516047577,12304900
2025-03-13,69.4959716796875,70.73970758315095,68.56795436237385,70.01260010270262,10195900
2025-03-14,68.55838775634766,70.35701424384321,68.2330999718571,70.10826562031232,12183000
2025-03-17,70.51007843017578,70.74925781060267,68.91236192072628,69.01760143204815,15996900
2025-03-18,70.136962890625,70.9501786664328,69.57250302656395,70.69186083436949,8972300
2025-03-19,69.83081817626953,70.25177627165544,69.16111875104312,69.49596846365633,10830500
2025-03-20,68.74971771240234,70.46224285298409,68.42442997828863,69.76383589094657,25202300
2025-03-21,64.99939727783203,65.75520507166452,62.349285389445505,63.70782265468438,77287000
2025-03-24,64.47320556640625,65.90828212413753,63.80350609246906,65.5925635296342,26552500
2025-03-25,63.65998840332031,65.10463398731201,63.37297021075809,64.63583711951533,17394100
2025-03-26,62.89460754394531,63.707815973820566,62.13879982937231,63.506906171087294,18688300
2025-03-27,62.9520263671875,64.19575497372668,62.4640983058157,62.66500814304488,16435800
2025-03-28,60.5506591796875,63.0094231765612,60.407150076534705,63.0094231765612,19600300
2025-03-31,60.7324333190918,61.22036134295076,59.93835960222186,60.12013463389376,17400000
2025-04-01,61.957035064697266,62.339723572221985,60.56022456694369,61.06728738685216,13489500
2025-04-02,62.14837646484375,62.56933455843003,61.38300673916792,61.5169466236406,11161400
2025-04-03,53.17436218261719,56.14018507210786,53.00215273488286,53.93016625924255,71499500
2025-04-04,54.7720832824707,56.65681814582303,50.2276746258465,50.91651247429771,67775700
2025-04-07,53.20306396484375,54.70511023838703,51.08871903833861,53.002154153638365,45374400
2025-04-08,50.96434783935547,56.226294727054494,50.103300525169495,56.226294727054494,30404300
2025-04-09,56.75248336791992,56.972527961017505,50.208535342070824,50.97390863319019,44732500
2025-04-10,52.045440673828125,54.77208446693184,50.01719666499112,54.75294967632906,53919800
2025-04-11,52.03586959838867,52.648168277493504,50.572092840554426,52.04543881814294,22617100
2025-04-14,53.011722564697266,54.23631993625647,52.30374992827207,53.231767176800055,28346600
2025-04-15,52.45682907104492,52.992588604700764,51.82539193565665,52.313319967622476,15977100
2025-04-16,51.23222351074219,52.76297376370785,51.03131370334655,52.351584929752335,19094900
2025-04-17,53.34657287597656,53.595321500902045,51.32790176378644,51.49054200735549,18935100
2025-04-21,53.69098663330078,53.92060044577021,51.184387732580475,52.83950861757133,17280900
2025-04-22,54.59030532836914,55.57572324803964,53.80579722054815,54.19805127445865,16852200
2025-04-23,54.90602111816406,56.63768124506324,54.24588730438986,56.446336999891784,21660300
2025-04-24,55.94884490966797,56.15932394991089,54.6572776072035,55.3078458683289,14508500
2025-04-25,55.126068115234375,55.728801236327385,54.15978492708419,55.6905316557146,17156000
2025-04-28,54.82948303222656,55.56615596927234,54.34155504749823,55.231302643567304,13321200
2025-04-29,55.049530029296875,55.2408742738248,54.28415670077308,54.532901663947854,12968000
2025-04-30,53.9588737487793,54.140648777744985,52.38028825921435,53.44224537223935,17205900
2025-05-01,54.30329132080078,54.733814986183155,53.82493250361774,54.22675580783733,10527000
2025-05-02,56.05408477783203,56.15932429860693,54.82948740791618,55.365246932460344,14723900
2025-05-05,54.86775207519531,55.81490409077304,54.810351355794694,55.60442505406955,15971000
2025-05-06,54.571170806884766,55.221739043330565,54.33199141553228,54.676410323013926,11440300
2025-05-07,56.082786560058594,56.26456524585589,55.06866820598163,55.365248336134044,11883500
2025-05-08,56.360233306884766,57.776174907811225,56.25499378762875,57.10647186220855,19009000
2025-05-09,55.776634216308594,56.80989095510779,55.7000987076501,56.580277129956436,13954400
2025-05-12,59.87138366699219,60.72286166894053,59.134710744626574,59.68003943462917,29776600
2025-05-13,59.689613342285156,60.06273264024278,59.287793682819455,59.90009239224615,17003100
2025-05-14,59.05817413330078,60.14883156024032,58.85726432298831,59.36432345842108,13736300
2025-05-15,59.69917678833008,59.967056535397525,57.80487282107708,58.01535185068027,14371100
2025-05-16,60.378448486328125,60.99074716808145,59.79485016478573,59.79485016478573,12950600
2025-05-19,59.39303207397461,59.72788178380367,59.0868790755176,59.46000201594042,15105300
2025-05-20,59.852256774902344,60.454986259418526,59.584373354418105,59.79485240274397,10771800
2025-05-21,57.38391876220703,59.08687484969538,57.28824846612327,58.52241134379034,17354700
2025-05-22,58.665924072265625,58.952938627887306,57.556131780830526,57.95795507837134,16764500
2025-05-23,57.42218780517578,57.76660670720715,56.91512867140061,57.26911314311604,14282400
2025-05-27,60.11056900024414,60.12013457049551,58.20669935647539,58.48414833840944,16642100
2025-05-28,59.10600662231445,60.37844266289839,58.89553125175437,60.02445820594889,10015600
2025-05-29,58.78072738647461,60.17753784086584,58.48414726945861,59.785283775144705,12218000
2025-05-30,57.96752166748047,58.47458084630963,57.498728420375436,58.35977575196094,18155100
2025-06-02,59.29656219482422,59.32545328612132,57.39930215769087,57.832686896356066,14065300
2025-06-03,60.067020416259766,60.14406822292316,58.22754628134993,58.97874770095152,10286100
2025-06-04,60.45225524902344,60.7122860992871,59.97071745383336,60.07665635658987,10242300
2025-06-05,60.35594177246094,61.30938816476974,59.9321898613468,60.61597260672698,12336300
2025-06-06,60.48114776611328,60.760440575626035,59.8262560553174,60.355946907738264,13299600
2025-06-09,59.6240119934082,61.14567324937006,59.59512090019236,60.962686528757814,11640000
2025-06-10,61.51163101196289,61.79092746187084,59.951449734300084,60.07665057768187,15287000
2025-06-11,60.779701232910156,62.45545070657546,60.26927234449421,62.02206962900667,10238700
2025-06-12,60.48114776611328,60.60634862448829,59.479548246797,60.42336558058782,9830500
2025-06-13,58.294960021972656,60.46187994093192,57.89047006721087,59.469913331437645,16509700
2025-06-16,59.6143798828125,59.88403986963414,58.97875014684595,59.11358014025676,13681600
2025-06-17,57.78453826904297,59.036535863437166,57.476354358848766,59.036535863437166,13649700
2025-06-18,57.31262969970703,58.217923152246804,57.17779969796928,57.784538379631165,14194300
2025-06-20,57.5822868347168,57.82305571727657,57.00443931226839,57.543762931785245,19084000
2025-06-23,58.53573226928711,59.03653200911746,57.24521085191245,57.38004451843127,15921300
2025-06-24,59.152099609375,59.691423249912745,58.24680989824832,59.0654263351632,12564000
2025-06-25,58.58388900756836,59.25803897118913,58.131242311558616,59.180994835564654,12186200
2025-06-26,60.23074722290039,60.413730259204854,58.57425606155266,59.28693360213117,39659800
2025-06-27,69.37996673583984,71.45058073433762,67.11674055744241,67.21304664739225,117530300
2025-06-30,68.4168930053711,69.06215190807062,67.47307566370246,68.81175018923055,31090400
2025-07-01,70.69937896728516,71.20980782820958,69.17771784958661,69.33180611529811,27512900
2025-07-02,73.56934356689453,74.00272464234679,70.30451791194886,70.46823899843672,36882300
2025-07-03,73.56934356689453,74.18571135529419,72.789254692007,73.45377185118824,12022600
2025-07-07,73.70417785644531,74.63836240671363,73.04928612464678,73.23227284825762,17296900
2025-07-08,71.19054412841797,73.4826686797264,70.93051695838459,73.31894024914475,19572400
2025-07-09,70.84382629394531,72.1536094668262,70.7089963215325,71.39277899524963,12076700
2025-07-10,71.86470031738281,72.71220415776426,70.25635856170683,70.42008698974512,13033000
2025-07-11,69.94816589355469,71.11348628309607,69.72666265917374,70.9690308466226,12771400
2025-07-14,69.58221435546875,69.90003107721469,68.4072609097539,69.66888763539004,11385400
2025-07-15,69.3318099975586,70.18894668893364,68.93695282457006,69.59184452280216,9708300
2025-07-16,69.43775177001953,70.02522849481247,68.52283285642213,69.24513958221502,9008600
2025-07-17,70.2852554321289,70.50675868938856,69.37996208241593,69.45700988828153,9180400
2025-07-18,69.79409790039062,70.57418687446696,69.45702287132582,70.57418687446696,8801000
2025-07-21,71.28684997558594,72.04768055245476,70.21784285999524,70.23710113828407,12743900
2025-07-22,72.60626983642578,72.7507326478333,71.30611922912577,71.33501032187051,11297500
2025-07-23,73.9160385131836,74.35905232483063,73.02037807833479,73.33819473049974,16428100
2025-07-24,72.6351547241211,74.6768774933077,72.62552925915101,73.68491087283263,10037800
2025-07-25,73.45377349853516,73.74269912043881,72.7410996049056,73.10707303900807,7208400
2025-07-28,76.31410217285156,77.036408813092,74.69613500480567,76.0829661053259,22631100
2025-07-29,75.43771362304688,76.4393131302507,74.8887608241421,75.85183642556687,12885500
2025-07-30,73.8486328125,75.40881783481935,73.15521724702474,74.90801443856131,14601700
2025-07-31,71.93211364746094,73.57897192113467,71.56614024374466,73.53081520558784,16700000
2025-08-01,71.86470031738281,71.94174077728415,69.85186859341228,70.72827087240049,11911600
2025-08-04,72.05731201171875,72.48106760294634,71.42168597256067,72.25955699452739,8839000
2025-08-05,71.63355255126953,72.91444472088793,71.49872257001317,72.14398873480624,6533800
2025-08-06,72.69294738769531,73.17448517356385,71.50836120147797,71.72023900288949,7579800
2025-08-07,71.60466003417969,73.53081098249754,71.26758508776062,73.50191989390201,8717600
2025-08-08,71.45057678222656,72.19214171627443,70.68011340987688,71.46020224731056,6739000
2025-08-11,71.28684997558594,72.02842227416595,70.35267285106734,71.57577558370241,6985700
2025-08-12,72.13436126708984,72.92408293625319,71.59503395442171,71.96100737153284,6397700
2025-08-13,74.34942626953125,74.82133855872593,72.41364978901723,72.6929425680254,13472600
2025-08-14,73.56934356689453,73.77158855861784,72.56774407382419,73.1070713994366,7990500
2025-08-15,74.12792205810547,74.63835089504879,73.3478332580738,73.90641146117838,9767700
2025-08-18,74.57093811035156,75.37029255864182,74.01235254303911,74.26275423660731,9069100
2025-08-19,74.04125213623047,75.88073012503953,73.84863994840136,75.31251167988091,7684800
2025-08-20,73.44414520263672,74.69613903804539,73.34783911494121,73.85826799264258,6282600
2025-08-21,73.36710357666016,73.41526029840823,72.3558712014236,72.90482403000466,6354900
2025-08-22,75.4858627319336,76.21780224382185,73.43451435320048,73.71380715836422,10985900
2025-08-25,76.24668884277344,77.20976438409234,75.49549109617402,75.57253890292351,12488900
2025-08-26,75.74589538574219,76.54524987582896,75.48586086598696,76.08297036719941,6874800
2025-08-27,75.17768096923828,76.57414503471156,74.7828237836106,76.0444505016555,12636700
2025-08-28,75.0428466796875,75.75552789209247,74.85023450468715,75.67848008301894,7478600
2025-08-29,74.51315307617188,76.20816064300153,74.272384204416,74.87911911607496,14208800
2025-09-02,71.91870880126953,73.6225327286524,71.637964540415,73.22561613665738,15078700
2025-09-03,72.35433197021484,72.78028973878799,71.55083079658979,72.02518815694856,8300100
2025-09-04,72.94486236572266,73.35145439290224,72.1316783113635,72.36401555748499,11096200
2025-09-05,71.55083465576172,73.00295543327245,71.27976590649709,72.41242572621529,13758400
2025-09-08,71.78317260742188,72.1994475297751,71.35721481174835,71.88966205634026,13793300
2025-09-09,71.250732421875,72.17041344584337,70.7182925104008,71.62828327422055,8740200
2025-09-10,71.8799819946289,73.0513585926816,70.98934964689988,72.84806256021314,11359300
2025-09-11,71.9574203491211,73.11911391423882,71.64763490603187,72.0348685563603,9803400
2025-09-12,70.66988372802734,71.90902571302634,69.63403778251704,71.87030160276151,11806000
2025-09-15,70.69891357421875,70.8731683494025,70.26328032919321,70.84412711784981,10323800
2025-09-16,70.42786407470703,71.03775219747212,69.78892732963696,70.47627105934647,8813600
2025-09-17,70.00190734863281,70.9796708439923,69.32425386820684,70.73765068871602,11108700
2025-09-18,69.7986068725586,71.25072771201211,69.34360782779086,71.09583866312204,14918400
2025-09-19,68.62723541259766,69.94382566300612,68.48202184062175,69.71148837936612,33415600
2025-09-22,69.00476837158203,70.17614474621396,68.18190152495744,68.5304110529648,12336300
2025-09-23,68.66595458984375,70.1083925598475,68.47234143170165,69.28552555894073,10432400
2025-09-24,68.94669342041016,69.24679600770449,68.20126730982568,68.4142461985641,10024500
2025-09-25,67.02989196777344,68.88861214701771,66.84596169457153,68.88861214701771,13075300
2025-09-26,67.09765625,67.22351144037712,65.8585144072799,67.16542158871538,15627600
2025-09-29,67.32999420166016,67.72690332163317,66.5458440619401,67.54296568372015,18479300
2025-09-30,67.50425720214844,67.9689317107939,66.62330039296135,67.83340103028328,40567700
2025-10-01,71.83157348632812,72.30593827121446,69.32424841993648,71.9767870452552,57921900
2025-10-02,72.18976593017578,74.51316071486542,71.52178799078705,72.6060408598738,26254400
2025-10-03,69.634033203125,72.39306125169745,69.62435032972837,72.39306125169745,18794900
2025-10-06,68.89828491210938,70.07934426098825,68.7433958783816,69.72115183007435,14039600
2025-10-07,66.7104263305664,69.29519931977627,66.70074345817211,68.95637264465154,17368000
2025-10-08,66.88468170166016,67.2138329295449,66.47808964298058,66.71043429297045,13051800
2025-10-09,65.88755798339844,67.43649272775278,65.72298606721797,67.33000327943171,13410900
2025-10-10,63.138214111328125,66.30383423290078,62.80906288649901,66.00373162845207,18806100
2025-10-13,65.22926330566406,65.36479398868953,63.45768155301159,63.602887723490106,13191200
2025-10-14,65.48097229003906,65.82948190274665,63.951403143807866,64.34831974167388,9483700
2025-10-15,66.27479553222656,67.3106414560122,65.95532716864356,66.39096786058457,13001500
2025-10-16,64.70650482177734,66.83628660828657,64.45480917946807,66.41032877381093,15349700
2025-10-17,65.21958923339844,65.60681554423455,64.20310170278255,64.50320430944106,10054000
2025-10-20,65.46160888671875,66.00373162657674,65.31639532829439,65.40351903182797,9670000
2025-10-21,66.17799377441406,67.07830907366241,65.25832011196293,65.58746398749476,9659200
2025-10-22,66.87500762939453,67.14606900758463,65.79075473076556,66.04245774731433,8096100
2025-10-23,67.45584869384766,67.65914471000714,66.54585067172312,66.88467736532226,9124900
2025-10-24,66.90404510498047,67.8430843879882,66.71043195597335,67.48489193787002,7102900
2025-10-27,66.400634765625,68.1915895134365,66.08117382920408,67.80435585483218,9838100
2025-10-28,65.27767181396484,66.4200071589601,64.909803863697,65.9359668837226,11262400
2025-10-29,63.26406478881836,65.04533690689054,62.876831077422786,64.87108210605597,15143100
2025-10-30,62.828426361083984,63.89331344126477,62.508958021269315,63.099487721217116,13895200
2025-10-31,62.528316497802734,63.16725317861927,62.19917267013468,62.925233051498125,17822500
2025-11-03,60.65024948120117,62.78002379116114,60.35014317359241,62.65417597536478,22633300
2025-11-04,59.275569915771484,60.59216001649128,59.16908046748766,60.427584407434246,13725400
2025-11-05,60.12748336791992,60.843860904691084,58.917382684111956,59.32397474126301,20979800
2025-11-06,59.91449737548828,60.48566497837046,59.701518498603264,59.904818196054315,15164600
2025-11-07,59.140037536621094,60.1952454229848,58.365573879871135,59.769291335005825,15504800
2025-11-10,58.85929489135742,60.108119648757466,58.55919229356415,59.778972124162124,13063100
2025-11-11,61.13428497314453,61.56991824323415,59.28525136825216,59.759608744595894,17646400
2025-11-12,62.15076446533203,63.10916946766606,61.705452019444756,62.05395789356532,14812200
2025-11-13,63.92235565185547,64.14501742157883,62.80906157497512,63.61257018041529,21923600
2025-11-14,62.121726989746094,62.98331808655771,61.715134932212884,62.867153147758756,17760100
2025-11-17,60.89226531982422,61.51183625294994,60.27269069376444,61.056837233277086,17064700
2025-11-18,60.495357513427734,60.75673602216533,59.711210908411836,60.40823011287041,14614600
2025-11-19,60.64056396484375,61.202052446301344,60.03067219534806,60.43726793932324,11732100
2025-11-20,59.46918869018555,61.792583495495364,59.449826635965636,60.94067157449054,13886600
2025-11-21,60.79545974731445,61.47311689259131,59.575679840163595,60.03067520203152,12476900
2025-11-24,59.953224182128906,61.056835334047,59.953224182128906,60.51470893795831,16681700
2025-11-25,61.647369384765625,62.073327187931106,59.89514226932174,60.3501413070906,11527200
2025-11-26,62.2766227722168,62.799387148957635,60.96003264987729,61.47311415319653,13791000
2025-11-28,62.567047119140625,62.71226068770707,61.92811775766473,62.41215806230695,4941400
2025-12-01,63.70692825317383,64.2914833854514,61.943518164780315,62.12862642281567,12047300
2025-12-02,63.258766174316406,63.78486799918485,62.91777631551875,63.76537861695558,9051200
2025-12-03,63.960235595703125,64.94424127862759,63.30748251514852,63.40490712772031,12028300
2025-12-04,63.99920654296875,64.39864968202055,63.33670877522936,63.91151918906574,10619500
2025-12-05,64.16483306884766,64.37917168819988,63.21005397346649,64.00894773367445,10917900
2025-12-08,61.904544830322266,64.10637677150996,61.64149391434795,63.911520111702195,12867300
2025-12-09,61.699954986572266,62.30399580582035,61.3492204087795,61.87531855895763,9300200
2025-12-10,64.09663391113281,64.44736847578369,62.11888149746499,62.33322011286516,20302100
2025-12-11,65.99642944335938,66.07437209710965,63.872540443298085,64.13559504145012,16153500
2025-12-12,65.73339080810547,67.36040489291355,65.39240094497526,66.41537053436588,14829200
2025-12-15,66.03541564941406,66.59074417472607,64.97347462661587,65.67494380238308,15287500
2025-12-16,65.39240264892578,66.44459890642761,65.0221787024332,65.55802523918734,16376700
2025-12-17,63.99920654296875,65.10986347226398,63.93100857127594,64.84680884357638,13205500
2025-12-18,63.94075012207031,65.27549043826299,63.7166742427596,64.31097407870494,35650000
2025-12-19,57.19886779785156,58.82588575346562,56.72148194419728,57.67625736801697,108652700
2025-12-22,55.747215270996094,57.55934131464141,55.6692726075439,57.47165767651306,38695900
2025-12-23,55.86412811279297,56.11743434761318,55.523138235821364,55.708246495247245,23276700
2025-12-24,58.455665588378906,59.02073880632525,57.36449420468562,57.36449420468562,36073300
2025-12-26,59.36172103881836,59.36172103881836,58.31926210105957,58.45565804184885,22303600
2025-12-29,59.634517669677734,60.16061952591558,58.95253419490768,58.98176455348374,18062100
2025-12-30,59.61503219604492,59.72220150597902,59.07918936288537,59.72220150597902,13507800
2025-12-31,62.07017135620117,62.54755719524382,60.32624316359164,60.64775109791551,35457400
2026-01-02,61.65123748779297,62.47935788607347,60.94002737381433,62.35270662662601,22284100
2026-01-05,62.86906433105469,63.68744747775536,61.758407329335284,62.09940092654573,23482500
2026-01-06,63.66796112060547,63.74590379219075,61.77789593279604,62.41116341512634,19973200
2026-01-07,61.59278106689453,63.92126424174808,61.56355070992461,63.833576887349054,18284100
2026-01-08,63.58027267456055,64.04791377539672,60.111902300266735,60.579547117613544,21573900
2026-01-09,64.22328186035156,64.82732634235958,62.74240844490857,63.43413284705153,18470400
2026-01-12,63.950496673583984,64.63247645613012,62.58652967546956,63.57053544716226,13901100
2026-01-13,64.593505859375,65.35342823345825,64.15508395915832,64.54478983723268,13685200
2026-01-14,63.882301330566406,65.4021462989491,63.36594412633497,64.58377052613457,15939100
2026-01-15,62.92751693725586,64.06740800191174,62.557300418346685,64.06740800191174,13295300
2026-01-16,62.722923278808594,62.927517205896706,62.040943521848234,62.73266797048571,15903000
2026-01-20,61.99222946166992,62.91777816976848,61.39792964752734,61.85583351413113,20406000
2026-01-21,63.72642135620117,63.736158615308575,61.972748423979425,62.23579936381269,17166400
2026-01-22,63.77513122558594,64.83707969827556,63.57053728490754,63.72642263000862,11853700
2026-01-23,63.365936279296875,63.76537942379368,62.78138116638703,63.570530197164246,11243900
2026-01-26,63.317222595214844,63.950493754687336,63.112628669789295,63.14185531156126,14765900
2026-01-27,61.46613311767578,63.16134907162966,61.26153917807255,63.08340639948871,13536700
2026-01-28,60.63801193237305,61.846093603832706,60.37496099185092,61.42716103742832,10363600
2026-01-29,60.988739013671875,61.319987912653296,59.87808203370795,60.33598590725868,12739400
2026-01-30,60.21907043457031,60.910794814547664,59.44940339495634,60.63800293884067,14309200
2026-02-02,60.57954788208008,60.959509068687254,59.576060264475394,60.072931727766935,11006300
2026-02-03,59.36172103881836,60.920537099996736,58.87459055513629,60.18984137447362,17322100
2026-02-04,62.567047119140625,62.75215910105046,59.92679679428216,60.131394443577825,20957700
2026-02-05,61.08616638183594,62.91777813060001,60.49186656806334,62.53781692940398,12506200
2026-02-06,62.27476501464844,62.586528255743445,61.37844662562803,61.38818760093869,11961500
2026-02-09,60.80363082885742,62.26502237614594,60.76465949563378,61.933773476766774,12920800
2026-02-10,61.417415618896484,62.53781727897757,60.686719853585565,61.3784442861173,13003400
2026-02-11,60.745174407958984,62.362451303555666,60.092421294540884,62.25528199442471,15511900
2026-02-12,59.527347564697266,61.10565311232175,59.28378230671321,60.72569190450837,13602400
2026-02-13,61.505104064941406,61.748669339075406,60.004741084313274,60.004741084313274,20180900
2026-02-17,63.1515998840332,63.1515998840332,61.31998810072355,61.31998810072355,12347500
2026-02-18,63.86281204223633,64.44736716038283,62.6547230406424,62.6547230406424,11211500
2026-02-19,63.9212646484375,64.14534051539786,62.59626909703367,63.5218140715633,10778300
2026-02-20,63.7166748046875,66.72713791195737,61.69995470799566,63.61925018530095,33436800
2026-02-23,61.46613311767578,63.297745031365146,60.4529006789105,62.937265747480026,17748800
2026-02-24,62.44038391113281,63.03468371566968,60.98873710263497,61.651234879838945,14296100
2026-02-25,61.768150329589844,62.5670440709322,61.63175066453432,62.245536149496175,9500800
2026-02-26,62.303993225097656,63.38541983981638,62.13836691843999,62.55729945606066,10319100
2026-02-27,60.57954788208008,61.10564970192572,59.93653578555007,61.10564970192572,18017400
2026-03-02,59.83419418334961,60.34417302651048,58.00023446705245,58.74558959981803,15335000
2026-03-03,58.245418548583984,58.95154370242014,57.49025775710461,58.29445418622719,17438600
2026-03-04,57.50987243652344,58.34349323648078,57.48045180233907,58.04927192991976,15971300
2026-03-05,56.901824951171875,57.65698577354873,56.32319542447685,57.4706451052293,22040200
2026-03-06,55.911285400390625,56.440879264509675,55.66610347157766,56.36242299270278,16323700
2026-03-09,55.44053649902344,55.61706778691351,54.32250750317256,54.665764447927394,18053100
2026-03-10,54.99921417236328,56.13685821595527,54.724607857579365,55.60726433156431,15706400
2026-03-11,54.62653350830078,56.48991388916097,54.34212157809426,56.48991388916097,20245300
2026-03-12,53.086795806884766,54.39116180955824,52.98872078412538,54.21463050977091,18611800
2026-03-13,52.93968200683594,53.81252908119355,52.7043094485176,53.292744585492805,14377100
2026-03-16,53.734073638916016,54.00867620825602,52.93968282466604,53.22409476644214,13115200
2026-03-17,54.05771255493164,54.606921441984454,53.94002627241299,54.381354508332265,9861400
2026-03-18,52.43951416015625,53.90079641734632,52.2335584886903,53.449662548762774,16861300
2026-03-19,52.41008758544922,52.59642824509463,51.57647052667333,51.880497464235255,12307700
2026-03-20,51.36071014404297,52.576814174686454,51.17437322227104,51.91972465053813,19566100
2026-03-23,51.694156646728516,52.52777744413805,51.51762535980317,52.25317114159901,15242700
2026-03-24,52.45912551879883,53.03775500261839,51.262636545875175,51.35090218717576,12073800
2026-03-25,51.958953857421875,53.17505786933713,51.54705001316016,52.72392027743897,13427100
2026-03-26,51.06649398803711,52.58662126256603,50.87034768847672,51.743194793281994,14486700
2026-03-27,50.379981994628906,51.1057221544951,50.21326007777738,50.71342956951131,13077800
2026-03-30,50.25248718261719,51.18417547108827,49.96807526198664,50.43882409207558,16869200
2026-03-31,51.80203628540039,52.08644821337734,50.69381294819385,50.92918923990769,36422800
2026-04-01,43.76987838745117,45.92748008007032,43.70122774760605,45.662683151590855,114225700
2026-04-02,43.338356018066406,43.48546667056288,42.338013308156604,42.91664280483445,63242600
2026-04-06,43.18144226074219,43.52469922292144,42.7205027555682,43.308937917619026,26999600
2026-04-07,41.86726379394531,43.02452276895079,41.54362560123591,42.857800857199116,38253000
2026-04-08,42.29878616333008,43.446235760689156,41.9359142257013,43.063752561569466,29462900
2026-04-09,43.15202331542969,43.36778462918433,41.896692925249226,42.38705682656093,24147400
2026-04-10,41.798614501953125,43.11278980027012,41.58285694691975,42.98529788994383,26094800
2026-04-13,42.08302688598633,42.15167752802254,41.27883044397983,41.41613172805225,21236700
2026-04-14,43.348167419433594,43.35797305084205,42.12225772850606,42.16148773649881,22554100
2026-04-15,44.564266204833984,45.01540379887331,43.84833541890071,44.221012999653425,31523500
2026-04-16,44.81925582885742,45.59403159574899,44.67214518004234,44.91732710061467,21766300
2026-04-17,45.14289474487305,45.87844051842373,44.897712820356155,45.48615168390426,31290400
2026-04-20,45.584224700927734,45.66268471554044,44.691762611194946,45.093860833136546,19003100
2026-04-21,45.49595642089844,46.06478027036789,45.04482258653389,45.868633986372245,22194000
2026-04-22,44.799644470214844,46.04516917697313,44.62311317374961,45.41750400784318,17985200
2026-04-23,43.91698455810547,44.868291610187335,43.387394451248646,44.70156969942371,17457500
2026-04-24,43.82872009277344,44.54465087343377,43.73064881806683,44.11313202707365,15885000
2026-04-27,44.270050048828125,44.53484699034393,43.63257925585701,43.74045616579651,14583100
2026-04-28,44.16217041015625,44.829065594926675,43.88756783096121,44.5054273753296,12426000
2026-04-29,43.53450393676758,44.28966474822825,43.29913137338055,44.05428844366177,13329700
2026-04-30,43.50508499145508,43.94641324142206,42.67146413236643,43.24028804147489,21679500
2026-05-01,43.544315338134766,44.09352050574673,43.3677840367796,43.95621921384374,11562800
2026-05-04,42.25955581665039,43.4854654147881,42.25955581665039,43.3383547665399,33272400
2026-05-05,42.23013687133789,42.46550942852742,41.82803865672472,42.21052186804221,18589700
2026-05-06,43.034332275390625,43.220669190491655,42.36743714394166,42.789150351804366,19406700
2026-05-07,43.554115295410156,43.77968220860249,43.16182273435794,43.20105273869898,17177700
2026-05-08,43.28932189941406,43.799300773796496,42.955874317747835,43.407008180831724,17357100
2026-05-11,41.57304763793945,43.22067051419458,41.57304763793945,43.22067051419458,24863800
2026-05-12,41.53382110595703,41.69073740533909,41.24941288538808,41.48478546387133,21271300
2026-05-13,41.52401351928711,41.788810463500326,40.89634835130593,41.386712231438665,21325200
2026-05-14,41.21017837524414,42.00456915853477,41.18075774144128,41.73977223077123,19146900
2026-05-15,41.0728759765625,41.9555286372067,41.03364597177498,41.190562249745895,26172600
2026-05-18,41.74958038330078,41.926111679138884,40.5530913206602,41.07287957670772,18694900
2026-05-19,41.60247039794922,42.36744060605075,41.00422959810331,41.77900169665114,22957900
2026-05-20,43.338356018066406,43.42662166132843,41.02384177253431,41.39651560748124,27060200
2026-05-21,43.53450393676758,43.87776089171121,42.32820926116556,43.044140065001905,18428100
2026-05-22,43.809104919433594,43.85814429777574,43.35797107164858,43.70122801414707,14905100
2026-05-26,44.07390213012695,44.08371150232956,43.25009070053676,43.838529573775084,18667600
2026-05-27,45.0938606262207,45.692105140769584,44.78983368276062,44.829063689886965,24251900
2026-05-28,46.45707321166992,46.73167953005613,44.68195835018458,45.08405658445701,22871300
2026-05-29,45.33904266357422,46.290349762095786,45.19193574828019,46.2020841164476,38949100
2026-06-01,45.4478874206543,45.7942120699808,44.57712344921906,45.042191213733716,26885100
2026-06-02,43.27098083496094,45.299461937798725,43.05328889111542,45.299461937798725,28345000
2026-06-03,43.35014343261719,43.52825433886432,42.706964740651905,43.191823046470375,18940500
2026-06-04,43.162132263183594,44.23079762352107,42.67727776702178,44.032896211459814,17350900
2026-06-05,42.52885055541992,43.28087516262781,42.34084629094568,42.84549130330046,18406500
2026-06-08,42.77622985839844,43.399618032955416,42.2023198716338,42.60801609880293,18192000
2026-06-09,44.18132400512695,44.804708368495156,42.81580838957916,43.063184215420506,21505800
2026-06-10,43.498565673828125,44.11206045890145,42.855390771268596,43.31056139917023,15335600
2026-06-11,45.47757339477539,45.49736391487973,43.75583966691148,44.052689919165005,16647500
2026-06-12,44.4583854675293,45.82390113668458,44.379223388317655,45.80411061688167,16524300
2026-06-15,44.72555160522461,45.60620897156203,44.61670563416616,44.88387198822173,14345100
2026-06-16,44.567230224609375,45.61610132299084,44.52764918608218,45.03229421600932,19591400
2026-06-17,43.72615051269531,45.368725878948474,43.69646662087597,44.4287007412167,20859700
2026-06-18,44.72555160522461,45.23019664644801,43.775629307241935,43.94384306276451,32320300
2026-06-22,42.73664855957031,44.438595538697186,42.68717414673294,44.1516386597224,25864500
2026-06-23,41.935150146484375,42.7366453890947,41.87577859069064,41.9450435184556,31517900
2026-06-24,41.38102722167969,41.88567601260447,40.876382205410394,41.598719153031986,34384300
2026-06-25,40.47068786621094,41.420610160833796,40.01551346388045,41.36123860192399,29228300
2026-06-26,40.322261810302734,41.03470543545436,39.5801342923217,39.6493992253608,33970700
2026-06-29,41.04459762573242,41.25239241886341,40.342051168200626,40.708166342953646,27824700
2026-06-30,40.619110107421875,41.20291721111914,40.46078972885934,40.945648011450864,73891500
2026-07-01,42.60801315307617,42.82570131075827,39.68897768395811,40.96543783777414,80185700
2026-07-02,43.627201080322266,44.56722997956886,43.142342797668995,43.646991599477055,34233400
2026-07-06,42.885074615478516,43.64699263506523,41.40081961555377,43.439197840993124,21979100
2026-07-07,42.756439208984375,43.57772880826113,42.4299050635453,43.26108803555716,17784900
2026-07-08,42.439796447753906,42.80591161629051,41.62840403388599,42.25179217734983,21101500
2026-07-09,42.33095169067383,42.60801519272716,41.687776784264194,42.241896239059486,19647000
2026-07-10,43.90426254272461,44.16153552729817,42.60801557118147,42.964233606147154,23313500
2026-07-13,43.300662994384766,44.42869993353615,43.21160754589007,44.29016630003452,13665500
2026-07-14,42.41011428833008,44.023005809665506,42.024208584834255,43.84489490425886,13090200
2026-07-15,42.3210563659668,43.122555393524955,42.03409950459536,42.54864167078208,14388200
2026-07-16,44.1021614074707,44.20111022677485,42.44969272222726,42.44969272222726,15944700
2026-07-17,43.300662994384766,44.50785823516724,43.06318431483594,44.05268762048569,15825100
2026-07-20,43.013710021972656,43.37982518915952,42.38042850857195,43.37982518915952,11926900
2026-07-21,42.509063720703125,43.10276800542147,42.30126891964681,42.608016322150746,11859000
2026-07-22,41.76693344116211,42.45958650699006,41.13365193228703,42.004415894318036,18990000
2026-07-23,40.55974197387695,41.638300723087156,40.26288796381564,41.36123723200697,18156200
2026-07-24,41.262290954589844,41.70756822246695,40.46079187241104,40.757642126110525,26175200
2026-07-27,41.697669982910156,42.152840611638105,41.14355053042593,41.707567130079184,16996900
2026-07-28,42.59811782836914,42.81580977001798,42.073682268566756,42.30126758271978,23601400
2026-07-29,42.766334533691406,43.23139852553566,41.95494211638673,42.15283975990057,15029100
2026-07-30,41.84609603881836,42.05389082876078,40.797221167507374,42.05389082876078,16977600
2026-07-31,41.27218246459961,41.63830140980528,41.054494301528116,41.57892985188273,22622400
2026-08-03,42.192420959472656,42.75643754988173,41.61851099671238,42.12315602904737,21329900
2026-08-04,41.09407043457031,41.64819363596441,40.48057945154307,40.9159595403599,27802800
2026-08-05,42.004417419433594,42.03410131166003,40.925858630890055,41.2128155045979,22088600
2026-08-06,41.559139251708984,42.19242076969489,41.41071224451921,42.07368142873643,18150300
2026-08-07,41.262290954589844,41.9252563953635,41.173235501014425,41.57893172849006,22042300
2026-08-10,41.66798400878906,41.78672334629496,40.70816461275638,41.301868849596836,21664600
2026-08-11,40.88627624511719,41.094071033171026,40.40142173965823,41.044596622870905,25538000
2026-08-12,40.08477783203125,40.81701194967387,40.02541004861131,40.599320011385814,28760300
2026-08-13,40.79722213745117,41.03470459921401,40.05509463459385,40.31236761605823,23641700
2026-08-14,40.30247116088867,40.89617543816207,40.28268064084732,40.797222837955296,23639800
2026-08-17,38.679683685302734,40.17383198958141,38.45209838198375,39.9264561675405,58659900
2026-08-18,39.639503479003906,40.21341342905558,38.81821392978268,39.23380727778712,39173300
2026-08-19,40.619110107421875,40.87638308174572,39.94624755486721,40.10456793342975,22055700
2026-08-20,39.78792953491211,40.21341628526947,39.3921304523708,40.0649930448124,16662100
2026-08-21,40.3321533203125,40.69827226335965,39.81761491997301,39.83740166450827,14707800
2026-08-24,40.322261810302734,40.90606894210071,40.25299687726363,40.56963764962974,18839100
2026-08-25,39.065589904785156,39.45149558856874,38.620312664013504,39.1051709427772,41525000
2026-08-26,38.184932708740234,39.065590046655956,38.00682181178475,38.98643174503994,38604300
2026-08-27,38.03650665283203,38.39272845563789,37.76934030072764,38.09587821151822,36573800
2026-08-28,39.184329986572266,39.34265036688477,38.155249401868815,38.303672635168006,28437400
2026-08-31,38.650001525878906,39.46139395654706,38.6203138591384,38.996326182387634,23905300
2026-09-01,38.119998931884766,38.56999969482422,37.970001220703125,38.36000061035156,22241100
2026-09-02,38.2400016784668,38.72999954223633,38.0099983215332,38.060001373291016,20727200
2026-09-03,38.77000045776367,38.93000030517578,37.95000076293945,38.52000045776367,29597500
2026-09-04,38.400001525878906,38.65999984741211,37.97999954223633,38.220001220703125,20631600
2026-09-08,38.099998474121094,38.7400016784668,37.900001525878906,38.52000045776367,31672300
2026-09-09,37.349998474121094,37.849998474121094,36.849998474121094,37.790000915527344,41088800
2026-09-10,36.619998931884766,37.15999984741211,36.54999923706055,36.959999084472656,29961000
2026-09-11,36.79999923706055,37.04999923706055,36.619998931884766,36.79999923706055,19974900
2026-09-14,37.04999923706055,37.40999984741211,36.58000183105469,36.7599983215332,30513500
2026-09-15,36.220001220703125,36.880001068115234,36.16999816894531,36.849998474121094,29693100
2026-09-16,35.779998779296875,36.5099983215332,35.7599983215332,36.380001068115234,30717000
2026-09-17,36.36000061035156,36.79999923706055,35.720001220703125,36.5,45453300
2026-09-18,35.5099983215332,36.68000030517578,35.5,36.27000045776367,52053600
2026-09-21,36.099998474121094,36.36000061035156,35.349998474121094,35.52000045776367,42128800
2026-09-22,36.099998474121094,37.040000915527344,35.939998626708984,36.95000076293945,31524800
2026-09-23,36.04999923706055,36.619998931884766,35.61000061035156,36.41999816894531,40581400
2026-09-24,35.9900016784668,36.13999938964844,35.52000045776367,36.0,39238500
2026-09-25,35.75,36.18000030517578,35.220001220703125,35.25,38246000
2026-09-28,36.38999938964844,36.66999816894531,35.40999984741211,35.459999084472656,34518600
2026-09-29,35.84000015258789,36.43000030517578,35.66999816894531,36.34000015258789,28960000
2026-09-30,35.400001525878906,35.9900016784668,35.15999984741211,35.7400016784668,38151700
2026-10-01,35.150001525878906,36.2400016784668,35.02000045776367,35.45000076293945,105143400
2026-10-02,33.779998779296875,33.88999938964844,31.969999313354492,32.553001403808594,115412105
